time_ps,amplitude
0,0.000012255341889241578
25,-0.000012506921228583065
50,0.000012767535136172429
75,-0.00001303759808215106
100,0.000013317632708797384
125.00000000000001,-0.000013608115562846897
150,0.000013909634398328773
175.00000000000003,-0.00001422273806979346
200,0.000014548090637667807
225,-0.00001488632555200923
250.00000000000003,0.000015238196660660562
275.00000000000006,-0.00001560443684071482
300,0.000015985906044293367
325,-0.00001638345457144965
350.00000000000006,0.00001679806833392157
375,-0.00001723073701180833
400,0.000017682596774609328
425.00000000000006,-0.00001815480363008305
450,0.000018648673919759958
475,-0.000019165563256861037
500.00000000000006,0.00001970700521898849
525,-0.000020274596391566485
550.0000000000001,0.000020870133822294502
575,-0.000021495506851537266
600,0.000022152834087092445
625,-0.00002284436292996906
650,0.000023572607097255013
675,-0.000024340255067796305
700.0000000000001,0.00002515030955815607
725,-0.000026006006558887153
750,0.000026910958701585876
775,-0.000027869087194020196
800,0.000028884771781706025
825,-0.00002996279881063368
850.0000000000001,0.00003110852160072202
875.0000000000001,-0.00003232782921416797
900,0.000033627322702335524
925,-0.000035014311165746544
950,0.00003649701180093447
975,-0.00003808458287608917
1000.0000000000001,0.000039787359265728024
1025,-0.000041616936642599855
1050,0.00004358646003473496
1075,-0.000045710780877459456
1100.0000000000002,0.00004800682540308937
1125,-0.00005049385797593013
1150,0.000053193971172472205
1175,-0.0000561325081654917
1200,0.00005933874138085134
1225,-0.00006284653929992381
1250,0.00006669534336264176
1275,-0.00007093122113048717
1300,0.00007560832652430625
1325,-0.00008079058270159907
1350,0.00008655394833907506
1375,-0.00009298916217277586
1400.0000000000002,0.00010020539920078076
1425.0000000000002,-0.00010833487456483967
1450,0.00011753899190682278
1475,-0.00012801634852441246
1500,0.00014001356176752142
1525,-0.00015383981934015035
1550,0.00016988697714986038
1575,-0.00018865748271369763
1600,0.00021080408813489387
1625,-0.00023718714802942406
1650,0.0002689592849498471
1675,-0.0003076932423549719
1700.0000000000002,0.00035558043152445135
1725.0000000000002,-0.00041574864356655147
1750.0000000000002,0.0004927890756128753
1775,-0.0005936675905309968
1800,0.00072938084825528
1825,-0.0009181531362187854
1850,0.001192087932626242
1875.0000000000002,-0.001612403060530561
1900,0.0023091042771113063
1924.9999999999998,-0.0036049299409697667
1950,0.006530347904196331
1975,-0.01652039097865517
2000.0000000000002,0.7202945368440568
2025,0.28984727033368773
2050,-0.1223265735147876
2075,0.12707945281676047
2100,-0.08568961225840843
2125,0.07837379724726024
2150,-0.05321256939279051
2175,0.04483336636151791
2200.0000000000005,-0.027100614972311976
2225,0.020198569283427004
2250,-0.007695982884566188
2275,0.0030942912063535166
2300,0.00519261132750104
2325,-0.007386721268615393
2350,0.012259103899223689
2375,-0.012345095638203962
2400,0.014606023060004358
2425,-0.013115047830658755
2450,0.013577166996230905
2475.0000000000005,-0.011132769245551177
2500,0.010559816595323568
2525.0000000000005,-0.007761363907719643
2550,0.00679882582390845
2575,-0.004133963758281567
2600,0.003256866113317214
2625,-0.0010501110072429487
2650,0.0005409645937232144
2675,0.001059346642451553
2700,-0.0010995745128209444
2725,0.002100397807633936
2750,-0.0017143912139069295
2775,0.0022335475057690957
2800.0000000000005,-0.001553688426171207
2825,0.001764694599185379
2850.0000000000005,-0.000956084549770253
2875,0.0010356801340410948
2900,-0.0002479456839225014
2925,0.0003364115038078097
2950,0.0003278797085055629
2975,-0.00014784799343980914
3000,0.0006451451449444034
3025,-0.00035063911595234476
3050,0.0006908199418547145
3075.0000000000005,-0.00030589344282461184
3100,0.0005346436467855709
3125.0000000000005,-0.00010918316643615533
3150,0.0002857165916854143
3175.0000000000005,0.00012677270049676892
3200,0.000050094510650966484
3225,0.000309538901435813
3250,-0.00009957335172672277
3275,0.00038896309846458976
3300,-0.00013721935604760205
3325,0.00036157147879078977
3350,-0.00007962445513798322
3375,0.00025994643996196665
3400.0000000000005,0.00002931464727062849
3425,0.00013378805841823826
3450.0000000000005,0.00013887265623491185
3475,0.000029997210635568372
3500.0000000000005,0.00020943598788081275
3525,-0.000021987101100795492
3550,0.00022302010963970442
3575,-0.000016180954860112173
3600,0.00018472493399690482
3625,0.0000327006629872173
3650,0.00011641499260828247
3675.0000000000005,0.00009819288564216766
3700,0.00004618523062704938
3725.0000000000005,0.000153159065835351
3750.0000000000005,-0.00000226835649952406
3775,0.0001790580589582369
3800,-0.000016854943029165348
3825.0000000000005,0.00017067930988101665
3849.9999999999995,0.0000007974307593139329
3875,0.00013565450132424495
3900,0.00003822101525585708
3925.0000000000005,0.00008964755563178883
3950,0.00007818338126774904
3975,0.000049702744788882036
4000.0000000000005,0.00010532911909133524
4025.0000000000005,0.000028137811183603922
4050,0.00011121841122796461
4075,0.000029004252956710275
4100,0.00009617162014907699
4125.000000000001,0.000047923259776982974
4150,0.00006787616004699792
4175,0.00007482725617780073
4200,0.00003762807803464607
4225,0.00009828955217239255
4250,0.000015884656669129527
4275,0.00010969987447129181
4300,0.000008704417884586313
4325,0.00010590580004399275
4350,0.000016216373634692083
4375,0.00008958869528941094
4400.000000000001,0.000033335199414175065
4425,0.00006757481236441265
4450,0.000052237867735116517
4475,0.000047866352081316066
4500,0.00006546806829110796
4525,0.000036700276779821905
4550,0.00006850829850912898
4575,0.00003652728721881271
4600,0.00006105812731527216
4625,0.00004559557067418396
4650,0.00004661628664248685
4675.000000000001,0.00005907029131846375
4700,0.00003081093417378611
4725,0.00007109834761476197
4750,0.000019138656273454124
4775.000000000001,0.00007702074431603645
4800,0.000015022823380062
4825,0.00007489445787722815
4850,0.000018809868475244684
4875,0.00006590198297062866
4900,0.000027978173953835395
4925,0.000053587585302494745
4950.000000000001,0.00003833807395303701
4975,0.00004234329820074212
5000,0.00004571768112515695
5025,0.00003573246354238169
5050.000000000001,0.000047450484926825354
5075,0.00003531394304490121
5100,0.00004318022244531594
5125,0.00004025237594273978
5150,0.00003478257891120773
5175,0.000047866262656848235
5200,0.000025444737146385066
5225.000000000001,0.00005477480289861614
5250,0.000018410412270353227
5275,0.00005817390221152241
5300,0.000015787311321457942
5325.000000000001,0.000056808772503913474
5350,0.000017899058880499474
5375,0.00005127353409350999
5400,0.000023323057592339325
5425.000000000001,0.00004363975900678607
5450,0.000029565595812464096
5475,0.00003656454590827973
5500,0.00003405862364225243
5525,0.00003228118310982797
5550,0.00003510098789594185
5575,0.000031818615066292466
5600.000000000001,0.00003239604871163593
5625,0.0000347403758985676
5650,0.000027046190303803286
5675,0.000039405285004345814
5700.000000000001,0.000021040358588519936
5725,0.00004368604400206699
5750,0.000016437280869530113
5775,0.000045773564050000104
5800,0.000014632159799021771
5825,0.000044807848882277845
5850,0.0000158841668752574
5875.000000000001,0.0000411247817606597
5900,0.000019320112716436633
5925,0.000036029586337638086
5950,0.000023337116206723074
5975.000000000001,0.00003125529673775329
6000,0.000026245289451831688
6025,0.000028286927637788395
6050,0.00002689314311810076
6075.000000000001,0.0000278440291767712
6100,0.00002504607053921415
6125,0.00002966946278137872
6150.000000000001,0.00002140627754043667
6175,0.00003269911729353314
6200,0.000017287376440688895
6225,0.00003550083165937412
6250.000000000001,0.000014090455966453419
6275,0.00003684395626701864
6300,0.000012771683952306212
6325,0.000036117507997146525
6350.000000000001,0.000013544636397466725
6375,0.00003351809315799148
6400,0.000015832302994733816
6425.000000000001,0.000029927349664116143
6450,0.00001854701566894601
6475,0.000026529980995282365
6500,0.000020517372324335703
6525.000000000001,0.00002436949499762253
6550,0.000020928007218090627
6575,0.000023962602580085424
6600,0.00001959498890891087
6625.000000000001,0.000025153198334959548
6650,0.000016990609959743885
6675,0.000027206811143654086
6700,0.000014029212132005142
6725,0.00002912262627030593
6750,0.000011700556036720045
6775,0.0000300160499765445
6800.000000000001,0.000010698885898774435
6825,0.000029444051784066616
6850,0.000011185474796948647
6875,0.000027528210409966114
6900.000000000001,0.000012771306615921851
6925,0.00002488617642049107
6950,0.000014676886355591279
6975,0.00002237160496820767
7000.000000000001,0.000016061091572483477
7025,0.000020736987972558296
7050,0.000016324234086928513
7075.000000000001,0.000020372951112457294
7100,0.00001532141260485176
7125,0.000021174480540953056
7150,0.000013385124745801669
7175.000000000001,0.000022617264575974794
7200,0.000011175675247665495
7225,0.000023971420378798847
7250,0.00000942006074811097
7275.000000000001,0.00002458495473667277
7300,0.000008634728423162485
7325,0.000024120386388881698
7350.000000000001,0.000008950049900979806
7375,0.000022661676743807035
7400,0.000010083042287778454
7425,0.000020655663127477908
7450.000000000001,0.000011467169728107685
7475.000000000001,0.000018734911071849325
7500.000000000001,0.000012468655992692312
7525,0.000017466733976512216
7550,0.000012640401283126046
7575,0.00001714362002691594
7600,0.000011863421553015563
7625,0.000017700430421041524
7650.000000000001,0.00001038123526941881
7675.000000000001,0.00001874473242391428
7699.999999999999,0.00000868731041681059
7725,0.000019732339535671883
7750,0.000007328252080274211
7775,0.000020165381319103837
7800,0.000006700972386419757
7825.000000000001,0.000019784627823371537
7850.000000000001,0.0000069093879708770345
7875.000000000001,0.000018645569803688034
7900,0.000007745023089200664
7925,0.00001708704169933739
7950,0.000008777603336063144
7975,0.000015585214141689008
8000.000000000001,0.00000952651130503579
8025.000000000001,0.000014581648798750457
8050.000000000001,0.000009642765946726861
8074.999999999999,0.000014302739664517894
8100,0.000009030300713863681
8125,0.000014697976031596838
8150,0.000007871609874698926
8175,0.000015478793772172317
8200,0.00000654507951991512
8225,0.000016218577454818472
8250.000000000002,0.000005473714993042833
8275,0.000016536565667357728
8300,0.0000049664591719178475
8325,0.00001622304085580062
8350,0.000005110393264451396
8375,0.000015320032489385405
8400,0.000005745179774141462
8425.000000000002,0.000014086135970203806
8450,0.000006539144725925539
8475,0.000012894344187608375
8500,0.000007115567793758437
8525,0.00001208642725569753
8550,0.000007198794809037956
8575,0.000011847966572720026
8600,0.0000067107373945551885
8625.000000000002,0.000012142578410645477
8650,0.000005793666558062682
8675,0.000012742020911504781
8700,0.0000047387750576888266
8725,0.000013316418119302398
8750,0.000003883005908922321
8775,0.000013557915867212778
8800.000000000002,0.0000034724434218036393
8825,0.000013303281143683954
8850,0.0000035777584118656947
8875,0.000012578597588186469
8900,0.000004076571776034932
8925,0.000011590163006225396
8950,0.000004703723574861485
8975.000000000002,0.0000106316711583343
9000,0.000005161642463669125
9025,0.000009978163634460913
9050,0.000005228668171541884
9075,0.000009779092981943016
9100,0.000004839474176066005
9125,0.000010008297314789694
9150,0.0000041043824738906665
9175.000000000002,0.000010483891768942044
9200,0.0000032587829122965317
9225,0.000010942094257782031
9250,0.0000025690282756674065
9275,0.000011136785906473712
9300,0.0000022380550910305885
9325,0.0000109303467954458
9350.000000000002,0.0000023233369309538787
9375,0.000010347270191335411
9400,0.0000027271013982588244
9425,0.000009547737012449709
9450,0.0000032383141289615835
9475,0.000008772815355828634
9500,0.0000036138089248849425
9525.000000000002,0.000008242340998720898
9550.000000000002,0.000003674703923484124
9575,0.00000808009687702782
9600,0.000003365107547503854
9625,0.000008267378674986503
9650,0.0000027739954295835645
9675,0.000008656930997719137
9700,0.0000020909592404194655
9725.000000000002,0.000009034127002705006
9750,0.000001534835652905464
9775,0.000009198542678112709
9800,0.000001269052464891729
9825,0.000009036753358282468
9850,0.0000013457643557313048
9875,0.000008564876671446342
9900.000000000002,0.000001683102372695977
9925,0.000007917014166691771
9950,0.000002110304758162762
9975,0.00000728624782120324
10000,0.0000024292860346664114
10025,0.000006856577420721877
10050,0.0000024895280028580657
10075,0.000006728213877704725
10100.000000000002,0.000002246790178572766
10125,0.000006888761289847167
10150,0.0000017699522907310694
10175,0.000007217911476287142
10200,0.000001217125405017505
10225,0.000007538096170267572
10250,0.0000007672641670897207
10275.000000000002,0.00000768394871408784
10300,0.0000005575621472297954
10325,0.0000075609190760550504
10350,0.0000006303899614534814
10375,0.000007180525553818207
10400,0.0000009218795824494919
10425,0.000006652694229947187
10450.000000000002,0.0000012881016697718906
10475.000000000002,0.0000061394566848171905
10500,0.000001566346282788622
10525,0.000005790376973235922
10550,0.0000016310800564633965
10575,0.000005693706324749748
10600,0.000001442340813562204
10625,0.000005837127606378445
10650.000000000002,0.000001059136538694716
10675,0.000006123138197255962
10700,0.000000609986561594944
10725,0.00000640295886789044
10750,0.00000024734854098262815
10775,0.000006537393736238961
10800,0.00000008418952834876592
10825.000000000002,0.000006447765072525868
10850.000000000002,0.00000015808490572144507
10875,0.000006141978797336023
10900,0.00000041587245902530157
10925,0.00000571193516540891
10950,0.0000007381595475974834
10975,0.000005292707496384885
11000,0.0000009860318092025366
11025.000000000002,0.000005011591900583312
11050,0.0000010560849159624297
11075,0.0000049408977231824025
11100,0.0000009124303437246795
11125,0.000005074866338050654
11150,0.0000006036397490749579
11175,0.000005328127675285899
11200.000000000002,0.000000239581404715139
11225,0.000005577993500760492
11250,-0.00000005331192254320882
11275,0.000005705226843066846
11300,-0.00000017684877540169452
11325,0.0000056429267873969735
11350,-0.00000010103892800206182
11375.000000000002,0.000005398332670547568
11400.000000000002,0.00000013135010223930266
11425,0.000005046875179548493
11450,0.00000041874619682857883
11475,0.0000047043572434235514
11500,0.0000006440546942432235
11525,0.000004478246860228907
11550,0.000000717970099373133
11575.000000000002,0.000004430795507937013
11600,0.0000006113181154621117
11625,0.000004556460729832068
11650,0.0000003630542285693039
11675,0.0000047856868892193205
11700,0.00000006703801058716152
11725,0.000005010629545609824
11750.000000000002,-0.00000016825268844833374
11775.000000000002,0.000005132669902430109
11800,-0.0000002609570374234593
11825,0.00000509270117032834
11850,-0.00000018232526000083737
11875,0.000004897136219872422
11900,0.000000028741071855797884
11925,0.0000046099701235258195
11950.000000000002,0.00000028827919873464225
11975,0.000004328771892159189
12000,0.000000494684808782786
12025,0.000004147297637424607
12050,0.0000005719164181128278
12075,0.000004118041250777971
12100,0.0000004941273400449475
12125.000000000002,0.000004237143002239208
12150.000000000002,0.00000029497946529843944
12175,0.000004445200557978701
12200,0.00000005352099063937743
12225,0.000004650809032225034
12250,-0.00000013633603701546093
12275,0.000004766801206979032
12300.000000000002,-0.00000020383019516678758
12325.000000000002,0.0000047451096565342965
12350,-0.00000012545918237627518
12375,0.000004588128803661995
12400,0.00000006841187238926238
12425,0.000004352111263483671
12450,0.00000030311694165785497
12475,0.000004120377646521511
12500.000000000002,0.0000004935771111824749
12525,0.000003973376346166901
12550,0.0000005717985033237838
12575,0.000003958341828647072
12600,0.0000005163237934979747
12625,0.000004070583394688576
12650,0.00000035537685161290966
12675.000000000002,0.0000042601500422900784
12700.000000000002,0.0000001570594284627802
12725,0.0000044477493249539535
12750,0.0000000024598252323926317
12775,0.000004558410115373945
12800,-0.00000004614729964824704
12825,0.00000454877106603746
12850.000000000002,0.00000003109196056172436
12875.000000000002,0.00000442265887068416
12900,0.00000020802225675353725
12925,0.000004226123524131431
12950,0.00000042171033687310455
12975,0.000004033258492963654
13000,0.0000005958976295739049
13025,0.000003913317064396793
13050.000000000002,0.0000006735816198144562
13075.000000000002,0.000003907364207744735
13100,0.0000006337515701115848
13125,0.000004013034421102013
13150,0.0000005024370940409639
13175,0.000004184631120729421
13200,0.0000003375089998591818
13225.000000000002,0.000004355479966244857
13250.000000000002,0.00000021015313089733922
13275,0.00000445883715294304
13300,0.00000017458943257775417
13325,0.000004457283129477574
13350,0.0000002489037117525683
13375,0.000004353450268501646
13400,0.00000040968868342261544
13425.000000000002,0.00000418835123316974
13450,0.000000602647247882615
13475,0.000004024793789247916
13500,0.0000007616491057849117
13525,0.0000039254490294959865
13550,0.0000008351317350996368
13575,0.00000392500198753698
13600.000000000002,0.0000008065131474888076
13625.000000000002,0.000004021695917733048
13650,0.0000006964025938138718
13675,0.000004176681010714667
13700,0.000000557464480133163
13725,0.000004330167034827248
13750,0.0000004503041198811175
13775.000000000002,0.00000442544152112756
13800.000000000002,0.00000042301955316403905
13825,0.000004427745995627674
13850,0.0000004921147442882301
13875,0.000004340367427135838
13900,0.0000006367228929660129
13925,0.0000041986004489791284
13950,0.0000008096283852232489
13975.000000000002,0.000004057904247845023
14000.000000000002,0.0000009526227259248898
14025,0.000003972467257140622
14050,0.0000010210983596437018
14075,0.000003974972870968152
14100,0.0000009984085295178247
14125,0.000004061017089052044
14150.000000000002,0.0000009043063946556629
14175.000000000002,0.0000041989418443355575
14200,0.0000007837150400868964
14225,0.000004335748977624121
14250,0.0000006911875862769534
14275,0.000004420792329762335
14300,0.0000006681191794255525
14325,0.0000044246452184371066
14350.000000000002,0.0000007298988112802718
14375.000000000002,0.0000043479854979766586
14400,0.0000008585758142221067
14425,0.0000042235418650227174
14450,0.0000010117232860373804
14475,0.000004099217635111785
14500,0.0000011388902495523823
14525.000000000002,0.000004023115834916879
14550.000000000002,0.000001199508156246587
14575,0.000004023873419800594
14600,0.0000011796270840136458
14625,0.000004099747845098811
14650,0.0000010963185439472056
14675,0.000004220548411426606
14700.000000000002,0.000000989408077911591
14725.000000000002,0.000004340886231468666
14750,0.0000009059417941381653
14775,0.000004415283866632258
14800,0.0000008845031544968407
14825,0.000004417254097610623
14850,0.0000009374722292898596
14875,0.000004348060939185494
14900.000000000002,0.0000010502044687221712
14925,0.000004235175011024772
14950.000000000002,0.0000011845914966723825
14975,0.000004122671749096085
15000.000000000002,0.0000012951930904447906
15025,0.0000040521484548916575
15050,0.0000013477359486202545
15075.000000000002,0.0000040505521068379124
15100,0.0000013281576436430242
15125.000000000002,0.000004115021539075059
15150,0.0000012515539978830148
15175.000000000002,0.00000421967120545208
15200,0.0000011536681766566304
15224.999999999998,0.000004323299988451268
15250,0.0000010765325332284803
15275,0.000004386673749023906
15300.000000000002,0.0000010537203423144348
15325,0.000004384930565204392
15350.000000000002,0.0000010978867271971282
15375,0.00000431957781954484
15399.999999999998,0.0000011946090017200817
15425,0.000004215289049480653
15450,0.0000013110318346498673
15475.000000000002,0.0000041106365666898625
15500,0.0000014062745108400776
15525.000000000002,0.000004044047626883263
15550,0.0000014489606036116598
15575.000000000002,0.000004037317747562774
15600,0.0000014276957961412151
15625,0.000004090469947759523
15650.000000000002,0.0000013549920235833568
15675,0.000004179162683803916
15700.000000000002,0.0000012632716810401234
15725,0.000004267038191341221
15750.000000000002,0.000001189772991905258
15775,0.000004318783235257584
15800,0.0000011647049137364363
15825.000000000002,0.000004312635699998957
15850,0.0000011990632476921448
15875.000000000002,0.00000424900238704673
15900,0.0000012810182887790234
15925.000000000002,0.000004150401212599242
15950,0.0000013797818771976722
15975,0.00000405161284433575
16000.000000000002,0.0000014604804451368025
16025,0.000003986264766830949
16050.000000000002,0.0000014935651981851095
16075,0.000003974882497814747
16100.000000000002,0.0000014694849481688976
16125,0.0000040162946279842515
16149.999999999998,0.0000013993190620675833
16175,0.0000040903797315916535
16200,0.0000013113744600223853
16225.000000000002,0.000004163464988660159
16250,0.0000012400738355067276
16275.000000000002,0.000004204208427394107
16300,0.0000012117016363610844
16324.999999999998,0.000004193165873855875
16350,0.0000012368250393857139
16375,0.000004130346666131324
16400,0.0000013045482530893437
16425,0.000004035785334588482
16450,0.0000013879510908365589
16475,0.000003940992072015703
16500.000000000004,0.0000014543886286411123
16525,0.000003876028561333733
16550,0.0000014789260376346647
16575,0.000003859294089858523
16600,0.0000014514736390580651
16625,0.000003890576819043368
16650,0.000001382723660681151
16675.000000000004,0.0000039507584663756035
16700,0.0000012976910134243624
16725,0.000004011001919157486
16750,0.000001227252386715172
16775,0.000004041541627031187
16800,0.000001195945839693735
16825,0.000004025669499307938
16850.000000000004,0.0000012123058101831674
16875,0.000003963072922497091
16900,0.0000012676057681293429
16925,0.0000038716836990859704
16950,0.0000013370972947734927
16975,0.0000037799632149893014
17000,0.000001391455248023199
17025.000000000004,0.000003715190709741023
17050,0.0000014077342297413864
17075,0.000003693865487819359
17100,0.0000013776168962253976
17125,0.0000037159024678379282
17150,0.0000013095823238051807
17175,0.0000037645957188248147
17200,0.000001227089610478238
17225,0.00000381291807449724
17250.000000000004,0.0000011576205661834038
17275,0.000003835192311285596
17300,0.000001123510994349708
17325,0.000003814733537388371
17350,0.0000011329193406739435
17375,0.000003752624858410769
17400,0.000001177102492921911
17425.000000000004,0.0000036641800743586472
17450,0.0000012347245866850542
17475,0.000003575348989648397
17500,0.00000127852276510243
17525,0.0000035111417981958937
17550,0.0000012880581526930612
17575,0.0000034862356242948422
17600.000000000004,0.0000012555131865266134
17625,0.000003500654818466842
17650,0.0000011889434727851977
17675,0.000003539425243004324
17700,0.0000011088188225372164
17725,0.00000357816670648603
17750,0.000001040914825445327
17775.000000000004,0.000003592971622112806
17800,0.0000010048773538828826
17825,0.000003569688135529603
17850,0.000001008522822476543
17875,0.0000035081497268274475
17900,0.000001043961649793701
17925,0.000003423320023787646
17950.000000000004,0.00000109130539693858
17975,0.0000033377074265539264
18000,0.0000011268927622154479
18025,0.0000032745560455405
18050,0.0000011310201012415533
18075,0.0000032473477910022197
18100,0.0000010973545133685647
18125.000000000004,0.000003255745627983586
18150,0.000001032660744471059
18175.000000000004,0.0000032865839462159485
18200,0.0000009558347279225998
18225,0.0000033176510859656005
18250,0.0000008898165292370308
18275,0.0000033270883509350924
18300,0.0000008532158921603639
18325,0.0000033018632702441764
18350.000000000004,0.0000008524935898313046
18375,0.000003242263624581021
18400,0.0000008809979513690891
18425,0.00000316107367281937
18450,0.0000009206326918587138
18475,0.000003079679370299182
18500,0.0000009495631946299099
18525.000000000004,0.0000030182551677970793
18550,0.00000095047565706885
18575,0.0000029899885495288103
18600,0.0000009164792593718829
18625,0.0000029943657398057155
18650,0.0000008547068269804114
18675,0.000003019175022322962
18700.000000000004,0.0000007814468063749302
18725,0.000003044387911099733
18750,0.0000007181823760138428
18775,0.00000305011942347555
18800,0.0000006818102483707733
18825,0.000003024347323243859
18850,0.0000006785635771056064
18875.000000000004,0.0000029672434066485565
18900,0.0000007019004971686726
18925,0.000002890719660531005
18950,0.0000007358879902108484
18975,0.000002813680051505507
19000,0.0000007602609810586358
19025,0.0000027554041680533103
19050.000000000004,0.0000007591176813814826
19075,0.0000027271026739050797
19100.000000000004,0.0000007263904266974208
19125,0.0000027292951536583843
19150,0.000000667960769140663
19175,0.0000027501377850569497
19200,0.0000005996342531400245
19225,0.0000027716312681613786
19250,0.0000005402196358028633
19275.000000000004,0.0000027756698769421106
19300,0.0000005056950078685674
19325,0.0000027507008012461753
19350,0.0000005015458026669251
19375,0.0000026973036536537265
19400,0.0000005219424777935799
19425,0.0000026261070469324466
19450.000000000004,0.0000005520858015195529
19475,0.0000025546167400358755
19500,0.0000005738077607508885
19525,0.000002500150133255552
19550,0.0000005721573341777031
19575,0.0000024736313031237245
19600,0.0000005416417162562581
19625.000000000004,0.0000024747820137616117
19650,0.0000004877540021874793
19675,0.000002493576016893151
19700,0.00000042469148697765746
19725,0.0000025128659968398637
19750,0.00000037030245947367035
19775,0.0000025163622521251483
19800.000000000004,0.00000033831781642845726
19825,0.0000024935462770159234
19850,0.0000003346435957229943
19875,0.000002444471125961911
19900,0.00000035348839744209215
19925,0.0000023794203019011917
19950,0.0000003814657337786187
19975.000000000004,0.0000023140153172507283
20000,0.0000004018569003116923
20025.000000000004,0.0000022643285743084718
20050,0.00000040106410792439817
20075,0.0000022403806410054017
20100,0.00000037377362238633083
20125,0.0000022420680834134288
20150,0.0000003249952352790686
20175,0.0000022598010034347027
20200.000000000004,0.0000002680305258850879
20225,0.000002278522327370247
20250,0.00000021887712442492102
20275,0.000002282565909839107
20300,0.00000019067653034277043
20325,0.0000022628145789349574
20350,0.00000018818168412426672
20375.000000000004,0.000002218942954268499
20400,0.0000002069497067047621
20425,0.0000021602270928733347
20450,0.0000002340219751317818
20475,0.000002101487255212753
20500,0.0000002543679803457266
20525,0.000002056998269939214
20550.000000000004,0.00000025533910263941806
20575,0.0000020363357984276576
20600,0.00000023194150744476616
20625,0.0000020394396850198504
20650,0.0000001888891376644608
20675,0.0000020575805708134
20700,0.0000001382778921366068
20725.000000000004,0.0000020765027746172393
20750,0.00000009489168162346573
20775.000000000004,0.0000020822941337872436
20800,0.0000000707215684903062
20825,0.0000020659956623259035
20850,0.00000007054424844277207
20875,0.0000020277232476439977
20900.000000000004,0.00000008978540289028558
20925,0.0000019756005633642104
20950.000000000004,0.00000011722227877264402
20975,0.000001923425514860355
21000,0.00000013809663590436116
21025,0.000001884538617269449
21050,0.00000014147870275316166
21075,0.0000018677351211193738
21100,0.00000012258753701033243
21125.000000000004,0.0000018730555869650445
21150,0.00000008520865746319828
21175,0.0000018921296762730577
21200,0.00000004103221062923268
21225,0.0000019121439388536388
21250,0.0000000034888686384348944
21275,0.0000019199834272454197
21300.000000000004,-0.00000001622790524180573
21325,0.0000019076596430300796
21350,-0.000000013829997258518745
21375,0.0000018748338084240146
21400,0.000000006798359430959522
21425,0.0000018294230414994672
21450,0.00000003481555344020393
21475.000000000004,0.0000017837860616376489
21500,0.000000057219464499880246
21525,0.0000017506652045806703
21550,0.00000006304702693249453
21575,0.0000017377614281999243
21600,0.00000004842358358736476
21625,0.0000017452678349183515
21650.000000000004,0.000000016825087767458058
21675,0.0000017658855433477783
21700.000000000004,-0.000000021163912178323585
21725,0.0000017871655337842185
21750,-0.000000052888790791350004
21775,0.0000017973670707327472
21800,-0.00000006822396503292083
21825.000000000004,0.0000017888746026706315
21850,-0.00000006304637878429276
21875.000000000004,0.0000017614917393604657
21900,-0.00000004099046124750316
21925,0.0000017222955680518126
21950,-0.000000011987574932703637
21975,0.0000016830133978684714
22000,0.000000011750208028793452
22025,0.000001655219772134231
22050.000000000004,0.000000020339807393909837
22075,0.000001646185245007814
22100,0.00000000973090164002599
22125,0.000001656044654851918
22150,-0.000000016333982721938867
22175,0.000001677959258983286
22200,-0.000000048587882273132266
22225.000000000004,0.0000017007746447861294
22250,-0.00000007500343923716457
22275,0.0000017130944989229846
22300,-0.00000008623001845897704
22325,0.0000017082810837010243
22350,-0.00000007853774908195277
22375,0.0000016858377310802197
22400.000000000004,-0.0000000551103630508365
22425,0.0000016524125258099431
22450,-0.00000002521555053647262
22475,0.0000016188001028538679
22500,-0.00000000018419310521267107
22525,0.0000015958455648057424
22550,0.000000010729025001765535
22575.000000000004,0.0000015902178558402369
22600,0.000000003950070048830412
22625.000000000004,0.000001602178120840847
22650,-0.000000017387623785225514
22675,0.0000016253191414961066
22700,-0.0000000443454386545028
22725,0.000001649300915396168
22750.000000000004,-0.00000006616066872133786
22775,0.0000016637036475142253
22800.000000000004,-0.0000000737471856915306
22825,0.0000016619311025145578
22850,-0.0000000637660619862146
22875,0.0000016441141552636651
22900,-0.00000003957467553661331
22925,0.000001614799219229468
22950,-0.000000009585974458659052
22975.000000000004,0.0000015857094080029555
23000,0.00000001592732234989569
23025,0.00000156646622007095
23050,0.00000002838999679788401
23075,0.0000015633996430786112
23100,0.000000024344525062502953
23125,0.000001576624344412636
23150.000000000004,0.000000006789137030338566
23175,0.0000016003120570928786
23200,-0.000000016178655970477962
23225,0.0000016247397376378814
23250,-0.000000034307286345125476
23275,0.0000016402294606976398
23300,-0.000000039406187868351594
23325.000000000004,0.0000016406510308097921
23350,-0.000000028071562185871812
23375,0.0000016257661004104307
23400,-0.0000000033096105855889846
23425,0.0000016013016916893719
23450,0.000000027125379276071726
23475,0.0000015764021870090517
23500.000000000004,0.000000053313609749139346
23525,0.000001560696587743493
23550.000000000004,0.0000000671251449979593
23575,0.0000015598904123947932
23600,0.00000006554880171982802
23625,0.000001574196882847545
23650,0.00000005123971313913955
23675.000000000004,0.0000015981772965023566
23700,0.00000003183130825590297
23725.000000000004,0.0000016228368497905876
23750,0.00000001676451444332372
23775,0.0000016390848185388052
23800,0.000000013846704005615607
23825,0.0000016412334020721175
23850,0.000000026092776828079423
23875,0.0000016290558650933207
23900.000000000004,0.00000005092019184083085
23925,0.0000016078029032584595
23950,0.00000008087246761157019
23975,0.0000015861805799932682
24000,0.00000010688011320425517
24025,0.0000015728770592637886
24050,0.0000001213366458419074
24075.000000000004,0.000001573534267329535
24100,0.00000012128313375825428
24125,0.0000015881582806631656
24150,0.00000010937494177021279
24175,0.0000016117793566472471
24200,0.00000009253833965772174
24225,0.000001636018656547833
24250.000000000004,0.0000000797037096322839
24275,0.000001652363606385876
24300.000000000004,0.00000007808454660640507
24325,0.000001655480501350226
24350,0.00000009061878269989165
24375,0.0000016451497686365002
24400,0.00000011478567407685603
24425.000000000004,0.0000016262680373468896
24450,0.00000014378100887668666
24475.000000000004,0.0000016069280184272117
24500,0.00000016897897192613698
24525,0.0000015953255483314166
24550,0.00000018342011420813265
24575,0.0000015965853212840386
24600.000000000004,0.00000018421654490730077
24625,0.0000016109832108313071
24650.000000000004,0.00000017380301620129046
24675,0.00000163366179850577
24700,0.00000015877606940328803
24725,0.0000016569330485438627
24750,0.000000147315330156772
24775,0.000001672795625129453
24800,0.00000014633806832975438
24825.000000000004,0.0000016762157577510095
24850,0.00000015851222001650456
24875,0.0000016669970714922044
24900,0.00000018156181846862296
24925,0.000001649695952732344
24950,0.00000020906365016948314
24975,0.0000016318952387184282
25000.000000000004,0.00000023303101448490793
25025,0.00000162124509350825
25050,0.00000024685028532367426
25075,0.00000162260576641593
25100,0.00000024789336050545785
25125,0.0000016361769925588021
25150,0.00000023833270690332142
25175.000000000004,0.0000016575707384447469
25200,0.00000022438061542118248
25225.000000000004,0.0000016793949686455534
25250,0.0000002137561989634662
25275,0.0000016943218874576615
25300,0.00000021282889783869052
25325,0.000001697534647959742
25350.000000000004,0.00000022425000700820874
25375,0.000001688847409697658
25400.000000000004,0.00000024579371538102635
25425,0.0000016725575902043488
25450,0.00000027151743609010737
25475,0.0000016557299047370577
25500,0.00000029389590516792907
25525.000000000004,0.0000016455662590342257
25550,0.00000030677057294425936
25575.000000000004,0.0000016466134196146953
25600,0.00000030761590652517157
25625,0.0000016591087361739199
25650,0.0000002985071545502649
25675,0.0000016789089085644804
25700.000000000004,0.00000028521600747843934
25725,0.0000016991591935688888
25750.000000000004,0.00000027503408994711265
25775,0.000001712873315629082
25800,0.0000002739288089692593
25825,0.0000017156616556324167
25850,0.00000028435342613875036
25875,0.0000017072446418797682
25900,0.0000003043360439214382
25925.000000000004,0.0000016916824765456084
25950,0.00000032821615825184836
25975,0.0000016756142326990187
26000,0.0000003490151636587058
26025,0.0000016657712347267761
26050,0.00000036090711419412003
26075,0.0000016664728348381175
26100.000000000004,0.0000003615430088643734
26125,0.0000016779402247646402
26150.000000000004,0.0000003528351790738071
26175,0.0000016963249107604383
26200,0.0000003402307402478044
26225,0.0000017151829621031567
26250,0.00000033056089798755295
26275.000000000004,0.0000017279880051290775
26300,0.00000032947270556249464
26325.000000000004,0.0000017305793760247212
26350,0.00000033927571219116714
26375,0.000001722757486666282
26400,0.0000003581441607725111
26425,0.0000017082677010726854
26450.000000000004,0.00000038083477371664287
26475,0.0000016934098305831924
26500.000000000004,0.00000040075039642317734
26525,0.0000016845301042955896
26550,0.00000041249103022167333
26575,0.0000016857215179300056
26600,0.0000004138314027013479
26625.000000000004,0.0000016972693706041042
26650,0.0000004066278536107859
26675.000000000004,0.0000017156030982512505
26700,0.0000003960426731008937
26725,0.0000017347541176881975
26750,0.00000038859399453805565
26775,0.0000017486742200922833
26800,0.0000003897204299274648
26825,0.0000017536032967946369
26850.000000000004,0.0000004017986690030284
26875,0.00000174956945953042
26900,0.00000042343303929825993
26925,0.0000017405085468436
26950,0.00000045027071871039936
26975,0.0000017331574404533256
27000,0.0000004774189859002576
27025.000000000004,0.0000017356563761783406
27050,0.000000504699579906287
27075.000000000004,0.0000017707156461099771
27100,0.0000005082049672200384
27125,0.0000017293861784839493
27150,0.0000004603207188758063
27175,0.0000017160672542981814
27200.000000000004,0.0000004206885577673347
27225,0.00000170826407619451
27250.000000000004,0.00000038766388854583056
27275,0.000001697662208366424
27300,0.0000003645090587145461
27325,0.000001679531897114117
27350,0.00000035254970298659316
27375.000000000004,0.000001653152956082593
27400,0.00000034974692764144777
27425.000000000004,0.0000016215305436162453
27450,0.00000035119983388121057
27475,0.0000015900247143374457
27500,0.00000035083951388514834
27525,0.0000015641669746102593
27550.000000000004,0.0000003436734634654215
27575,0.00000154749160996559
27600.000000000004,0.00000032756989654103563
27625,0.0000015401899715605794
27650,0.0000003040136000720395
27675,0.0000015390129468606517
27700,0.00000027744633057658064
27725,0.0000015385895886232959
27750,0.0000002534889143035457
27775.000000000004,0.0000015334131409083795
27800,0.00000023685638850245994
27825.000000000004,0.0000015199336191873414
27850,0.0000002294687597714784
27875,0.0000014979128795111762
27900,0.00000022980432978769727
27925,0.0000014704091642059325
27950.000000000004,0.0000002334790982772006
27975,0.0000014426209447027105
28000.000000000004,0.0000002349541867729954
28025,0.0000014198375213325676
28050,0.00000022963749168880554
28075,0.000001405465039017173
28100,0.000000215613742637899
28125.000000000004,0.0000013997058854187117
28150,0.00000019434105991145145
28175.000000000004,0.0000013995660974597257
28200,0.0000001700553295957974
28225,0.0000013999592298752361
28250,0.00000014812699600241785
28275,0.0000013957540914155686
28300.000000000004,0.00000013297813605817055
28325,0.0000013836000885003585
28350.000000000004,0.00000012652168734916813
28375,0.0000013632587294587495
28400,0.000000127287286266764
28425,0.000001337681306390337
28450,0.0000001311673123449708
28475.000000000004,0.0000013117502655202173
28500,0.00000013293525458202282
28525.000000000004,0.000001290508548912328
28550,0.00000012825423389983825
28575,0.0000012771627559970966
28600,0.000000115320389237894
28625,0.0000012719506625735733
28650,0.00000009550293222915229
28675,0.0000012720282935863025
28700.000000000004,0.0000000728092117707746
28725,0.0000012726341289681642
28750.000000000004,0.00000005231367028457612
28775,0.0000012688698576290847
28800,0.00000003823448224693493
28825,0.0000012576206751546692
28850,0.00000003232821477183734
28875.000000000004,0.0000012386223930960227
28900,0.00000003331084874602652
28925.000000000004,0.0000012146470256269026
28950,0.00000003721480346108308
28975,0.0000011903822967340716
29000,0.0000000391600560867289
29025,0.0000011705053790667108
29050.000000000004,0.000000035033428824604584
29075,0.0000011581284538042524
29100.000000000004,0.00000002311511981822889
29125,0.00000115343822582048
29150,0.00000000470666017271526
29175,0.0000011537992474774939
29200,-0.000000016427182281120167
29225.000000000004,0.0000011546775924298203
29250,-0.00000003546645022112216
29275.000000000004,0.000001151473541627368
29300,-0.000000048430348398298406
29325,0.00000114119344352126
29350,-0.00000005362774091466349
29375,0.0000011236356214361365
29400.000000000004,-0.00000005231368516156465
29425,0.0000011013636107559677
29450.000000000004,-0.00000004813788856417034
29475,0.0000010788195965449887
29500,-0.00000004584023649556457
29525,0.0000010604843561079491
29550,-0.000000049201062335413326
29575,0.000001049200679892337
29600,-0.00000005991408613681415
29625.000000000004,0.0000010452789767079196
29650,-0.00000007676622182373194
29675.000000000004,0.000001046145997829484
29700,-0.00000009616755325403403
29725,0.000001047575673540635
29750,-0.00000011359256313347998
29775,0.0000010451591365701063
29800.000000000004,-0.0000001252236823123809
29825.000000000004,0.0000010360921818275415
29850,-0.00000012948702510229282
29875,0.0000010201446298818695
29900.000000000004,-0.00000012753032185841562
29925,0.0000009997746845957778
29950,-0.00000012284490158442907
29975.000000000004,0.0000009791263675396067
30000.000000000004,-0.00000011984460712710643
30025,0.0000009624971719635056
30050,-0.00000012223687262391536
30075.000000000004,0.000000952597824177559
30100,-0.00000013149615329943742
30125,0.0000009496480792847706
30150.000000000004,-0.0000001465951162682444
30175.000000000004,0.0000009513618148826453
30200,-0.00000016410314707115958
30225,0.0000009535873259913785
30250.000000000004,-0.00000017968674947965724
30274.999999999996,0.0000009522419182061981
30300,-0.00000018979096494398107
30325.000000000004,0.0000009445910917893485
30350.000000000004,-0.00000019284521091122997
30375,0.0000009304629640105588
30400,-0.00000019000210182973376
30425.000000000004,0.0000009121480646356872
30449.999999999996,-0.00000018450620675736218
30475,0.0000008935983908386902
30500,-0.00000018059035933326584
30525.000000000004,0.0000008788549095140041
30550,-0.00000018172554017148457
30575,0.000000870544311748489
30600.000000000004,-0.00000018941018753437788
30624.999999999996,0.0000008688536841106043
30650,-0.0000002025333558641762
30675,0.0000008715788089030951
30700.000000000004,-0.00000021799774918562775
30725,0.0000008749035227406665
30750,-0.00000023158654016697255
30775.000000000004,0.000000874775549553064
30799.999999999996,-0.00000023992777675729826
30825,0.0000008687690631337119
30850,-0.0000002416039373009937
30875.000000000004,0.0000008566020945899311
30900,-0.00000023761034473324116
30925,0.0000008405095694996589
30950.000000000004,-0.00000023111008840004388
30975.000000000004,0.0000008242056495078032
31000,-0.0000002260171485524154
31025,0.0000008115409422249087
31050.000000000004,-0.00000022570695867862867
31075,0.0000008050198987419321
31100,-0.00000023153508155182578
31125.000000000004,0.0000008048451713982274
31150.000000000004,-0.00000024251112740181213
31175,0.0000008089482719242369
31200,-0.0000002555354940980692
31225.000000000004,0.0000008137055311774333
31250,-0.00000026670145558682634
31275,0.0000008159073230373792
31300.000000000004,-0.000000272766766729049
31325.000000000004,0.0000008108108233706446
31350,-0.0000002736453317275789
31375,0.0000008001802476176323
31400.000000000004,-0.00000026904231953395197
31425,0.0000007857674590994179
31450,-0.0000002619485353072548
31475.000000000004,0.0000007711961051981575
31500.000000000004,-0.00000025622603061492555
31525,0.000000760045382852681
31550,-0.0000002549717561528553
31575.000000000004,0.000000754713967099363
31600,-0.0000002596237851371086
31625,0.0000007553958858430576
31650.000000000004,-0.00000026916993189907146
31675.000000000004,0.0000007600694196252533
31700,-0.00000028079017977411524
31725,0.0000007652989719719727
31750.000000000004,-0.00000029076973051544996
31775,0.0000007675059707779042
31800,-0.00000029603526008337155
31825.000000000004,0.0000007643545982816136
31850.000000000004,-0.000000295230136115876
31875,0.000000755661704099353
31900,-0.00000028939164087304903
31925.000000000004,0.0000007434486397617235
31950,-0.0000002812104864524656
31975,0.0000007309165110935822
32000.000000000004,-0.0000002742884641637744
32025.000000000004,0.0000007216798352249754
32050,-0.00000027171991101582194
32075,0.0000007179263361578592
32100.000000000004,-0.00000027471744012963484
32124.999999999996,0.0000007199013580816427
32150,-0.00000028247430394756634
32175.000000000004,0.0000007256573524294652
32200.000000000004,-0.0000002921871928851516
32225,0.0000007319266164262928
32250,-0.00000030037955700557006
32275.000000000004,0.0000007353335436111053
32299.999999999996,-0.00000030409867290970283
32325,0.0000007336194507434612
32350,-0.00000030208475365611775
32375.000000000004,0.00000072661915995198
32400,-0.0000002952304156700336
32425,0.0000007161949393541533
32450.000000000004,-0.0000002862225076949443
32474.999999999996,0.0000007055356321394868
32500,-0.00000027838808791535996
32525,0.0000006978651521105661
32550.000000000004,-0.0000002746882055149058
32575,0.0000006955093916349853
32600,-0.00000027640191224698185
32625.000000000004,0.000000698527039322272
32649.999999999996,-0.00000028255910522467786
32675,0.0000007051592534335072
32700,-0.0000002906840403937849
32725.000000000004,0.0000007122561493932977
32750,-0.00000029732317363695415
32775,0.0000007165787687668512
32800,-0.00000029979132509794226
32825.00000000001,0.0000007160500465897002
32850,-0.0000002967862822167433
32875,0.000000710434697070994
32900,-0.0000002892193740056115
32925,0.0000007015440290913943
32950,-0.0000002795760265517089
32975,0.0000006923804112268783
33000.00000000001,-0.0000002711537103738948
33025,0.0000006860869261604563
33050,-0.00000026659200691447893
33075,0.0000006847264233389438
33100,-0.00000026731398827806174
33125,0.0000006884849661492609
33150,-0.00000027232187682635356
33175.00000000001,0.0000006956777356403876
33200,-0.0000002790431106181046
33225,0.0000007033059377103967
33250,-0.00000028456814615829273
33275,0.0000007082683959325209
33300,-0.0000002860323042863655
33325,0.0000007085645385984662
33350.00000000001,-0.0000002824333820150571
33375,0.0000007040210985298501
33400,-0.0000002744328315706923
33425,0.0000006962661516229929
33450,-0.0000002645259349343121
33475,0.0000006882454941514737
33500,-0.00000025576777051838917
33525.00000000001,0.0000006828909251410664
33550,-0.00000025078552701174317
33575,0.0000006822222711200254
33600,-0.0000002507238654470001
33625,0.0000006864241848258956
33650,-0.0000002548650013256548
33675,0.0000006938629526498374
33700.00000000001,-0.00000026075842152195605
33725,0.0000007015956242639731
33750,-0.0000002654422557313296
33775,0.0000007068704765966771
33800,-0.00000026643482819999065
33825,0.0000007076437802400193
33850,-0.00000026249820228585463
33875.00000000001,0.0000007037399492038077
33900,-0.00000025449640239649796
33925,0.0000006967646188904553
33950,-0.00000024460914183066507
33975,0.0000006894252875255802
34000,-0.00000023589979214477808
34025,0.0000006846703517471298
34050.00000000001,-0.00000023077358779488577
34075,0.0000006843140603063347
34100,-0.00000023041570718085325
34125,0.0000006885500678510681
34150,-0.00000023410491611919326
34175,0.0000006958465785800172
34200,-0.0000002395337090899119
34225.00000000001,0.0000007034639164515966
34250,-0.0000002438277224570129
34275,0.000000708602299948069
34300,-0.00000024461464231961827
34325,0.0000007095166836279532
34350,-0.00000024081731098135606
34375,0.0000007058539177595691
34400,-0.0000002330244395221115
34425,0.0000006992095082924976
34450,-0.00000022359834406238122
34475,0.000000692224672471653
34500.00000000001,-0.000000215219881027906
34525,0.0000006876029801095029
34550,-0.00000021040794151439002
34575,0.0000006872088418319322
34600,-0.0000002101133420584489
34625,0.0000006911343752857846
34650,-0.00000021370918634744385
34675.00000000001,0.0000006979789572980621
34700,-0.0000002190383607825197
34725,0.0000007050765504779122
34750,-0.00000022331629323524282
34775,0.0000007098066427957406
34800,-0.0000002242577998856632
34825,0.0000007103963510779465
34850.00000000001,-0.0000002208695921712689
34875,0.0000007066850471471042
34900,-0.00000021373642522526382
34925,0.0000006999868540358278
34950,-0.00000020496618979848336
34975,0.00000069300273941586
35000,-0.00000019735714928970083
35025.00000000001,0.0000006882514362871461
35050,-0.00000019308324095135276
35075,0.0000006874257649780446
35100,-0.0000001932286188832677
35125,0.0000006907866065830603
35150,-0.0000001970480951740683
35175,0.0000006968167602927622
35200.00000000001,-0.0000002025713667919149
35225,0.0000007031644173594032
35250,-0.00000020714693227397163
35275,0.0000007071772085698314
35300,-0.00000020851928184129065
35325,0.0000007072644885308677
35350,-0.0000002057828594193012
35375.00000000001,0.0000007032174260679369
35400,-0.00000019945244500441106
35425,0.0000006963641703272572
35450,-0.00000019157208108744328
35475,0.0000006892507951050675
35500,-0.0000001847012491840161
35525,0.0000006840205879488082
35550.00000000001,-0.00000018139757318458294
35575,0.0000006824855462994606
35600,-0.0000001822028965481337
35625,0.0000006848463436348595
35650,-0.00000018667695966811948
35675,0.0000006898275539679588
35700,-0.0000001927468142870481
35725.00000000001,0.0000006949972501946178
35750,-0.00000019799980832679864
35775,0.0000006980123661293192
35800,-0.00000020024262581408436
35825,0.0000006971436263825126
35850,-0.0000001985406581361815
35875,0.0000006923110329459803
35900.00000000001,-0.00000019351770585984696
35925,0.0000006847394207198931
35950,-0.00000018700261472659463
35975,0.0000006767534812546216
36000,-0.0000001815533714477624
36025,0.0000006707688693374791
36050,-0.00000017924081952003235
36075.00000000001,0.0000006683992594957999
36100,-0.00000018095105391857658
36125,0.0000006696892949076272
36150,-0.0000001860670069131487
36175,0.0000006734940676267342
36200,-0.0000001928868211820145
36225,0.0000006775365044564552
36250.00000000001,-0.0000001988339946024098
36275,0.0000006794179658875521
36300,-0.00000020198558958739454
36325,0.0000006776501115801636
36350.00000000001,-0.00000020134226774715103
36375,0.0000006719732217330687
36400,-0.00000019750054214284773
36425,0.0000006637406324561113
36450,-0.0000001923021646366152
36475,0.0000006550579887409924
36500,-0.00000018805843304825487
36525.00000000001,0.0000006482995706935668
36550,-0.00000018686828062719485
36575,0.0000006449628371374416
36600,-0.00000018952958913409645
36625,0.0000006451886882530289
36650,-0.00000019548940333180553
36675,0.0000006477407996641205
36700.00000000001,-0.0000002030136230235513
36725,0.000000650568522386763
36750,-0.00000020983854631673182
36775,0.0000006513298331789485
36800,-0.0000002138420041042366
36825,0.0000006485239973930135
36850,-0.0000002143030295442827
36875.00000000001,0.0000006420717368893492
36900,-0.00000021166764097024782
36925,0.0000006330554509492714
36950,-0.0000002077512488707356
36975,0.0000006237217140547813
37000,-0.0000002047743552502368
37025,0.0000006161463874665429
37050.00000000001,-0.00000020464320282798099
37075,0.0000006118836384239046
37100,-0.0000002082636707534391
37125,0.0000006110200445608172
37150,-0.00000021500988922618092
37175,0.0000006124070428548123
37200,-0.0000002232588589556883
37225.00000000001,0.0000006140190333958628
37250,-0.00000023082032085675053
37275,0.0000006137098380598616
37300,-0.00000023575465024627817
37325,0.0000006099776859169737
37350,-0.00000023716551433849986
37375,0.0000006027255239349216
37400.00000000001,-0.00000023573023444356522
37425,0.0000005931309094986403
37450,-0.00000023297082418771708
37475,0.0000005831112290799467
37500,-0.00000023113304425947945
37525,0.0000005748842477615312
37550,-0.00000023200332832651327
37575.00000000001,0.0000005697287051020794
37600,-0.00000023640105761835173
37625,0.0000005679189685192654
37650,-0.00000024387685848559215
37675,0.0000005682538761764278
37700,-0.00000025271914561031394
37725,0.0000005688323136965323
37750.00000000001,-0.0000002609239224682369
37775,0.0000005675952543526819
37800,-0.0000002665900398213239
37825,0.0000005631169688324889
37850,-0.00000026891279913954236
37875,0.0000005552253961038645
37900,-0.00000026840132782979254
37925.00000000001,0.0000005451164359904226
37950,-0.00000026670185371280297
37975,0.000000534654968964432
38000,-0.0000002657518352044974
38025.00000000001,0.0000005258126540841346
38050,-0.00000026743206493762273
38075,0.0000005200456070220127
38100.00000000001,-0.00000027247693146215113
38125,0.0000005174129782403725
38150,-0.0000002804284400248491
38175,0.0000005169555030715145
38200.00000000001,-0.0000002897837698689898
38225,0.0000005166894965213942
38250,-0.0000002983786033805558
38275,0.0000005147468955524204
38300,-0.00000030460494082618084
38325,0.0000005097042992119327
38350,-0.00000030755673074978063
38375.00000000001,0.0000005014150659121697
38400,-0.0000003077781367544219
38425,0.0000004909750599413343
38450,-0.00000030680023299645143
38475,0.0000004802526361036286
38500,-0.0000003065900242571473
38525,0.00000047110509071579543
38550.00000000001,-0.000000308778403956822
38575,0.0000004648760942860264
38600,-0.00000031426984370419575
38625,0.00000046178915646954977
38650,-0.00000032249667714090435
38675,0.00000046072314519030044
38700,-0.00000033201306925967344
38725.00000000001,0.0000004599645766489857
38750,-0.0000003408462065923601
38775,0.000000457507263185164
38800,-0.00000034729142672773605
38825,0.0000004521580825311844
38850,-0.00000035066651871140664
38875,0.0000004437314784500046
38900.00000000001,-0.0000003513134987365163
38925,0.00000043323241305515126
38950,-0.00000035082183202916895
38975,0.0000004225107175237497
39000,-0.0000003510268484774315
39025,0.00000041331838529501397
39050,-0.0000003535382726571612
39075.00000000001,0.00000040696383241112244
39100,-0.00000035912544982252825
39125,0.0000004035684499914538
39150,-0.00000036745081088973564
39175,0.0000004022635617939585
39200,-0.0000003768129563930245
39225,0.0000004012054990454317
39250.00000000001,-0.00000038555945947038595
39275,0.0000003986067613759303
39300,-0.00000039201124191201586
39325,0.0000003932016436891672
39350,-0.0000003954404970141212
39375,0.00000038492193588091084
39400,-0.0000003963189527667055
39425.00000000001,0.0000003746729160258866
39450,-0.0000003959578513956785
39475,0.0000003641964851919255
39500,-0.000000396289066451061
39525,0.00000035527930930534524
39550,-0.00000039877063362503407
39575,0.0000003491242579478637
39600.00000000001,-0.0000004040640333435874
39625,0.00000034590004771573035
39650,-0.0000004119547305503346
39675,0.0000003447203216211392
39700,-0.0000004209224475637541
39725,0.0000003437017375151896
39750,-0.00000042928454435653407
39775.00000000001,0.0000003411852689261252
39800,-0.0000004354803315731459
39825,0.0000003360843159327942
39850,-0.00000043875889788047573
39875.00000000001,0.00000032814913408785173
39900,-0.0000004395273502932895
39925,0.0000003183942103301973
39950.00000000001,-0.0000004391395429514944
39975,0.00000030837836861863366
40000,-0.0000004393011323600149
40025,0.00000029987105709672335
40050.00000000001,-0.00000044158263468041525
40075,0.0000002940691712360888
40100,-0.0000004465882801341081
40125,0.00000029098192566578973
40150,-0.00000045411902260816817
40175,0.00000028988522293715846
40200,-0.0000004626532772444847
40225.00000000001,0.0000002891017620854086
40250,-0.00000047051060692027136
40275,0.00000028691265185898374
40300,-0.00000047618784759784205
40325,0.0000002822467359830938
40350,-0.0000004790990613123824
40375,0.00000027495319887549385
40400.00000000001,-0.0000004795143999647422
40425,0.00000026583043366557035
40450,-0.0000004787853109533557
40475,0.00000025654821733667177
40500,-0.0000004785990077582625
40525,0.0000002486935801737644
40550,-0.0000004803826312294035
40575.00000000001,0.00000024345237936707065
40600,-0.000000484874876249819
40625,0.0000002409393256019854
40650,-0.0000004916027325219119
40675,0.0000002402892520514399
40700,-0.0000004994007758440944
40725,0.00000024000063247875403
40750.00000000001,-0.0000005064916495101102
40775,0.00000023834606266426306
40800,-0.0000005114772168024473
40825,0.00000023433479512391386
40850,-0.0000005137631142737575
40875,0.0000002277980477582986
40900,-0.0000005136763439050895
40925.00000000001,0.0000002195652051284469
40950,-0.0000005124202748785223
40975,0.00000021111640702287104
41000,-0.0000005116730823484517
41025,0.00000020416334733930341
41050,-0.0000005128585638392025
41075,0.00000019963412345447296
41100.00000000001,-0.0000005165763803383072
41125,0.0000001978101114019637
41150,-0.0000005224950312410215
41175,0.00000019777123805297947
41200,-0.0000005293247613558094
41225,0.00000019806757456386492
41250,-0.0000005355600822820605
41275.00000000001,0.00000019713448562441727
41300,-0.0000005397178475252673
41325,0.0000001938803306789083
41350,-0.0000005412673547144919
41375,0.00000018825748160367084
41400,-0.0000005405466976249329
41425,0.00000018098379950259869
41450.00000000001,-0.0000005386802068851892
41475,0.00000017353639170103463
41500,-0.0000005372728171249008
41525,0.00000016746684550206226
41550.00000000001,-0.0000005377236313997003
41575,0.00000016384853340767336
41600,-0.0000005405979035533193
41625.00000000001,0.00000016272890790425265
41650,-0.0000005455490919015205
41675,0.0000001634057515964571
41700,-0.0000005514436485221097
41725.00000000001,0.00000016438205219238
41750,-0.0000005566815164392835
41775,0.00000016419679105261764
41800.00000000001,-0.0000005600292856122735
41825,0.00000016182299389377874
41850,-0.0000005607738104984605
41875,0.0000001570965466601848
41900.00000000001,-0.0000005593522351965419
41925,0.00000015085649041068905
41950,-0.0000005568228740315817
41975,0.000000144386009814923
42000,-0.0000005547177903686418
42025,0.0000001392552431145333
42050,-0.0000005543965730936407
42075.00000000001,0.00000013647513696923852
42100,-0.0000005564209943909049
42125,0.00000013615483762663416
42150,-0.000000560441628216779
42175,0.00000013749529670370464
42200,-0.0000005653603323274581
42225,0.00000013920504859932237
42250.00000000001,-0.0000005697143106164759
42275,0.00000013975536750088224
42300,-0.0000005721688449700224
42325,0.0000001382060181853717
42350,-0.0000005722129738927606
42375,0.00000013439100787770997
42400,-0.0000005700555145704556
42425.00000000001,0.00000012905604518387293
42450,-0.0000005669104596872643
42475,0.00000012357786505212687
42500,-0.0000005641446398918504
42525,0.0000001193173648772472
42550,-0.0000005630931547706552
42575,0.00000011735629557030336
42600.00000000001,-0.0000005643433975688339
42625,0.00000011774477548520679
42650,-0.0000005675127421334025
42675,0.00000011974952052185017
42700,-0.0000005715515354332013
42725,0.0000001220574721294554
42750,-0.0000005750568961016
42775.00000000001,0.00000012330480791966636
42800,-0.000000576766189253064
42825,0.00000012246248459746312
42850,-0.0000005760883097227776
42875,0.0000001194561722872578
42900,-0.0000005733799137708218
42925,0.00000011496141039124552
42950.00000000001,-0.0000005696507359154168
42975,0.00000011029644420013085
43000,-0.0000005663813598122402
43025,0.00000010686793516789805
43050,-0.000000564712997919159
43075,0.00000010555017437852143
43100,-0.0000005652819523582764
43125.00000000001,0.00000010655928206482201
43150,-0.0000005677425030103933
43175,0.00000010906571712432367
43200,-0.0000005710164721062227
43225,0.00000011187691972835978
43250,-0.0000005738127288879014
43275,0.00000011362706220374719
43300.00000000001,-0.0000005748986504627851
43325,0.00000011339796457399132
43350,-0.0000005737000965400085
43375,0.00000011101269770108502
43400.00000000001,-0.00000057052570490157
43425,0.00000010722704169019437
43450,-0.0000005664398605720322
43475.00000000001,0.00000010324118315807596
43500,-0.0000005627428751875385
43525,0.00000010041275122496529
43550,-0.0000005606786523948415
43575.00000000001,0.0000000996356137594745
43600,-0.0000005607037447674657
43625,0.00000010101302416742897
43650.00000000001,-0.000000562618138744142
43675,0.00000010391520666175325
43700,-0.0000005653314123499342
43725,0.00000010703685937585306
43750.00000000001,-0.0000005675816445727122
43775,0.00000010929080662691604
43800,-0.0000005679923336110448
43825.00000000001,0.00000010962794649849172
43850,-0.0000005663350315376903
43875,0.00000010786874726775864
43900,-0.0000005627621986192821
43925.00000000001,0.00000010464948330124457
43950,-0.0000005583733193592622
43975,0.00000010124426896851446
44000,-0.0000005544241492572155
44025,0.00000009887320651102982
44050,-0.000000552016709232106
44075,0.00000009845885129422527
44100.00000000001,-0.000000551725523489921
44125,0.00000010011130324727446
44150,-0.0000005532122471230139
44175,0.00000010317767173972925
44200,-0.0000005555888380470719
44225,0.00000010649462289791245
44250,-0.0000005574967905097594
44275.00000000001,0.00000010877390099750528
44300,-0.0000005578632800151695
44325,0.00000010920391768642901
44350,-0.0000005561829916622685
44375,0.00000010756181034743406
44400,-0.000000552645382567718
44425,0.00000010454380805491326
44450.00000000001,-0.0000005483019414054269
44475,0.0000001013295263252445
44500,-0.0000005443748769540235
44525,0.00000009914007992328777
44550,-0.0000005419661428529565
44575,0.00000009879319207151127
44600,-0.0000005415737691638611
44625.00000000001,0.00000010045254228430167
44650,-0.0000005429798950462583
44675,0.00000010347263668109008
44700,-0.0000005451960687352653
44725,0.00000010670114325428415
44750,-0.0000005470426303055831
44775,0.000000108938033482886
44800.00000000001,-0.0000005473786348630938
44825,0.00000010930023375266273
44850,-0.0000005457558485133518
44875,0.00000010772608138864825
44900,-0.0000005423911897395328
44925,0.00000010474795697490435
44950,-0.0000005382163119627137
44975.00000000001,0.0000001015831376793841
45000,-0.0000005345111628862753
45025,0.00000009938474954118703
45050,-0.0000005322652212313983
45075.00000000001,0.00000009895002661686192
45100,-0.0000005319921694280083
45125,0.00000010041337450417132
45150.00000000001,-0.0000005334693302661009
45175,0.00000010318755117033618
45200,-0.0000005357657635318702
45225,0.00000010616824375198064
45250.00000000001,-0.0000005376719234284622
45275,0.00000010813497364203783
45300,-0.0000005382012489008048
45325.00000000001,0.00000010831527985644129
45350,-0.0000005368051063658896
45375,0.00000010655414395266405
45400,-0.0000005337866002541602
45425.00000000001,0.00000010349350199057028
45450,-0.0000005299967060778954
45475,0.00000010016118023870035
45500.00000000001,-0.0000005266366771561337
45525,0.00000009778410769989421
45550,-0.000000524749280028658
45575,0.00000009707718229279294
45600.00000000001,-0.0000005247383527695604
45625,0.0000000981866077331972
45650,-0.0000005264465199328328
45675.00000000001,0.00000010055992150093118
45700,-0.0000005289742892600202
45725,0.00000010310164255677989
45750,-0.0000005311677118147173
45775.00000000001,0.00000010466591016111693
45800,-0.0000005319981100093685
45825,0.00000010448413201302742
45850,-0.0000005310314106221625
45875,0.00000010244044634788452
45900,-0.000000528467110960662
45925,0.0000000990810380407936
45950.00000000001,-0.0000005252020232049404
45975,0.00000009549720325630062
46000,-0.0000005223341907889534
46025,0.00000009274485135435384
46050,-0.0000005208871076689547
46075,0.00000009167698244993971
46100,-0.0000005212913030128163
46125.00000000001,0.00000009230285780148506
46150,-0.0000005233799635906422
46175,0.0000000941096962581156
46200,-0.0000005262948759021668
46225,0.00000009614148877012951
46250,-0.0000005288597868524647
46275,0.00000009718650972878606
46300.00000000001,-0.000000530142410193335
46325,0.00000009654501065270438
46350,-0.0000005296712839442108
46375,0.00000009407770451552722
46400,-0.0000005276971348777693
46425,0.00000009034908088345617
46450,-0.000000525011684127108
46475.00000000001,0.00000008634732195922368
46500,-0.0000005227522203998802
46525,0.00000008319150812674536
46550,-0.0000005218464742551276
46575,0.00000008158353126397344
46600,-0.0000005227766664006595
46625,0.00000008169443477257232
46650.00000000001,-0.0000005253064929711115
46675,0.00000008292413711252777
46700,-0.0000005286258177861214
46725,0.00000008433899822968272
46750,-0.000000531677933235386
46775,0.00000008481552127292957
46800,-0.0000005334465340567363
46825.00000000001,0.00000008362627146318857
46850,-0.0000005335491075619814
46875,0.00000008068610268807674
46900,-0.0000005321885583331465
46925.00000000001,0.0000000765114633871633
46950,-0.0000005301593524187354
46975,0.0000000720771640150275
47000.00000000001,-0.0000005285176740699171
47025,0.00000006844135280736907
47050,-0.0000005282142188089978
47075,0.00000006632372340220627
47100.00000000001,-0.0000005296786074193705
47125,0.0000000658311449797111
47150,-0.0000005326971368457833
47175.00000000001,0.00000006646988959246869
47200,-0.0000005364827224685342
47225,0.00000006723337553360409
47250,-0.0000005399836517927525
47275.00000000001,0.00000006712932587582543
47300,-0.0000005422963436085837
47325,0.00000006540371000340883
47350.00000000001,-0.0000005429489848829405
47375,0.00000006197438295885149
47400,-0.0000005422223832152184
47425,0.00000005736903307962393
47450.00000000001,-0.0000005408308232368597
47475,0.00000005249441437094049
47500,-0.0000005398173277271212
47525.00000000001,0.000000048393346663289094
47550,-0.0000005400870113358991
47575,0.00000004575612155832687
47600,-0.0000005420746134188192
47625.00000000001,0.000000044709094204620214
47650,-0.0000005455611964411133
47675,0.00000004472476633488043
47700,-0.0000005497997965786539
47725,0.000000044897523476805645
47750,-0.0000005537688692047738
47775,0.000000044192132175879806
47800.00000000001,-0.0000005565812202235065
47825,0.000000041958765795158115
47850,-0.0000005578345294576792
47875,0.0000000380394480359314
47900,-0.0000005576959085651367
47925,0.000000032955687512270515
47950,-0.0000005570808596644383
47975.00000000001,0.000000027919309308899187
48000,-0.0000005559281011091599
48025,0.00000002386657982356155
48050,-0.0000005563686638065946
48075,0.000000021136719707826046
48100,-0.000000558480408363593
48125,0.000000019884914381762542
48150.00000000001,-0.00000056211197141387
48175,0.000000019654756044928945
48200,-0.0000005664741533628614
48225,0.00000001954238260104546
48250,-0.0000005705952423884497
48275,0.00000001860751175364328
48300,-0.0000005735942636420077
48325.00000000001,0.000000016164879657054598
48350,-0.0000005750650289293446
48375,0.000000012131130100456744
48400,-0.0000005751950009624807
48425,0.000000006964512744289664
48450,-0.0000005746932660866122
48475,0.0000000015825616372922013
48500.00000000001,-0.000000574543179032716
48525,-0.0000000030859783617387393
48550,-0.0000005755563410314579
48575,-0.000000006367456784062142
48600.00000000001,-0.0000005781861387443854
48625,-0.000000008122375438901486
48650,-0.0000005822084581108555
48675.00000000001,-0.000000008862743428039721
48700,-0.000000586912965561126
48725,-0.000000009438127612781955
48750,-0.0000005913516061273327
48775.00000000001,-0.000000010796435523374726
48800,-0.0000005946882164487022
48825,-0.000000013573196344651706
48850.00000000001,-0.0000005965200720048358
48875,-0.000000017893185377815257
48900,-0.0000005970319345571795
48925,-0.00000002327417036873669
48950.00000000001,-0.0000005969219594170738
48975,-0.00000002887362993142517
49000,-0.0000005971211689548284
49025.00000000001,-0.00000003374332568917282
49050,-0.000000598460750067531
49075,-0.000000037262691598982656
49100,-0.000000601316284098985
49125.00000000001,-0.000000039301578214079314
49150,-0.0000006055356278622526
49175,-0.00000004032084599536745
49200.00000000001,-0.0000006103895229259138
49225,-0.00000004118951335563281
49250,-0.0000006149751488049304
49275,-0.00000004278430765225494
49300.00000000001,-0.0000006184854994817357
49325,-0.000000045749973143216494
49350,-0.0000006205239644341276
49375.00000000001,-0.00000005018740267814792
49400,-0.0000006212679517503261
49425,-0.000000055652758401691926
49450,-0.0000006213912122632337
49475.00000000001,-0.0000000613049397912846
49500,-0.0000006218056078921563
49525,-0.00000006625379000979592
49550,-0.0000006233022815660405
49575,-0.00000006986704370604002
49600,-0.0000006262694141057068
49625,-0.00000007204598095889025
49650.00000000001,-0.0000006305203110734681
49675,-0.0000000732210085896412
49700,-0.000000635404914017812
49725,-0.00000007422029923986884
49750,-0.000000640000789475792
49775,-0.0000000759285017082334
49800,-0.000000643551054668734
49825.00000000001,-0.00000007893197717656619
49850,-0.0000006456657068998339
49875,-0.00000008336604584435747
49900,-0.0000006465070627736935
49925,-0.00000008878114932109327
49950,-0.0000006467359074946444
49975,-0.00000009437510328780263
50000.00000000001,-0.0000006472284046488141
50025,-0.0000000992696012058758
50050,-0.0000006487631316609566
50075,-0.0000001028680802761528
50100,-0.0000006517059540911418
50125,-0.00000010505643577296553
50150,-0.0000006558941267886809
50175.00000000001,-0.00000010626646274047857
50200,-0.0000006606757969596089
50225,-0.00000010728740229559719
50250,-0.0000006651922290767942
50275,-0.00000010897886482119645
50300,-0.0000006686628890584245
50325,-0.00000011193238136364414
50350.00000000001,-0.0000006707475890266323
50375,-0.00000011625205420529028
50400,-0.0000006715831812886819
50425,-0.00000012152914186103203
50450.00000000001,-0.0000006718078553458184
50475,-0.00000012696542661672083
50500,-0.0000006722864394070882
50525.00000000001,-0.00000013172203483513556
50550,-0.0000006737626141450903
50575,-0.0000001352105805096926
50600,-0.0000006766037334848818
50625.00000000001,-0.00000013732848302971945
50650,-0.000000680642801897946
50675,-0.00000013848617030909338
50700.00000000001,-0.0000006852618761321594
50725,-0.00000013945618282384942
50750,-0.0000006896129989275579
50775,-0.0000001410694874248719
50800.00000000001,-0.0000006929601275018626
50825,-0.00000014390516245299523
50850,-0.0000006949398783095972
50875.00000000001,-0.00000014806687875790203
50900,-0.000000695718888499286
50925,-0.00000015314885470907313
50950,-0.000000695899294411717
50975.00000000001,-0.00000015839907363535133
51000,-0.000000696323054993897
51025,-0.0000001629825303606225
51050.00000000001,-0.0000006977208855118988
51075,-0.00000016634478505750394
51100,-0.0000007004400530696842
51125,-0.00000016837698679772473
51150.00000000001,-0.0000007043317982180497
51175,-0.00000016948380743286862
51200,-0.0000007087900086855115
51225.00000000001,-0.00000017041050281996206
51250,-0.0000007130020154288985
51275,-0.00000017197067769814112
51300,-0.0000007162475164079751
51325.00000000001,-0.00000017472710744925735
51350,-0.0000007181823078461491
51375,-0.00000017878515867764122
51400.00000000001,-0.0000007189601349821828
51425,-0.00000018375552257587913
51450,-0.0000007191816380203164
51475,-0.00000018890684616579279
51500.00000000001,-0.0000007196544975496266
51525,-0.0000001934467213082769
51550,-0.0000007210996382234214
51575,-0.00000019682624841088625
51600,-0.000000723863787799317
51625,-0.00000019895715652751278
51650,-0.0000007278070284222338
51675.00000000001,-0.00000020023179603256835
51700,-0.0000007323586301843932
51725,-0.00000020138946310588324
51750,-0.0000007367369088129294
51775,-0.00000020323453053805451
51800,-0.0000007402638395603844
51825,-0.00000020633387132207304
51850.00000000001,-0.0000007426258394893637
51875,-0.00000021082676671113632
51900,-0.0000007440103817479837
51925,-0.00000021637475100533266
51950,-0.0000007450572088174567
51975,-0.00000022235134333747908
52000,-0.0000007466466920291737
52025.00000000001,-0.0000002281131332715347
52050,-0.0000007496879841362158
52075,-0.0000002334511008950102
52100,-0.0000007550047531612591
52125.00000000001,-0.0000002394349734036183
52150,-0.0000007669783583796885
52175,-0.0000002406386867548349
52200.00000000001,-0.0000007579094463139313
52225,-0.00000023130238635538092
52250,-0.0000007544251281466074
52275,-0.00000022558228618407838
52300.00000000001,-0.0000007513109807621987
52325,-0.0000002220240724604139
52350,-0.0000007476241656867444
52375.00000000001,-0.0000002202793232264355
52400,-0.0000007432221236225445
52425,-0.00000021979257480708725
52450,-0.0000007385445990326645
52475.00000000001,-0.0000002197554003213753
52500,-0.0000007342704950730194
52525,-0.00000021935359240110586
52550.00000000001,-0.0000007310302190255413
52575,-0.00000021800502070234984
52600,-0.0000007291220380789554
52625,-0.00000021558022678114241
52650.00000000001,-0.000000728388460657925
52675,-0.0000002124054327978797
52700,-0.0000007282701419697446
52725.00000000001,-0.0000002091482371735509
52750,-0.0000007280009979293567
52775,-0.00000020653049315200178
52800,-0.0000007269227353390306
52825.00000000001,-0.00000020505006537163695
52850,-0.0000007246976729824439
52875,-0.00000020480747586759662
52900.00000000001,-0.0000007214531216881426
52925,-0.00000020543317824639473
52950,-0.0000007177274903291675
52975,-0.00000020625375163341175
53000.00000000001,-0.0000007142500428880538
53025,-0.00000020653211474375155
53050,-0.0000007116705087462094
53075.00000000001,-0.00000020575830061986267
53100,-0.0000007103012349407578
53125,-0.00000020383160359571662
53150,-0.000000710007840298843
53175.00000000001,-0.00000020110294918218585
53200,-0.00000071024961956212
53225,-0.00000019823194530310673
53250.00000000001,-0.0000007103023038634859
53275,-0.0000001959402775586483
53300,-0.0000007095133325307756
53325,-0.00000019472841028544963
53350.00000000001,-0.0000007075796339961471
53375,-0.00000019468509071529638
53400,-0.0000007046195116267029
53425,-0.0000001954797497205618
53450,-0.0000007011591627303915
53475,-0.0000001964421634248481
53500,-0.0000006979245852356541
53525.00000000001,-0.00000019686618157876978
53550,-0.0000006955430478239322
53575,-0.00000019625241676202165
53600,-0.0000006943305197459892
53625,-0.00000019450606569826334
53650,-0.0000006941524968162582
53675,-0.00000019196819467381943
53700.00000000001,-0.0000006944950734499855
53725,-0.00000018928348932689687
53750,-0.0000006946457351553192
53775,-0.00000018715380423195427
53800,-0.0000006939821708407123
53825,-0.00000018607030805029012
53850,-0.0000006921922421909699
53875.00000000001,-0.00000018612690988462077
53900,-0.0000006894109489952172
53925,-0.00000018698763915026007
53950,-0.0000006861360122289994
53975.00000000001,-0.00000018802791901251226
54000,-0.0000006830745142849537
54025,-0.00000018853427641296605
54050.00000000001,-0.0000006808570960359361
54075,-0.00000018804029022767565
54100,-0.0000006797664409141646
54125,-0.00000018644612764795454
54150.00000000001,-0.0000006796933806896277
54175,-0.0000001840843935063674
54200,-0.0000006801247613985595
54225.00000000001,-0.00000018158296266612695
54250,-0.0000006803817809153401
54275,-0.0000001796228130679367
54300,-0.000000679847270923517
54325.00000000001,-0.00000017868582324886972
54350,-0.0000006782286001705273
54375,-0.00000017886270220479616
54400.00000000001,-0.0000006756424231202374
54425,-0.0000001798313307155297
54450,-0.0000006725915580041431
54475,-0.00000018097282494800027
54500.00000000001,-0.0000006697456036430793
54525,-0.00000018161948167616515
54550,-0.0000006677243689079404
54575.00000000001,-0.00000018128138234985158
54600,-0.0000006668166052659075
54625,-0.00000017989540457286068
54650,-0.0000006668878871352035
54675.00000000001,-0.00000017776509264599838
54700,-0.000000667474353344133
54725,-0.0000001755012180026938
54750.00000000001,-0.000000667890802441562
54775,-0.0000001737727972628278
54800,-0.0000006675550812129671
54825,-0.00000017304161614717373
54850.00000000001,-0.0000006661653140227486
54875,-0.00000017340725011472102
54900,-0.0000006638469698394545
54925.00000000001,-0.00000017454903211699957
54950,-0.0000006610776339677216
54975,-0.0000001758728302991841
55000,-0.0000006585215781562681
55025.00000000001,-0.00000017671833396626369
55050,-0.0000006567630439491268
55075,-0.0000001766288231230817
55100.00000000001,-0.0000006561014045392
55125,-0.00000017550753983464062
55150,-0.0000006564082632998236
55175,-0.00000017368937776929272
55200.00000000001,-0.0000006572106165947389
55225,-0.00000017173448063623198
55250,-0.0000006578823266156775
55275,-0.00000017030622689873098
55300,-0.0000006578136686474778
55325,-0.00000016986544237873602
55350,-0.0000006567387909051092
55375.00000000001,-0.0000001704931360535511
55400,-0.0000006547574837867387
55425,-0.00000017189625145519472
55450,-0.0000006523511528744308
55475,-0.0000001734785377571768
55500,-0.000000650156086745568
55525,-0.00000017461353429837345
55550.00000000001,-0.0000006487498429574856
55575,-0.00000017484182568416884
55600,-0.0000006484139278839507
55625,-0.00000017408332242396796
55650.00000000001,-0.000000649040025280101
55675,-0.00000017263582141602285
55700,-0.0000006501595353203271
55725.00000000001,-0.00000017108770156148978
55750,-0.0000006511516881246848
55775,-0.00000017004060204328653
55800,-0.000000651457839007108
55825.00000000001,-0.0000001699767160356913
55850,-0.0000006507678000922112
55875,-0.00000017097554771972057
55900.00000000001,-0.0000006492301609650752
55925,-0.00000017273071262202677
55950,-0.0000006472809075397379
55975,-0.00000017469162494343493
56000.00000000001,-0.000000645563837498031
56025,-0.0000001762233203805863
56050,-0.0000006446336775489669
56075.00000000001,-0.00000017691483922277484
56100,-0.0000006447759122174546
56125,-0.00000017666559637419255
56150,-0.0000006458953394350431
56175.00000000001,-0.00000017580338917966287
56200,-0.0000006475506904024542
56225,-0.00000017489050474495116
56250.00000000001,-0.0000006491791533225211
56275,-0.00000017461255152895205
56300,-0.0000006502581397782592
56325,-0.00000017550601660865084
56350.00000000001,-0.0000006512353751819688
56375,-0.00000017746021918618737
56400,-0.0000006491044650669409
56425.00000000001,-0.00000017864845336390545
56450,-0.0000006469154620880602
56475,-0.00000018021907299825557
56500,-0.0000006449704124111832
56525.00000000001,-0.0000001814396535237961
56550,-0.0000006438304052114319
56575,-0.00000018184105932128602
56600.00000000001,-0.0000006437194448594141
56625,-0.00000018134623669396888
56650,-0.0000006445421028011822
56675,-0.0000001802076043944112
56700.00000000001,-0.0000006458493573280322
56725,-0.00000017898618032141655
56750,-0.0000006470394231516963
56775.00000000001,-0.00000017825818510175395
56800,-0.0000006475766458624577
56825,-0.00000017845415989370395
56850,-0.0000006471890454662343
56875.00000000001,-0.00000017965257481655783
56900,-0.0000006459725945262562
56925,-0.00000018158252124145235
56950.00000000001,-0.0000006443635962583016
56975,-0.00000018367277854203223
57000,-0.0000006429716030709187
57025,-0.00000018536380008704612
57050.00000000001,-0.0000006422799705418925
57075,-0.0000001862352321246874
57100,-0.0000006425927581155122
57125,-0.00000018617841957002668
57150,-0.0000006437879465082119
57175,-0.00000018549201552531258
57200,-0.0000006454527754495842
57225.00000000001,-0.0000001846807136107742
57250,-0.0000006469903648387287
57275,-0.00000018434856641214026
57300,-0.0000006478816432231582
57325,-0.0000001848991808550693
57350,-0.00000064786826303731
57375,-0.00000018642160637405425
57400.00000000001,-0.0000006470344535713934
57425,-0.00000018864173090271663
57450,-0.0000006458102768114315
57475,-0.00000019103075743487352
57500.00000000001,-0.0000006447733347236806
57525,-0.00000019300580711423265
57550,-0.0000006444388078730157
57575.00000000001,-0.00000019418567331896952
57600,-0.0000006450405125590919
57625,-0.00000019446065135930723
57650,-0.0000006465306785496949
57675.00000000001,-0.00000019408625373529276
57700,-0.0000006484553307650742
57725,-0.00000019361475422918772
57750.00000000001,-0.0000006502593923318756
57775,-0.00000019357968938926717
57800,-0.0000006514238364285774
57825,-0.00000019441782939111363
57850.00000000001,-0.0000006516895763031272
57875,-0.00000019617880298028467
57900,-0.0000006511609944581664
57925.00000000001,-0.00000019862561795314093
57950,-0.0000006502347444925505
57975,-0.0000002012222328762192
58000,-0.0000006494877500262675
58025.00000000001,-0.00000020342160667041753
58050,-0.0000006494114093147374
58075,-0.00000020481304452424354
58100.00000000001,-0.0000006502577862832482
58125,-0.0000002053422356596002
58150,-0.0000006519325677079024
58175,-0.00000020519953181086237
58200.00000000001,-0.0000006540315480307868
58225,-0.000000204946516646487
58250,-0.0000006560118896992151
58275.00000000001,-0.0000002051688938742302
58300,-0.0000006573633961615144
58325,-0.00000020617880580608983
58350,-0.0000006578306448457027
58375.00000000001,-0.0000002081172441048551
58400,-0.0000006575081858972709
58425,-0.00000021068000255475283
58450.00000000001,-0.0000006568005013196654
58475,-0.0000002134061867220538
58500,-0.0000006562410130861451
58525,-0.00000021572179420559223
58550.00000000001,-0.0000006563369574497102
58575,-0.00000021725321697196875
58600,-0.0000006573132840248519
58625.00000000001,-0.00000021791310556018573
58650,-0.000000659096801802761
58675,-0.00000021795249360856417
58700,-0.0000006612914742465392
58725.00000000001,-0.00000021784979997718779
58750,-0.0000006633582494419699
58775,-0.0000002181748497420699
58800.00000000001,-0.0000006647755566024927
58825,-0.00000021929367965967117
58850,-0.0000006653528734634762
58875,-0.00000022126515264453417
58900.00000000001,-0.000000665144394673689
58925,-0.0000002238782843555498
58950,-0.0000006645405328242759
58975.00000000001,-0.00000022661087006881075
59000,-0.0000006640808412061716
59025,-0.00000022896309737063802
59050,-0.0000006642283041369268
59075.00000000001,-0.00000023052377184917816
59100,-0.0000006652510040616733
59125,-0.00000023123978665218203
59150,-0.000000667040861213053
59175.00000000001,-0.00000023132657434032922
59200,-0.0000006692172698219423
59225,-0.00000023126423798203177
59250.00000000001,-0.0000006712594753377488
59275,-0.00000023160147577527823
59300,-0.0000006726805952261827
59325,-0.00000023270810900477557
59350.00000000001,-0.0000006732403932119269
59375,-0.00000023464702070263854
59400,-0.0000006730538786303697
59425.00000000001,-0.0000002371757501506977
59450,-0.0000006724493841758772
59475,-0.00000023985801256287687
59500,-0.0000006719701699520186
59525.00000000001,-0.00000024211829474651836
59550,-0.0000006720896650325159
59575,-0.0000002436291635099508
59600.00000000001,-0.000000673032737097401
59625.00000000001,-0.0000002442699742477572
59650.00000000001,-0.0000006747366620984963
59675,-0.00000024430804113073634
59700,-0.0000006767995703871321
59725,-0.00000024419375477258143
59750,-0.0000006787315480760725
59775.00000000001,-0.0000002444487576802601
59800.00000000001,-0.0000006800397207573639
59825.00000000001,-0.0000002454481453639801
59850,-0.0000006805077126248449
59875,-0.00000024725679814707746
59900,-0.0000006802131149452606
59925,-0.0000002496309858823764
59950.00000000001,-0.0000006795326437103455
59975.00000000001,-0.00000025213139087654213
60000.00000000001,-0.0000006789346447266809
60025,-0.0000002542458079624055
60050,-0.0000006789340667445742
60075,-0.0000002555804032855491
60100,-0.0000006797362361865567
60125.00000000001,-0.0000002560865710599103
60150.00000000001,-0.0000006812473456463408
60175.00000000001,-0.00000025597590380677104
60200,-0.0000006831337642232427
60225,-0.00000025573135897793975
60250,-0.0000006848576417084473
60275,-0.00000025584200247230626
60300.00000000001,-0.0000006860022987442704
60325.00000000001,-0.0000002566668382275594
60350.00000000001,-0.0000006863115162847322
60374.99999999999,-0.0000002583046461168692
60400,-0.0000006858963383926664
60425,-0.00000026049426904428685
60450,-0.0000006851307716715382
60475.00000000001,-0.0000002628595792142363
60500.00000000001,-0.0000006844651418980163
60525.00000000001,-0.00000026484618076416666
60549.99999999999,-0.0000006845218556428279
60575,-0.0000002661633835554511
60600,-0.0000006850163929428277
60625,-0.0000002663229712318582
60650.00000000001,-0.0000006861965811122417
60675.00000000001,-0.0000002659209537014817
60700.00000000001,-0.000000687690491218973
60724.99999999999,-0.000000265334311189136
60750,-0.0000006890496191402917
60775,-0.0000002650992219077608
60800,-0.0000006897941873251767
60825.00000000001,-0.00000026553400034323715
60850.00000000001,-0.0000006897400981475954
60875.00000000001,-0.0000002667317287041726
60899.99999999999,-0.0000006889241104257593
60925,-0.0000002684692206322836
60950,-0.0000006877300005037057
60975,-0.00000027029614879658936
61000,-0.0000006866116473158712
61025.00000000001,-0.0000002717508464922247
61050.00000000001,-0.0000006860184416090931
61074.99999999999,-0.00000027245634148798104
61100,-0.000000686178246889213
61125,-0.00000027234301747114387
61150,-0.0000006870258835167675
61175,-0.00000027164002602830806
61200.00000000001,-0.0000006881754448517796
61225.00000000001,-0.00000027079545494856916
61249.99999999999,-0.0000006891874457792824
61275,-0.0000002702378476548972
61300,-0.0000006896227844332969
61325,-0.0000002703621904132092
61350,-0.0000006892402575342516
61375.00000000001,-0.00000027120667889235506
61400.00000000001,-0.0000006881367282662865
61424.99999999999,-0.00000027258149715159163
61450,-0.0000006866229669277857
61475,-0.00000027405105429423315
61500,-0.0000006852065299600696
61525,-0.0000002751316428017958
61550.00000000001,-0.000000684285957452957
61575.00000000001,-0.00000027550001591158946
61599.99999999999,-0.0000006841049160488666
61625,-0.00000027504879218653855
61650,-0.0000006845837186020276
61675,-0.0000002740226114905653
61700,-0.0000006853763641068156
61725.00000000001,-0.0000002728426806708484
61750.00000000001,-0.0000006860098478167487
61774.99999999999,-0.0000002719682199447959
61800,-0.0000006860908765560225
61825,-0.00000027171661143299275
61850,-0.0000006853764422665165
61875,-0.00000027221608056571256
61900.00000000001,-0.0000006839301178729329
61925.00000000001,-0.00000027320713136269603
61950.00000000001,-0.0000006821157683134516
61975,-0.0000002742998357341264
62000,-0.0000006803578762593077
62025,-0.0000002750079239888237
62050,-0.000000679122963420653
62075.00000000001,-0.00000027500842869621067
62100.00000000001,-0.0000006785849826496104
62125.00000000001,-0.00000027423408610616207
62150,-0.0000006787041861855414
62175,-0.00000027287491999317126
62200,-0.0000006791261004668314
62225,-0.0000002713782600860526
62250.00000000001,-0.0000006793992701759066
62275.00000000001,-0.0000002701760299927969
62300.00000000001,-0.0000006791190363397703
62325,-0.0000002695935108487646
62350,-0.0000006780767101144392
62375,-0.0000002697165750742414
62400,-0.0000006763160251832545
62425.00000000001,-0.0000002703632733247474
62450.00000000001,-0.0000006741864795323238
62475.00000000001,-0.0000002710750772738635
62500,-0.0000006721517926688847
62525,-0.000000271436193521879
62550,-0.0000006705876276491551
62575,-0.00000027110073763658704
62600.00000000001,-0.0000006697419616674694
62625.00000000001,-0.00000027000846181124416
62650.00000000001,-0.0000006695053955674268
62675,-0.0000002683689594995542
62700,-0.0000006695930052647014
62725,-0.00000026656510532241384
62750,-0.0000006695309557880336
62775.00000000001,-0.0000002650762005451668
62800.00000000001,-0.0000006689350098287861
62825.00000000001,-0.00000026418380971726663
62850,-0.0000006676007073824763
62875,-0.00000026399400421261987
62900,-0.0000006655777826658493
62925,-0.00000026430196986559906
62950.00000000001,-0.0000006631800650858111
62975.00000000001,-0.0000002647065491245826
63000.00000000001,-0.0000006608808102992469
63025,-0.0000002647421994961263
63050,-0.0000006590649803683846
63075,-0.00000026413587295159857
63100,-0.0000006579169333775781
63125.00000000001,-0.0000002627807476063282
63150.00000000001,-0.0000006574088098343367
63175.00000000001,-0.0000002608915723456562
63200,-0.0000006571924302534171
63225,-0.000000258859766510966
63250,-0.0000006568666226502984
63275,-0.00000025710183604310544
63300.00000000001,-0.0000006560053096293927
63325.00000000001,-0.00000025598126884851524
63350.00000000001,-0.0000006544413029274665
63375,-0.00000025552331095468617
63400,-0.0000006522038857870172
63425,-0.0000002555752274258083
63450,-0.0000006496083042595302
63475.00000000001,-0.00000025572297324139015
63500.00000000001,-0.0000006471025058019109
63525.00000000001,-0.0000002555303919571372
63550,-0.0000006450852150230446
63575,-0.00000025469129116828526
63600,-0.0000006437327846331442
63625,-0.000000253158366492201
63650.00000000001,-0.0000006429920447192927
63675.00000000001,-0.00000025108092671644044
63700.00000000001,-0.0000006425830660905518
63725,-0.0000002488770562969478
63750,-0.0000006420439676579903
63775,-0.00000024696479161701035
63800,-0.0000006410200598105931
63825.00000000001,-0.00000024565534917364573
63850.00000000001,-0.0000006392772557983761
63875.00000000001,-0.00000024503689344257396
63900,-0.000000636902458328592
63925,-0.0000002448921943010163
63950,-0.00000063419019347144
63975,-0.00000024487642202863924
64000.00000000001,-0.0000006315614500262967
64025.00000000001,-0.00000024452151914378106
64050.00000000001,-0.0000006294278971363809
64075,-0.00000024354706229523515
64100,-0.0000006279484336957353
64125,-0.00000024188898739563314
64150,-0.0000006270831200971827
64175.00000000001,-0.00000023972810436756475
64200.00000000001,-0.0000006265173713160266
64225.00000000001,-0.0000002374070453559085
64249.99999999999,-0.0000006258790611335385
64275,-0.00000023543732496911218
64300,-0.0000006247474599874181
64325,-0.0000002340458384875177
64350.00000000001,-0.0000006229389095668836
64375.00000000001,-0.0000002333295975320837
64400.00000000001,-0.000000620504113535425
64424.99999999999,-0.00000023310519359220905
64450,-0.0000006177637025261973
64475,-0.00000023298528972759414
64500,-0.0000006151187634806377
64525.00000000001,-0.00000023258274373105792
64550.00000000001,-0.0000006129569182222738
64575.00000000001,-0.00000023157742223833822
64599.99999999999,-0.0000006114759135700254
64625,-0.00000022992538351029879
64650,-0.0000006106481557077714
64675,-0.00000022789236331366425
64700,-0.0000006101402195701766
64725.00000000001,-0.0000002256796076682832
64750.00000000001,-0.0000006096135936051184
64774.99999999999,-0.00000022382443842783317
64800,-0.00000060849486605008
64825,-0.00000022244624131584345
64850,-0.0000006066948919913884
64875,-0.00000022171505087431598
64900.00000000001,-0.0000006043006149925034
64925.00000000001,-0.0000002214550836043827
64949.99999999999,-0.0000006015807162418341
64975,-0.00000022131295174254717
65000,-0.0000005989664892958046
65025,-0.00000022087453022123782
65050,-0.0000005968078288232093
65075.00000000001,-0.00000021987054044103616
65100.00000000001,-0.0000005953052015783555
65124.99999999999,-0.0000002182117421201113
65150,-0.0000005944219282350005
65175,-0.00000021610493483592563
65200,-0.0000005938167717545184
65225,-0.00000021384486870168473
65250.00000000001,-0.0000005931563776817583
65275.00000000001,-0.00000021190277699201232
65299.99999999999,-0.000000592049021697072
65325,-0.00000021055122878532728
65350,-0.0000005902972370908088
65375,-0.00000020986829563085507
65400,-0.0000005879749643833421
65425.00000000001,-0.00000020964507940757215
65450.00000000001,-0.000000585369289374249
65475.00000000001,-0.00000020956061619337163
65500,-0.0000005828442235511488
65525,-0.000000209202058676361
65550,-0.0000005807941627633539
65575,-0.00000020827984581472947
65600,-0.0000005793827657640804
65625,-0.0000002067398501282014
65650.00000000001,-0.0000005785763456112036
65675,-0.00000020472899453505278
65700,-0.0000005780889964501768
65725,-0.00000020263351707683341
65750,-0.0000005775240347061228
65775,-0.00000020081311213893116
65800,-0.0000005765425368231547
65825.00000000001,-0.0000001995892843220659
65850,-0.0000005749212013128613
65875,-0.00000019902283110440067
65900,-0.0000005727512565334436
65925,-0.00000019891947733441384
65950,-0.0000005702993992606764
65975,-0.00000019894389635677356
66000.00000000001,-0.0000005679516024148512
66025,-0.00000019871760870149302
66050,-0.0000005660455210110271
66075,-0.00000019794944905449086
66100,-0.0000005648074468123099
66125,-0.0000001965563406480797
66150,-0.0000005641325899752303
66175.00000000001,-0.00000019472988199709107
66200,-0.0000005637947327885584
66225,-0.00000019280010810085457
66250,-0.0000005633820812089851
66275,-0.00000019118194993783533
66300,-0.0000005625515573370876
66325,-0.00000019011988927619683
66350.00000000001,-0.000000561125708009591
66375,-0.0000001897181001186965
66400,-0.0000005591405108917868
66425,-0.00000018977491877958386
66450,-0.0000005569013661332889
66475,-0.000000189951243734221
66500,-0.0000005547548989071061
66525.00000000001,-0.00000018988884886717017
66550,-0.0000005530562078304158
66575,-0.0000001893011725151439
66600,-0.0000005519874745063547
66625,-0.00000018810629442977955
66650,-0.0000005515142643686133
66675,-0.0000001864849659138912
66700.00000000001,-0.000000551335830212274
66725,-0.00000018478128127608073
66750,-0.0000005511071030639414
66775,-0.0000001833563889608314
66800,-0.0000005504633425745808
66825,-0.00000018250849442846828
66850,-0.0000005492379188121177
66875.00000000001,-0.00000018226952147593067
66900,-0.0000005474840886199317
66925,-0.00000018251016908887863
66950,-0.0000005454526900150469
66975,-0.00000018286335135009324
67000,-0.000000543540520592245
67025,-0.00000018298096482460835
67050.00000000001,-0.0000005420441518966257
67075,-0.00000018259043799151442
67100,-0.0000005411729934179377
67125,-0.00000018160427150970548
67150,-0.000000540878747234963
67175,-0.00000018019843650574074
67200,-0.000000540894744882614
67225.00000000001,-0.0000001787086076898703
67250,-0.0000005408363656922432
67275,-0.0000001775018872995915
67300,-0.000000540396043580138
67325,-0.00000017683315967076396
67350,-0.00000053937435617879
67375,-0.00000017679176678164765
67400.00000000001,-0.0000005378327925242843
67425,-0.00000017718560552104634
67450,-0.0000005360238763962855
67475,-0.00000017772758165168767
67500,-0.0000005343054125805935
67525,-0.00000017801515050930306
67550,-0.0000005330279286841488
67575.00000000001,-0.00000017781056360632874
67600,-0.0000005323349059338511
67625,-0.000000177024934933101
67650,-0.0000005322217860870282
67675,-0.00000017581166245062008
67700,-0.0000005324032845699378
67725,-0.0000001745192094171344
67750.00000000001,-0.0000005325200138628361
67775,-0.00000017350001857430186
67800,-0.0000005322416004593933
67825,-0.00000017301041521644578
67850,-0.0000005314123179278596
67875,-0.00000017311894306981657
67900,-0.0000005300530571128448
67925.00000000001,-0.0000001736814151387378
67950,-0.0000005284347415202006
67975,-0.00000017435625865314108
68000,-0.0000005269023076737156
68025,-0.00000017480541680825468
68050,-0.0000005257850922424367
68075,-0.00000017474023683572426
68100.00000000001,-0.0000005252697459212641
68125,-0.00000017412027963903398
68150,-0.0000005252840619140997
68175,-0.000000173078142151617
68200,-0.0000005256106998530186
68225,-0.00000017194107626572475
68250,-0.0000005258521718065623
68275.00000000001,-0.0000001710829953260884
68300,-0.0000005257106840961256
68325,-0.00000017072986213673147
68350,-0.0000005250140284740468
68375,-0.00000017096021809326345
68400,-0.0000005238077663838325
68425,-0.0000001716219992786705
68450.00000000001,-0.0000005223251999808554
68475,-0.0000001724111876599821
68500,-0.0000005209388532767534
68525,-0.00000017294720622285098
68550,-0.0000005199489403473478
68575,-0.0000001729995819932384
68600,-0.0000005195353687259541
68625.00000000001,-0.00000017247497674510726
68650,-0.0000005196515532324142
68675,-0.00000017156114451299942
68700,-0.00000052004225181701
68725,-0.00000017053430401148262
68750,-0.0000005203826848321214
68775,-0.00000016978544203904988
68800,-0.0000005203273080178761
68825,-0.00000016952957571092497
68850,-0.0000005198489677615825
68875,-0.00000017004847463475414
68900,-0.0000005188792790988828
68925,-0.00000017087343906485586
68950,-0.0000005176376880466904
68975,-0.00000017184471712283766
69000.00000000001,-0.0000005164116135825125
69025,-0.00000017250071016050583
69050,-0.0000005155679723145568
69075,-0.00000017264856999599232
69100,-0.0000005152504753969112
69125,-0.00000017223569326318966
69150,-0.0000005154382713978833
69175.00000000001,-0.0000001713979899120588
69200,-0.0000005158868258137161
69225,-0.0000001704636056754083
69250,-0.0000005162570084760176
69275,-0.00000016974871375197154
69300,-0.0000005162464405961131
69325,-0.000000169529608018415
69350.00000000001,-0.000000515684701940522
69375,-0.00000016985873907415794
69400,-0.0000005146256325527787
69425,-0.0000001705725671818925
69450,-0.0000005132784653971711
69475,-0.00000017141201080761448
69500,-0.0000005119980205359198
69525.00000000001,-0.00000017199659352318264
69550,-0.0000005110977904232428
69575,-0.00000017209471714352276
69600,-0.0000005107374598800618
69625,-0.0000001716363862147574
69650,-0.0000005108631221384385
69675,-0.0000001707783842119781
69700.00000000001,-0.0000005112508459914622
69725,-0.00000016979749484224982
69750,-0.0000005115659665877459
69775,-0.00000016905238087172592
69800,-0.000000511495046318089
69825,-0.0000001687664556992985
69850,-0.0000005108875191783824
69875.00000000001,-0.00000016902342081515087
69900,-0.0000005097633311024197
69925,-0.00000016966329341450148
69950,-0.0000005083798787497429
69975,-0.00000017040136846002696
70000,-0.0000005070357060876773
70025,-0.00000017090502080208125
70050.00000000001,-0.0000005060657551902992
70075,-0.00000017090508941386418
70100,-0.0000005056190516272707
70125,-0.00000017036367705447475
70150,-0.0000005056445762097184
70175,-0.00000016941816216586858
70200,-0.0000005059159139397806
70225.00000000001,-0.00000016835132021775223
70250,-0.0000005061121384208889
70275,-0.000000167503010128911
70300,-0.0000005059389098782674
70325,-0.00000016711817318881828
70350,-0.0000005052112819203813
70375,-0.00000016723883633495973
70400.00000000001,-0.0000005039911756821169
70425,-0.00000016774718658574272
70450,-0.0000005024879728976472
70475,-0.00000016833601435006784
70500,-0.0000005010466345156672
70525,-0.0000001686857771243666
70550,-0.0000004999420920581699
70575.00000000001,-0.0000001685542418972119
70600,-0.0000004993583196943874
70625,-0.00000016786655898659575
70650,-0.0000004992299419415147
70675,-0.00000016679366909855275
70700,-0.0000004993358163618566
70725,-0.00000016559186710729534
70750.00000000001,-0.0000004993693361043938
70775,-0.00000016459628993104047
70800,-0.0000004990243168689901
70825,-0.0000001640396725122173
70850,-0.0000004981432381034878
70875,-0.0000001639955569121554
70900,-0.0000004967647263542929
70925.00000000001,-0.0000001643098526127318
70950,-0.0000004951191469038108
70975,-0.0000001647124656667387
71000,-0.0000004935092424718235
71025,-0.00000016486794796044535
71050,-0.0000004922484793112858
71075,-0.0000001645518462600748
71100.00000000001,-0.0000004914659135213384
71125,-0.00000016369656219428208
71150,-0.0000004911562992981899
71175,-0.00000016244642508933538
71200,-0.0000004910573228045223
71225,-0.00000016106193845288885
71250,-0.0000004908685432569726
71275.00000000001,-0.00000015986893331376706
71300,-0.0000004903345163231876
71325,-0.00000015911930895118331
71350,-0.0000004892566107805862
71375,-0.00000015885939474991062
71400,-0.0000004876943906495512
71425,-0.0000001589602762752662
71450.00000000001,-0.0000004858558415588021
71475,-0.00000015913260564826004
71500,-0.0000004840627138014142
71525,-0.00000015907278194671193
71550,-0.0000004825881907422058
71575,-0.0000001585379073576476
71600,-0.0000004816030699794638
71625.00000000001,-0.00000015747575421443116
71650,-0.0000004810505291885647
71675,-0.00000015601483094318525
71700,-0.0000004807362810055338
71725,-0.00000015442964240719448
71750,-0.0000004803296254074496
71775,-0.0000001530390618675881
71800.00000000001,-0.00000047956637649893
71825,-0.00000015205674597229546
71850,-0.0000004782783058487894
71875,-0.00000015157205579541255
71900,-0.0000004764989439687284
71925,-0.00000015143116949278834
71950,-0.00000047445580775296037
71975.00000000001,-0.00000015136535913562454
72000,-0.00000047244892409370465
72025,-0.00000015106338224768479
72050,-0.0000004707618309618411
72075,-0.000000150303178791944
72100,-0.00000046954462729065227
72125,-0.0000001490173714424614
72150.00000000001,-0.0000004687642979339657
72175,-0.00000014733800557387156
72200,-0.00000046820224131050026
72225,-0.00000014553907556891232
72250,-0.0000004675685603139357
72275,-0.0000001439246608558875
72300,-0.0000004665666336611807
72325.00000000001,-0.00000014272754911281993
72350,-0.0000004650592211330462
72375,-0.00000014199718378904436
72400,-0.0000004630695421559139
72425,-0.0000001416234360895885
72450,-0.0000004608125914185024
72475,-0.00000014131072989531646
72500.00000000001,-0.00000045860049391333035
72525.00000000001,-0.00000014077134369294697
72550,-0.00000045669314496787905
72575,-0.00000013977840573886624
72600,-0.0000004552510712851898
72625,-0.00000013827203437788427
72650,-0.00000045423140426770203
72675,-0.00000013637658435872169
72700.00000000001,-0.00000045343684607068724
72725,-0.00000013435978207798627
72750,-0.00000045255404279576084
72775,-0.00000013252395880680723
72800,-0.0000004513223526014798
72825,-0.00000013108759833180272
72850,-0.0000004495750864919046
72875.00000000001,-0.0000001301188176094925
72900,-0.0000004473645819347283
72925,-0.00000012946997474116984
72950,-0.0000004448771935283702
72975,-0.00000012890986289537665
73000,-0.0000004424115234158421
73025,-0.00000012801204651857745
73050.00000000001,-0.0000004405076728941637
73075,-0.00000012739352805990478
73100,-0.0000004392468179181819
73125,-0.00000012597069343200928
73150,-0.00000043831694040985525
73175,-0.00000012416030858997118
73200,-0.00000043754973855225643
73225.00000000001,-0.00000012216688682897825
73250,-0.00000043668198146384896
73275,-0.00000012033986285242548
73300,-0.00000043543825523073565
73325,-0.00000011889285256305726
73350,-0.0000004336953911554531
73375,-0.0000001178960673531293
73400.00000000001,-0.00000043147724859693426
73425,-0.00000011722825266069492
73450,-0.00000042900234820120176
73475,-0.00000011662960308633785
73500,-0.00000042655193721596874
73525,-0.00000011581563874596412
73550,-0.0000004244093424476958
73575.00000000001,-0.00000011455990245323733
73600,-0.00000042271106415192605
73625,-0.00000011281856748812658
73650,-0.00000042142494971475486
73675,-0.0000001106987388421743
73700,-0.00000042036749126062034
73725,-0.00000010846531739439058
73750.00000000001,-0.00000041923429594525885
73775,-0.00000010641410685963137
73800,-0.0000004177676684591347
73825,-0.00000010475883416294351
73850,-0.00000041581807641577484
73875,-0.00000010355925417204759
73900,-0.00000041342656087461904
73925.00000000001,-0.00000010269280970032213
73950,-0.0000004107835143152272
73975,-0.00000010190965582523859
74000,-0.00000040818220581329
74025,-0.00000010091515711962984
74050,-0.00000040588132121932574
74075,-0.00000009950257040536314
74100.00000000001,-0.0000004040305787711418
74125,-0.00000009760578467687964
74150,-0.0000004025938001861462
74175,-0.00000009535586942277519
74200,-0.0000004013781386147386
74225,-0.00000009299025260922633
74250,-0.00000040010483148833487
74275.00000000001,-0.00000009081139029643026
74300,-0.00000039849773292299773
74325,-0.00000008902777348662738
74350,-0.00000039642838567388594
74375,-0.00000008769483028636671
74400,-0.0000003939228924165761
74425,-0.0000000866951936906446
74450.00000000001,-0.00000039117970773716593
74475,-0.00000008578194832242758
74500,-0.0000003884784296470656
74525,-0.00000008467146883628374
74550,-0.0000003860802568755872
74575,-0.00000008314698318745428
74600,-0.00000038412529956843855
74625.00000000001,-0.00000008115844463141286
74650,-0.0000003825851916383627
74675,-0.00000007881700336831443
74700,-0.00000038126669887894593
74725,-0.00000007637772669877307
74750,-0.00000037989183554465455
74775,-0.00000007411557112479983
74800.00000000001,-0.0000003782030073562481
74825,-0.00000007225083431539048
74850,-0.0000003760539347696934
74875,-0.00000007083351394321369
74900,-0.00000037348840808970607
74925,-0.00000006974595034847653
74950,-0.00000037068662417372167
74975.00000000001,-0.00000006874975411186313
75000,-0.00000036793006330526623
75025,-0.00000006756009618413827
75050,-0.0000003654727093183041
75075,-0.00000006597318202850033
75100,-0.0000003634580623135264
75125,-0.00000006392689910761362
75150.00000000001,-0.0000003618530721727353
75175,-0.00000006154264986513169
75200,-0.00000036047038232123185
75225,-0.00000005905748723389337
75250,-0.00000035903658235358904
75275,-0.000000056757193944712014
75300,-0.0000003572945274088468
75325.00000000001,-0.00000005484106002651146
75350,-0.0000003551111689148456
75375,-0.000000053377209208171905
75400,-0.00000035251005581216077
75425,-0.00000005223346644100957
75450,-0.00000034968156781278736
75475,-0.00000005118231938272544
75500.00000000001,-0.00000034689862049575027
75525,-0.000000049950241387541894
75550,-0.00000034441352525504954
75575,-0.00000004832405409160856
75600,-0.0000003423646446343298
75625,-0.000000046252079388686695
75650,-0.00000034072204524449035
75675.00000000001,-0.000000043843357500072955
75700,-0.0000003393000098661503
75725,-0.00000004134179942827387
75750,-0.00000033782808983584545
75775,-0.00000003901620182489296
75800,-0.00000033605664895297593
75825,-0.000000037075228109806346
75850.00000000001,-0.0000003338469960478818
75875,-0.000000035570545176000223
75900,-0.00000033123128717615913
75925,-0.000000034393543235644586
75950,-0.00000032838932029211065
75975,-0.00000003330336850737581
76000,-0.00000032559294738110367
76025.00000000001,-0.000000032031198804460814
76050.00000000001,-0.00000032308392217128556
76075,-0.00000003037462481536579
76100,-0.0000003210050578683621
76125,-0.000000028272693630704282
76150,-0.0000003193228557130112
76175,-0.000000025840397155363348
76200.00000000001,-0.0000003178565529671218
76225.00000000001,-0.00000002330964854468931
76250,-0.000000316338133243832
76275,-0.000000020952108159555394
76300,-0.00000031452184989788634
76325,-0.000000018964847248170713
76350,-0.00000031227063035377256
76375,-0.000000017404440444401814
76400.00000000001,-0.0000003096114152834062
76425,-0.000000016159014348815504
76450,-0.0000003067259322087068
76475,-0.000000014995321095945258
76500,-0.00000030387259020159263
76525,-0.000000013643213114811203
76550,-0.0000003012976275140744
76575.00000000001,-0.000000011901483243370592
76600,-0.00000029913003218862144
76625,-0.000000009712417536889006
76650,-0.00000029734191953068034
76675,-0.0000000071787112920773666
76700,-0.0000002957493280275614
76725,-0.000000004531169994770323
76750.00000000001,-0.0000002940855929889352
76775,-0.0000000020279716794746605
76800,-0.00000029210332275209083
76825,0.00000000013801648712785664
76850,-0.00000028965932008517825
76875,0.0000000019216817026546096
76900,-0.00000028677481900274415
76925.00000000001,0.000000003441215312705026
76950,-0.000000283606744644338
76975,0.000000004943617071262452
77000,-0.00000028040121791139683
77025,0.000000006720404455151652
77050,-0.00000027735652685656476
77075,0.000000009006488888019248
77100.00000000001,-0.00000027455756135275067
77125,0.000000011958026457925541
77150,-0.00000027183004114306186
77175,0.000000015652162677071146
77200,-0.0000002685189027795687
77225,0.00000002179095059950953
77250,-0.00000026709234657307235
77275.00000000001,0.000000018136821822167803
77300,-0.00000026978711320513327
77325,0.000000016872550356872296
77350,-0.0000002706777310068631
77375,0.00000001576585206830572
77400,-0.0000002706955265496802
77425,0.00000001467291355083944
77450.00000000001,-0.000000270220262388321
77475,0.000000013673423504556581
77500,-0.0000002695900762628156
77525,0.000000012978568553201342
77550,-0.00000026910130246360353
77575,0.00000001274006566909236
77600,-0.00000026890909810006747
77625.00000000001,0.000000012995823306383159
77650,-0.00000026901835992187983
77675,0.000000013625908401593279
77700,-0.00000026926644858260573
77725,0.000000014397285474920807
77750,-0.00000026942123421136444
77775,0.000000015048879919987712
77800.00000000001,-0.00000026924918572479584
77825,0.00000001537717275734707
77850,-0.0000002686325437650794
77875,0.000000015334097214214637
77900,-0.00000026760748594867323
77925,0.000000015012245002665736
77950,-0.0000002663409176539844
77975.00000000001,0.000000014630797684489494
78000,-0.0000002650924353364559
78025,0.000000014443611973113946
78050,-0.00000026409590392351134
78075,0.000000014638319889570539
78100,-0.00000026348464787773196
78125,0.000000015267282549302763
78150.00000000001,-0.00000026323109003634215
78175,0.000000016224788290664094
78200,-0.0000002631686462084559
78225,0.00000001729021137375497
78250,-0.00000026304635025731216
78275,0.00000001820604145219562
78300,-0.00000026263486097022337
78325.00000000001,0.0000000187846828092475
78350,-0.0000002618036231138987
78375,0.000000018966557546740148
78400,-0.00000026058155377928216
78425,0.00000001886186995481154
78450,-0.00000025913958390244574
78475,0.00000001867902277297162
78500.00000000001,-0.0000002577168067841029
78525,0.0000000186729940399033
78550,-0.00000025655543489655486
78575,0.00000001903583779494511
78600,-0.0000002557790154122941
78625,0.00000001981757680180607
78650,-0.000000255364811962977
78675.00000000001,0.000000020918913157252916
78700,-0.00000025514449220054303
78725,0.000000022120232201494616
78750,-0.00000025487315968852897
78775,0.000000023173767460527017
78800,-0.00000025431965033906323
78825,0.000000023888805378291522
78850.00000000001,-0.0000002533583164376907
78875,0.00000002421421729792428
78900,-0.0000002520123162375043
78925,0.000000024246860297338912
78950,-0.00000025044920237693447
78975,0.00000002420719724671727
79000,-0.0000002489119623749758
79025.00000000001,0.000000024335276904707825
79050,-0.00000024762511419140765
79075,0.00000002482451200158664
79100,-0.00000024672592680019534
79125,0.00000002573328949928566
79150,-0.00000024617937544046953
79175,0.000000026951493925508885
79200.00000000001,-0.0000002458259940052443
79225,0.00000002827308898112335
79250,-0.00000024542127874394026
79275,0.000000029446215576989232
79300,-0.0000002447389070292516
79325,0.00000003029048101232945
79350,-0.0000002436529559224354
79375.00000000001,0.000000030748217527687416
79400,-0.0000002421865825663616
79425,0.00000003092218381350875
79450,-0.0000002405035766095409
79475,0.00000003102071188809674
79500,-0.00000023884350586200753
79525,0.000000031293319380232276
79550.00000000001,-0.00000023743236798878797
79575.00000000001,0.00000003191796515977785
79600,-0.00000023639270896325115
79625,0.00000003295898520772056
79650,-0.00000023570905516301366
79675,0.00000003431215489513306
79700,-0.00000023520534508936208
79725.00000000001,0.00000003576116947012764
79750.00000000001,-0.000000234652185793216
79775,0.00000003707464024671481
79800,-0.00000023382373803837453
79825,0.000000038061613416573437
79850,-0.00000023259439563272366
79875,0.00000003867495912412977
79900.00000000001,-0.00000023098848789260273
79925.00000000001,0.000000039006625152104846
79950,-0.0000002291639363827258
79975,0.000000039270106722000264
80000,-0.00000022735938132179
80025,0.000000039704255105910136
80050,-0.00000022579528291544193
80075.00000000001,0.000000040493283393061574
80100.00000000001,-0.00000022459694859477963
80125,0.000000041688794194527645
80150,-0.00000022373988217694318
80175,0.00000004320000412949554
80200,-0.0000002230673513681225
80225,0.00000004481269000322641
80250,-0.00000022233211827149546
80275.00000000001,0.0000000462887019825331
80300,-0.00000022132920241002552
80325,0.00000004745894632840475
80350,-0.00000021992660637071282
80375,0.00000004825577892830779
80400,-0.00000021814444250978227
80425,0.00000004878450676759627
80450.00000000001,-0.0000002161446894799468
80475,0.00000004924437524422842
80500,-0.00000021415537732050183
80525,0.00000004988074042699964
80550,-0.00000021240121383936383
80575,0.00000005087004251169702
80600,-0.00000021099868752205708
80625.00000000001,0.00000005226855848139422
80650,-0.0000002099306317671079
80675,0.000000053981235703659536
80700,-0.00000020903451369846948
80725,0.0000000558059828348334
80750,-0.00000020808011080841737
80775,0.00000005750307074947614
80800.00000000001,-0.00000020684189228070693
80825,0.00000005890098186966952
80850,-0.00000020521151977703767
80875,0.0000000599512295362814
80900,-0.00000020319055682449516
80925,0.00000006073353731039788
80950,-0.00000020093761077255579
80975.00000000001,0.0000000614719117830731
81000,-0.00000019868677247902866
81025,0.0000000623938397614765
81050,-0.0000001966425610122613
81075,0.00000006368952376600845
81100,-0.0000001949303894965837
81125,0.00000006541351516009541
81150.00000000001,-0.0000001935088348448133
81175,0.00000006748386172095167
81200,-0.0000001922251995356561
81225,0.00000006971442167991171
81250,-0.00000019081755964212022
81275,0.0000000718872883442856
81300,-0.00000018905621879117263
81325.00000000001,0.0000000738892345086839
81350,-0.00000018673333768148836
81375,0.00000007572726701265964
81400,-0.0000001836860049619915
81425,0.00000007849161576256591
81450,-0.00000018047850880442695
81475,0.0000000779111601900695
81500.00000000001,-0.0000001793831233554144
81525,0.00000007802798696054936
81550,-0.00000017819481490377598
81575,0.00000007858250350434304
81600,-0.00000017724631728999185
81625,0.00000007961005132894883
81650,-0.0000001765659335406511
81675.00000000001,0.00000008096960923964502
81700,-0.00000017601002000322552
81725,0.00000008246245841725397
81750,-0.00000017537706020753774
81775,0.00000008384292871088661
81800,-0.00000017445049804720725
81825,0.00000008493540437637392
81850.00000000001,-0.00000017312747602193923
81875,0.00000008568459797242411
81900,-0.0000001714258750507014
81925,0.00000008617816538158962
81950,-0.00000016950487558009542
81975,0.0000000866102040086858
82000,-0.00000016758604681754719
82025.00000000001,0.00000008721162225722168
82050,-0.00000016589724927129623
82075,0.00000008816242302867039
82100,-0.00000016454488238615284
82125,0.00000008949375807087989
82150,-0.0000001635113726639048
82175,0.0000000911325992447587
82200.00000000001,-0.00000016265654767533277
82225,0.00000009287241953259695
82250,-0.0000001617480428484086
82275,0.00000009449007687400979
82300,-0.0000001605872325116664
82325,0.00000009580732607261666
82350,-0.00000015904674310895928
82375.00000000001,0.00000009677417456277482
82400,-0.00000015715023260476357
82425,0.00000009748028872991199
82450,-0.0000001550453044840694
82475,0.00000009811386048053095
82500,-0.00000015295474609100523
82525,0.0000000989068748014077
82550.00000000001,-0.0000001510897670309319
82575,0.00000010002968475752994
82600,-0.00000014957104199631033
82625,0.00000010153446283744927
82650,-0.00000014836876771617824
82675,0.00000010332110012001294
82700,-0.00000014734442577157836
82725.00000000001,0.00000010521765902993252
82750,-0.00000014628483024914374
82775,0.00000010698150931798267
82800,-0.00000014496608324865434
82825,0.0000001084483436386563
82850,-0.00000014328721031908742
82875,0.00000010956313190035871
82900.00000000001,-0.00000014125169645051727
82925,0.00000011041125169697352
82950,-0.00000013902222828487965
82975,0.00000011118969334145135
83000,-0.00000013680492427781132
83025,0.00000011211667716448659
83050,-0.0000001348184813787512
83075.00000000001,0.00000011336853589227758
83100.00000000001,-0.0000001331722248032463
83125,0.00000011499005458937006
83150,-0.00000013185385683289752
83175,0.00000011689546497439807
83200,-0.00000013070399584869108
83225,0.00000011889145012933255
83250.00000000001,-0.00000012953634398460423
83275.00000000001,0.0000001207556775684182
83300,-0.0000001281204016212456
83325,0.00000012232778923149112
83350,-0.0000001263248177174603
83375,0.0000001235476870808938
83400,-0.00000012420588224593132
83425.00000000001,0.00000012450098807459398
83450.00000000001,-0.00000012188135900537134
83475,0.00000012537764881859204
83500,-0.00000011958903067821325
83525,0.00000012640336644054173
83550,-0.00000011751646822322215
83575,0.00000012773792001929962
83600.00000000001,-0.00000011579092795699353
83625.00000000001,0.0000001294403121354648
83650,-0.00000011438739422331423
83675,0.000000131414120807527
83700,-0.00000011316416881346214
83725,0.00000013347971472565945
83750,-0.00000011190735826893672
83775.00000000001,0.00000013541366783442754
83800.00000000001,-0.0000001104188879219592
83825,0.00000013705299128918824
83850,-0.00000010857283949672336
83875,0.0000001383294330192797
83900,-0.00000010639192682404541
83925,0.00000013935090958927532
83950,-0.00000010403169892203579
83975.00000000001,0.00000014029174721930104
84000,-0.00000010168738828753021
84025,0.00000014137062098740216
84050,-0.0000000995780496948484
84075,0.00000014275693105414433
84100,-0.00000009780220489030711
84125,0.00000014449237961677852
84150.00000000001,-0.00000009635633235749452
84175,0.00000014650615820510637
84200,-0.00000009508518727940896
84225,0.00000014860170072239498
84250,-0.00000009379112697605052
84275,0.0000001505622870823231
84300,-0.00000009227207820039496
84325.00000000001,0.00000015222651772450746
84350,-0.0000000904046087990551
84375,0.00000015353929516681575
84400,-0.00000008820913777185524
84425,0.00000015458205504526035
84450,-0.00000008583190180821987
84475,0.00000015555383769960685
84500.00000000001,-0.00000008348758850917903
84525,0.0000001566515360762466
84550,-0.00000008135719353763449
84575,0.00000015804559527765605
84600,-0.00000007957823566773214
84625,0.00000015979123380027715
84650,-0.00000007811448143879574
84675.00000000001,0.00000016179826645146278
84700,-0.00000007684298464205597
84725,0.0000001638944676640719
84750,-0.00000007554256364894485
84775,0.00000016584996043178535
84800,-0.00000007402043866733266
84825,0.00000016751420295335606
84850.00000000001,-0.00000007216216380001583
84875,0.000000168822802737445
84900,-0.0000000699795433822814
84925,0.00000016986699591381438
84950,-0.0000000676191539428217
84975,0.00000017082599435003232
85000,-0.00000006529107188235628
85025.00000000001,0.000000171920299218975
85050,-0.00000006318709422359348
85075,0.00000017329383938946563
85100,-0.00000006141548491989113
85125,0.0000001750202155426095
85150,-0.00000005997479335384526
85175,0.00000017701062726693806
85200.00000000001,-0.00000005871462405160344
85225,0.00000017907431204555735
85250,-0.00000005743387421208723
85275,0.00000018101602061726396
85300,-0.00000005592545027077733
85325,0.00000018265676060558178
85350,-0.00000005407811387581063
85375.00000000001,0.00000018396589318570022
85400,-0.00000005191171137397532
85425,0.00000018501453247221633
85450,-0.00000004954390653288954
85475,0.00000018599856654866187
85500,-0.00000004720058643936653
85525,0.00000018715630079046974
85550.00000000001,-0.00000004501608263929313
85575,0.0000001886058553779435
85600,-0.00000004315093460327546
85625,0.00000019059719413849763
85650,-0.000000041519633398046096
85675,0.00000019242514615047668
85700,-0.00000004044400181424379
85725.00000000001,0.00000019433923859057955
85750,-0.000000039321273570536164
85775,0.0000001960932555222783
85800,-0.00000003799892966949159
85825,0.00000019756424651795612
85850,-0.000000036343980491793104
85875,0.00000019867537326412332
85900.00000000001,-0.00000003438475137951258
85925,0.00000019953169938524695
85950,-0.000000032253337667320636
85975,0.00000020028904990088137
86000,-0.00000003014974658821501
86025,0.0000002011757500586242
86050,-0.00000002827711409469913
86075.00000000001,0.00000020233475506170606
86100,-0.000000026732659530459557
86125,0.00000020382276333386073
86150,-0.000000025516018853366518
86175,0.00000020556169832985915
86200,-0.000000024487172400888824
86225,0.00000020738030503952842
86250.00000000001,-0.000000023444367003300215
86275,0.00000020905248454550218
86300,-0.000000022182684800142738
86325,0.00000021043246489771406
86350,-0.000000020617884288753885
86375,0.00000021147296502821433
86400,-0.000000018742839169583192
86425.00000000001,0.00000021223932744618423
86450,-0.000000016707217720401957
86475,0.00000021292100882419618
86500,-0.000000014702309480973952
86525,0.0000002137091886789122
86550,-0.000000012921192671377923
86575,0.00000021477911160694418
86600.00000000001,-0.000000011478588635149833
86625.00000000001,0.00000021616675582869505
86650,-0.000000010351150159237932
86675,0.0000002178046933920541
86700,-0.00000000942079225740855
86725,0.00000021951568018874212
86750,-0.000000008473211021708948
86775.00000000001,0.00000022108917629992675
86800.00000000001,-0.000000007319394534910373
86825,0.00000022236497188021787
86850,-0.000000005850689710484858
86875,0.00000022330481552756964
86900,-0.0000000040948232582493915
86925,0.00000022398007593071867
86950.00000000001,-0.0000000021597603705458823
86975.00000000001,0.0000002245553472057793
87000,-0.0000000002635511808790625
87025,0.00000022525359266722944
87050,0.0000000014126004810322002
87075,0.00000022621179052162432
87100,0.000000002754149019956742
87125.00000000001,0.00000022750258654724576
87150.00000000001,0.000000003775125656524381
87175,0.0000002290306602148462
87200,0.000000004614939097535853
87225,0.00000023063640663956164
87250,0.000000005459075080871401
87275,0.0000002321044147990392
87300.00000000001,0.000000006515586847832822
87325.00000000001,0.00000023328025011704057
87350,0.000000007877916319287692
87375,0.00000023411812133389276
87400,0.000000009534910971886745
87425,0.00000023469706122991596
87450,0.000000011350688833289269
87475.00000000001,0.0000002351754002649642
87500.00000000001,0.000000013147644750688414
87525,0.00000023577105057182024
87550,0.00000001471837318689495
87575,0.00000023664458415062484
87600,0.000000015961357568983203
87625,0.00000023782698088670173
87650.00000000001,0.000000016888910825407777
87675.00000000001,0.0000002392622179270276
87700,0.000000017630979232130528
87725,0.0000002407592261111091
87750,0.00000001839220153954102
87775,0.00000024213105409565117
87800,0.000000019346344193316156
87825,0.00000024321191827159083
87850.00000000001,0.000000020618402873928687
87875,0.00000024395933229115485
87900,0.0000000221739772099383
87925,0.0000002444525457612201
87950,0.000000023899571877095127
87975,0.0000002448536067234386
88000,0.000000025595721542259753
88025.00000000001,0.0000002453628327181434
88050,0.00000002707954338543317
88075,0.0000002461445967050224
88100,0.00000002822931277624008
88125,0.00000024724870861803083
88150,0.000000029078111030145237
88175,0.00000024858428293583756
88200.00000000001,0.000000029743709051288647
88225,0.00000025000142300779515
88250,0.00000003042275298348329
88275,0.0000002512821601907689
88300,0.00000003130532788553353
88325,0.0000002522884245959034
88350,0.00000003248249647036516
88375.00000000001,0.0000002529599880674027
88400,0.00000003396930425836331
88425,0.000000253386476023465
88450,0.00000003560958450332663
88475,0.0000002537188789064615
88500,0.00000003723103392250238
88525,0.0000002541612875717192
88550.00000000001,0.00000003863972175555119
88575,0.0000002548725651640993
88600,0.00000003972760254100649
88625,0.0000002559051602846196
88650,0.000000040507100562692244
88675,0.00000025717722840212787
88700,0.000000041118749627422346
88725.00000000001,0.00000025851808982402247
88750,0.000000041738303258043175
88775,0.0000002597456373321094
88800,0.00000004255825192256424
88825,0.0000002606900941781731
88850,0.00000004368606543181386
88875,0.00000026131774122362117
88900.00000000001,0.00000004510356677034366
88925,0.00000026168768896273065
88950,0.000000046696820410474515
88975,0.000000261974918647212
89000,0.00000004825849753142819
89025,0.0000002623772120680101
89050,0.000000049623651299235405
89075.00000000001,0.00000026304121925058155
89100,0.00000005066609176651582
89125,0.0000002640321152824754
89150,0.00000005140872816333797
89175,0.00000026525737317761866
89200,0.00000005197934860312614
89225,0.0000002665621497977
89250.00000000001,0.00000005256880120096952
89275,0.00000026773537853408413
89300,0.00000005334216812702408
89325,0.0000002686577106336685
89350,0.00000005444608508486937
89375,0.00000026925509655217894
89400,0.00000005583461404334855
89425.00000000001,0.00000026960418986199386
89450,0.000000057392882224505115
89475,0.0000002698707287640545
89500,0.00000005893643151289041
89525,0.00000027025811877301464
89550,0.00000006027523868912255
89575,0.000000270917871691978
89600.00000000001,0.00000006131618579541254
89625,0.0000002719013000307413
89650,0.00000006207080904818696
89675,0.00000027314405326439584
89700,0.00000006266566854318256
89725,0.0000002745177758445294
89750,0.0000000633749008827067
89775.00000000001,0.0000002757714283596613
89800,0.00000006423250542564318
89825,0.00000027683714376447455
89850,0.0000000654595819771231
89875,0.00000027745179165261646
89900,0.00000006683892117553825
89925,0.00000027780066169658113
89950.00000000001,0.00000006838176047629929
89975,0.00000027805865687735576
90000,0.00000006988974865507203
90025,0.0000002784239694353374
90050,0.00000007119909617436804
90075,0.00000027905204857958665
90100,0.00000007219560882454346
90125.00000000001,0.00000027999171692272284
90150.00000000001,0.00000007290680503757585
90175,0.0000002811689044923682
90200,0.00000007344636809847316
90225,0.00000028243816518891407
90250,0.00000007401295509801287
90275,0.00000028357090542385777
90300.00000000001,0.00000007475888441632605
90325.00000000001,0.0000002844548199210095
90350,0.00000007581737515582887
90375,0.00000028502730142765387
90400,0.00000007716839500737649
90425,0.0000002853567798721812
90450,0.00000007869608631416725
90475.00000000001,0.00000028560661935461695
90500.00000000001,0.00000008019935349157237
90525,0.00000028598054069295387
90550,0.0000000815077464411118
90575,0.00000028660852835482586
90600,0.00000008251907113177026
90625,0.00000028755376435540825
90650.00000000001,0.00000008323653721831192
90675.00000000001,0.0000002887368664161727
90700,0.00000008379488813936575
90725,0.00000029000256862588003
90750,0.00000008436366538688844
90775,0.0000002911604690680747
90800,0.0000000851376945609772
90825.00000000001,0.00000029205441565149926
90850.00000000001,0.00000008620572256035075
90875,0.00000029264967571496214
90900,0.00000008756939284815246
90925,0.00000029299542714245064
90950,0.00000008910844229159665
90975,0.0000002932690735812926
91000.00000000001,0.00000009062715189411819
91025.00000000001,0.0000002936571362743834
91050,0.00000009195126249306185
91075,0.00000029431195125440013
91100,0.00000009298051939499175
91125,0.0000002952681429357895
91150,0.00000009373084475239324
91175.00000000001,0.0000002964775457359181
91200.00000000001,0.0000000943059684788139
91225,0.0000002977586101016172
91250,0.00000009490671937228967
91275,0.0000002989377753115363
91300,0.00000009569776393547613
91325,0.0000002998611771110049
91350.00000000001,0.0000000967995836820279
91375.00000000001,0.0000003004767266112651
91400,0.00000009818397062044681
91425,0.00000030086153202102395
91450,0.00000009974627901421229
91475,0.00000030116097238241935
91500,0.00000010129197813846247
91525,0.00000030158490216258826
91550.00000000001,0.00000010264056538034083
91575,0.0000003022650720829745
91600,0.00000010369965974810214
91625,0.0000003032544709791196
91650,0.00000010447819664971547
91675,0.0000003044803372764804
91700,0.00000010509170023098591
91725.00000000001,0.0000003057982654874891
91750,0.00000010572053743551635
91775,0.00000030700214703749396
91800,0.00000010655247240087817
91825,0.0000003079558711371888
91850,0.00000010767627212082687
91875,0.0000003086060093027143
91900.00000000001,0.00000010909730274732965
91925,0.00000030901986358689015
91950,0.00000011067857086377586
91975,0.0000003093629532546771
92000,0.00000011225301377315589
92025,0.0000003098122836053818
92050,0.00000011363301122280234
92075.00000000001,0.000000310530678171439
92100,0.00000011472160044156965
92125,0.0000003115445836865405
92150,0.00000011553527878849223
92175,0.0000003127997936225313
92200,0.0000001161813530936584
92225,0.00000031413886270037494
92250.00000000001,0.00000011684607270634473
92275,0.0000003153770196107075
92300,0.00000011770414876099977
92325,0.00000031635572883548235
92350,0.00000011886455564269482
92375,0.000000317038610031517
92400,0.00000012030244567196036
92425.00000000001,0.00000031748736484260576
92450,0.00000012191573395270439
92475,0.0000003178583806162649
92500,0.00000012350617528689156
92525,0.0000003183435111075994
92550,0.00000012491601253383777
92575,0.0000003190776096673176
92600.00000000001,0.0000001260329830499174
92625,0.000000320126264496956
92650,0.00000012687408601497197
92675,0.0000003213988222228181
92700,0.00000012755267098096823
92725,0.0000003227632990876472
92750,0.00000012824085382501238
92775.00000000001,0.00000032402017668964334
92800,0.00000012912487190597233
92825,0.0000003250265067089586
92850,0.0000001303027367116627
92875,0.00000032572807051600705
92900,0.00000013176493351974017
92925,0.0000003262040156881696
92950.00000000001,0.00000013338678883645372
92975,0.000000326599285505047
93000,0.00000013500340789729393
93025,0.00000032710371478117395
93050,0.0000001364264087255762
93075,0.0000003278617122237648
93100,0.00000013756747774262834
93125.00000000001,0.00000032891601642326407
93150,0.00000013842419477327894
93175,0.00000033021328882387735
93200,0.00000013912124874337906
93225,0.0000003315832811656705
93250,0.00000013983233793091188
93275,0.00000033285790201897925
93300.00000000001,0.00000014072699794365207
93325,0.0000003338747578407464
93350,0.0000001419210872155574
93375,0.0000003345914364460967
93400,0.00000014338914833267324
93425,0.00000033507690955225655
93450,0.00000014502064660248948
93475.00000000001,0.0000003354828647106345
93500,0.0000001466303994890339
93525,0.0000003359928557600256
93550,0.00000014807067971744914
93575,0.0000003367582948055059
93600,0.00000014921019608760133
93625,0.00000033781718788983284
93650.00000000001,0.00000015007797360411246
93675.00000000001,0.00000033910847518914267
93700,0.0000001507731984817795
93725,0.00000034048301000844106
93750,0.00000015149181253892863
93775,0.0000003417486310608453
93800,0.0000001523909127776335
93825.00000000001,0.0000003427770034480915
93850.00000000001,0.00000015359580796125982
93875,0.0000003435059695577891
93900,0.00000015507297479455673
93925,0.0000003441099903911393
93950,0.00000015690371535370673
93975,0.0000003446468334056263
94000.00000000001,0.00000015861151914098315
94025.00000000001,0.0000003452955253946399
94050,0.00000016017374315779875
94075,0.00000034612533605926643
94100,0.00000016136987646131473
94125,0.00000034723597297503517
94150,0.00000016227073273977766
94175.00000000001,0.00000034855508912468025
94200.00000000001,0.00000016299774907579945
94225,0.0000003499426930453353
94250,0.00000016372422328991831
94275,0.0000003512171339314918
94300,0.00000016463350716033887
94325,0.00000035223382455207286
94350.00000000001,0.00000016581722095398987
94375.00000000001,0.00000035295154399150874
94400,0.0000001672767332427938
94425,0.00000035343674720245133
94450,0.00000016889917520135356
94475,0.00000035383618690598695
94500,0.00000017048477674030948
94525.00000000001,0.00000035433046985389183
94550.00000000001,0.000000171899762868577
94575,0.0000003550671969776431
94600,0.00000017301972410344035
94625,0.000000356094847608901
94650,0.00000017386252904039168
94675,0.00000035735215131449394
94700.00000000001,0.0000001745319558876801
94725.00000000001,0.00000035868139391936893
94750,0.0000001752177823943768
94775,0.0000003599000377718653
94800,0.00000017607449875889358
94825,0.00000036087223720393524
94850,0.00000017721494216527134
94875.00000000001,0.00000036154054416925874
94900.00000000001,0.00000017862122525524882
94925,0.00000036198063146919424
94950,0.00000018018565040023304
94975,0.00000036232902200783457
95000,0.0000001817323986852415
95025,0.0000003627812616979753
95050.00000000001,0.00000018308922600240862
95075.00000000001,0.0000003634651536410516
95100,0.00000018416543512422834
95125,0.00000036443830475629824
95150,0.00000018495321696399003
95175,0.00000036563895755570286
95200,0.0000001855740748846202
95225.00000000001,0.0000003669098482816935
95250.00000000001,0.0000001862027758647855
95275,0.0000003680702266306568
95300,0.00000018700699278006994
95325,0.0000003689796788108879
95350,0.0000001880880869942203
95375,0.0000003696021750876355
95400,0.0000001894389073386904
95425.00000000001,0.00000036997603913846433
95450,0.00000019093892145161107
95475,0.0000003702732692678623
95500,0.00000019242500370886262
95525,0.00000037065808011771395
95550,0.00000019372442550125157
95575,0.0000003712858887006121
95600.00000000001,0.00000019473385692858614
95625,0.0000003721925153632455
95650,0.00000019546831830918876
95675,0.00000037332620439478603
95700,0.0000001960247308918639
95725,0.00000037453175671942063
95750,0.00000019659461092391695
95775.00000000001,0.00000037562310550853795
95800,0.00000019733573497493495
95825,0.00000037646910044930593
95850,0.00000019835139308810312
95875,0.0000003770168166550292
95900,0.0000001996275118543167
95925,0.00000037733176028176274
95950.00000000001,0.00000020106402609521012
95975,0.0000003775549998197292
96000,0.00000020247896381775377
96025,0.00000037787818085721625
96050,0.00000020370921249845964
96075,0.0000003784281017438218
96100,0.0000002046521213605601
96125.00000000001,0.0000003792686564807468
96150,0.00000020531356337283313
96175,0.0000003803219387199519
96200,0.00000020580991455521058
96225,0.0000003814561497783586
96250,0.00000020630923303066595
96275,0.00000038247387490475404
96300.00000000001,0.00000020697648639433908
96325,0.0000003832337395204277
96350,0.00000020791365085148783
96375,0.000000383712789209234
96400,0.00000020911814602175838
96425,0.00000038395060109053247
96450,0.00000021047523657280465
96475.00000000001,0.000000384104472672675
96500,0.0000002118178952237315
96525,0.0000003843451487073324
96550,0.00000021297041019607832
96575,0.00000038482487774160745
96600,0.00000021383832793375745
96625,0.00000038557812120920687
96650.00000000001,0.00000021442713959984872
96675,0.0000003865563308336206
96700,0.00000021484516432579426
96725,0.00000038759874931848515
96750,0.0000002152709611680237
96775,0.00000038853890860224283
96800,0.00000021586174769883115
96825.00000000001,0.00000038922757228387894
96850,0.00000021672832173358358
96875,0.0000003896219150645308
96900,0.00000021784801207402893
96925,0.0000003897851212908421
96950,0.00000021912634506904283
96975,0.00000038985492067933336
97000.00000000001,0.00000022038636537935474
97025,0.00000039001730289811576
97050,0.0000002214609708950377
97075,0.00000039040938815126935
97100,0.000000222247712344803
97125,0.0000003910835486564679
97150,0.00000022275928701631642
97175.00000000001,0.00000039197109413802167
97200.00000000001,0.00000022310288094740116
97225,0.0000003929327521134951
97250,0.00000022344613570535188
97275,0.00000039378299654391213
97300,0.00000022396200505259145
97325,0.00000039439177468292286
97350.00000000001,0.0000002247410785249926
97375.00000000001,0.00000039470409618491686
97400,0.00000022578751635027317
97425,0.00000039478311619767226
97450,0.00000022697923174330725
97475,0.0000003947756419542259
97500,0.00000022816092359878581
97525.00000000001,0.00000039485056735344415
97550.00000000001,0.0000002291542879895303
97575,0.0000003951611587948989
97600,0.0000002298615929818837
97625,0.00000039574450749757517
97650,0.0000002302911530360774
97675,0.0000003965463667432445
97700.00000000001,0.00000023055374009928187
97725.00000000001,0.0000003974121941530129
97750,0.00000023081625011300844
97775,0.00000039817739261316376
97800,0.00000023124166403931667
97825,0.00000039868812717891444
97850,0.00000023193458720260907
97875.00000000001,0.00000039890851255552917
97900.00000000001,0.00000023287877592981232
97925,0.0000003988857134595847
97950,0.00000023398102821925448
97975,0.0000003987749983558331
98000,0.00000023504749313563167
98025,0.00000039874475843415524
98050.00000000001,0.0000002359472851543032
98075.00000000001,0.000000398928837408441
98100,0.00000023647840730056657
98125,0.00000039961546582922836
98150,0.00000023733080023458086
98175,0.0000004006618845586729
98200,0.00000023775671520454011
98225.00000000001,0.00000040170265769301494
98250.00000000001,0.00000023818317651524978
98275,0.000000402585066616723
98300,0.0000002387102777667849
98325,0.0000004032007182575015
98350,0.00000023948811733731645
98375,0.0000004034926531781835
98400.00000000001,0.0000002405081734879744
98425.00000000001,0.00000040354323216362786
98450,0.0000002416685120909534
98475,0.000000403488695344123
98500,0.00000024280758459394036
98525,0.0000004035177734174056
98550,0.00000024375296447942674
98575.00000000001,0.00000040376451193591123
98600.00000000001,0.00000024441879242775855
98625,0.0000004042854588881539
98650,0.0000002448021525491839
98675,0.00000040502006914966415
98700,0.0000002450180314195194
98725,0.0000004058157114794625
98750.00000000001,0.00000024523366692896786
98775.00000000001,0.00000040651152855009087
98800,0.00000024560972833320704
98825,0.00000040696112313387545
98850,0.0000002462509236522692
98875,0.0000004071192158949799
98900,0.00000024715011337494985
98925.00000000001,0.00000040703948511744414
98950.00000000001,0.0000002482017975591333
98975,0.00000040687455571397635
99000,0.00000024923298713730446
99025,0.0000004067936715257403
99050,0.000000250086482078693
99075,0.0000004069390650007776
99100,0.00000025065474862362436
99125.00000000001,0.0000004073576695962089
99150,0.0000002509538611361606
99175,0.0000004079893582975558
99200,0.00000025108044854338374
99225,0.0000004086937480662911
99250,0.0000002512131628273906
99275,0.00000040928939459838887
99300.00000000001,0.0000002515064724262217
99325,0.00000040964982905844494
99350,0.00000025206204312677727
99375,0.00000040971365222741696
99400,0.00000025287903870907513
99425,0.000000409545605317696
99450,0.0000002538476815416857
99475.00000000001,0.0000004092872403216319
99500,0.0000002547980533229577
99525,0.00000040911706633561806
99550,0.00000025557042937496277
99575,0.0000004091730372302038
99600,0.00000025606833686797614
99625,0.00000040950032831332805
99650.00000000001,0.00000025628751731954225
99675,0.0000004100422996700104
99700,0.00000025634499611904005
99725,0.00000041065434497333797
99750,0.0000002563984184966728
99775,0.00000041116582316647055
99800,0.00000025662000002757424
99825.00000000001,0.0000004114332704530099
99850,0.00000025710128614964134
99875,0.0000004114149426692748
99900,0.00000025784195889499983
99925,0.0000004111576120680027
99950,0.0000002587393315156561
99975,0.0000004108144793235624
100000.00000000001,0.0000002596167374413483
100025,0.00000041055668542622215
100050,0.00000026031763078471215
100075,0.00000041052234878158345
100100,0.00000026073995063047306
100125,0.0000004107582944889998
100150,0.000000260893047498989
100175.00000000001,0.00000041120986205012144
100200,0.0000002608756677346946
100225,0.0000004117327682129357
100250,0.0000002608621361144259
100275,0.000000412151173856401
100300,0.0000002610077661779897
100325,0.0000004123315182624765
100350.00000000001,0.00000026142042197641047
100375,0.00000041221637825383795
100400,0.000000262087225477714
100425,0.0000004118755424498133
100450,0.0000002629139190801766
100475,0.0000004114368128416146
100500,0.00000026371577088735165
100525.00000000001,0.0000004110799020073941
100550,0.00000026433838884454275
100575,0.0000004109513425110123
100600,0.000000264691591533861
100625,0.00000041108921866594983
100650,0.00000026476973391531544
100675,0.0000004114414664524446
100700.00000000001,0.000000264682559980578
100725.00000000001,0.00000041186327326414585
100750,0.0000002645912684506868
100775,0.00000041218170898638107
100800,0.0000002646657696336874
100825,0.0000004122559121855218
100850,0.00000026499767469267965
100875.00000000001,0.0000004120401990714839
100900.00000000001,0.00000026558946741861433
100925,0.0000004115867598963874
100950,0.00000026632966276807224
100975,0.0000004110447908711734
101000,0.00000026705598110687845
101025,0.0000004105791937547565
101050.00000000001,0.00000026760229820954606
101075.00000000001,0.00000041033682551816497
101100,0.0000002678689947632762
101125,0.0000004103565248714247
101150,0.00000026786753637431104
101175,0.0000004105856911129635
101200,0.0000002676930865863625
101225.00000000001,0.0000004108824804838207
101250.00000000001,0.0000002675156656195554
101275,0.00000041107255688288546
101300,0.00000026749686732330247
101325,0.0000004110159403936109
101350,0.0000002677376548243515
101375,0.00000041066454148364073
101400.00000000001,0.00000026822988319352703
101425.00000000001,0.0000004100739738888137
101450,0.0000002688702510633689
101475,0.00000040938401735246543
101500,0.0000002694919259971229
101525,0.00000040877161677776996
101550,0.0000002699324730404129
101575.00000000001,0.0000004083667061172136
101600.00000000001,0.00000027009182335113735
101625,0.00000040822393354567055
101650,0.0000002699716746823455
101675,0.00000040827814273836083
101700,0.00000026967957134083065
101725,0.0000004083913867081179
101750.00000000001,0.00000026936969899082897
101775.00000000001,0.00000040838880910332165
101800,0.0000002692113807434282
101825,0.00000040812496671094323
101850,0.0000002692978218199471
101875,0.0000004075508278633677
101900,0.0000002696226361065257
101925.00000000001,0.00000040671573420247853
101950.00000000001,0.0000002700749627271293
101975,0.00000040575990867264267
102000,0.0000002704856414403878
102025,0.0000004048406427870077
102050,0.00000027068143026998115
102075,0.00000040409324086887466
102100.00000000001,0.00000027054874640608517
102125.00000000001,0.000000403537761539674
102150,0.0000002700730616922442
102175,0.0000004030999408710656
102200,0.00000026929880592163613
102225,0.0000004025521196382442
102250,0.0000002683116292478971
102275.00000000001,0.00000040148026680952853
102300.00000000001,0.00000026622967896905436
102325,0.00000040135475498637163
102350,0.00000026984098389082334
102375,0.00000040329197892319257
102400,0.0000002720674865397399
102425,0.0000004041889991590608
102450.00000000001,0.0000002741290940910801
102475.00000000001,0.00000040470164341943615
102500,0.0000002759796138285253
102525,0.00000040512102394973937
102550,0.00000027755458964495716
102575,0.00000040562961278745036
102600,0.00000027877845021340164
102625.00000000001,0.0000004063152649891322
102650.00000000001,0.00000027968416183021816
102675,0.0000004071310450992627
102700,0.00000028038447896783225
102725,0.0000004079577139437518
102750,0.0000002810556152255117
102775,0.0000004086236852218761
102800.00000000001,0.00000028186760503423613
102825.00000000001,0.00000040900704434410073
102850,0.0000002829211737109816
102875,0.00000040905335596530534
102900,0.00000028422519116055867
102925,0.0000004088273526381414
102950,0.00000028566726695267164
102975,0.0000004084766677125984
103000.00000000001,0.00000028709628308032364
103025,0.00000040816407853583314
103050,0.0000002883525859198599
103075,0.00000040803283318791017
103100,0.00000028934046236717137
103125,0.00000040812883650431786
103150,0.00000029006752799709545
103175.00000000001,0.00000040839710047091415
103200,0.0000002906424717563638
103225,0.000000408689997399847
103250,0.0000002912350209882675
103275,0.00000040883552754333863
103300,0.000000292012552582932
103325,0.0000004086877921638532
103350.00000000001,0.0000002930821100255443
103375,0.00000040819573365880046
103400,0.0000002944448186381621
103425,0.000000407404232460884
103450,0.0000002960100202731297
103475,0.00000040645067223010756
103500,0.0000002976140088817303
103525.00000000001,0.0000004054967867039849
103550,0.00000029911728738341026
103575,0.0000004046601956853024
103600,0.0000003004299010678224
103625,0.00000040398593814661155
103650,0.00000030157071817527026
103675,0.00000040339359541619046
103700.00000000001,0.0000003026689606722144
103725,0.0000004027188785782343
103750,0.0000003039178777530793
103775,0.00000040175445237267127
103800,0.0000003055207309365926
103825,0.0000004003190527956946
103850,0.0000003076275347790869
103875.00000000001,0.00000039829852627182305
103900,0.00000031031091529687416
103925,0.000000395664776942084
103950,0.00000031356845120456
103975,0.00000039243201077621137
104000,0.0000003173901913511301
104025,0.00000038858904427563346
104050.00000000001,0.0000003218396700255255
104075,0.0000003839807649619331
104100,0.00000032719761366983846
104125,0.0000003781736253039014
104150,0.0000003340971665988235
104175,0.00000037025696841830325
104200,0.0000003438402866873247
104225.00000000001,0.0000003583608336743538
104250.00000000001,0.0000003591596118290852
104275,0.00000033831185053401214
104300,0.0000003869083078367197
104325,0.00000029768380316319565
104350,0.00000045334969844823547
104375,0.00000016103135114242662
104400.00000000001,0.000003483281182603548
104425.00000000001,-0.000004986450901744988
104450,0.0000033505311178849695
104475,-0.0000022724832280385243
104500,0.000001425097423402022
104525,-0.0000007153084373712204
104550,0.0000001955087161054081
104575.00000000001,0.00000023428089157562226
104600.00000000001,-0.0000005112397596374052
104625,0.0000007269404276311064
104650,-0.0000008241051041579794
104675,0.0000008859646647429997
104700,-0.000000860745204223079
104725,0.0000008239294018164145
104750.00000000001,-0.0000007274539901569455
104775.00000000001,0.0000006394345570814863
104800,-0.0000005138709717744661
104825,0.00000041187446320201104
104850,-0.0000002883801404340858
104875,0.00000019801808970321133
104900,-0.00000009609680517996821
104925.00000000001,0.000000031517731313712716
104950.00000000001,0.00000004010778020813177
104975,-0.00000007465607732015656
105000,0.00000011593151683086944
105025,-0.0000001235362121487782
105050,0.00000014022342575970015
105075,-0.00000012829407625147837
105100.00000000001,0.0000001289617215238792
105125.00000000001,-0.000000106343550188015
105150,0.00000009973231773763302
105175,-0.00000007440649318901649
105200,0.00000006754322767754672
105225,-0.00000004518925189600509
105250,0.00000004241873630128623
105275.00000000001,-0.00000002589712444489578
105300.00000000001,0.00000002878541849327121
105325,-0.000000018403260249044706
105350,0.00000002630116457957854
105375,-0.000000020592464622382067
105400,0.000000031554759472030014
105425,-0.000000028256985862284978
105450.00000000001,0.00000004000614528543167
105475.00000000001,-0.00000003694637928930433
105500,0.000000047633290867210576
105525,-0.000000043327205601073615
105550,0.00000005195072949604196
105575,-0.00000004583675705660539
105600,0.000000052302473685372775
105625.00000000001,-0.000000044644613339528405
105650.00000000001,0.00000004954210686136662
105675,-0.00000004111544327223271
105700,0.00000004534953768065009
105725,-0.00000003705285411825798
105750,0.000000041472064671310704
105775,-0.00000003400009740417431
105800.00000000001,0.00000003913448720638257
105825.00000000001,-0.000000032794148729919925
105850,0.00000003875600862457418
105875,-0.000000033449544023511635
105900,0.00000003999123876496924
105925,-0.00000003533477177519728
105950,0.000000042011120582330364
105975.00000000001,-0.0000000375217694692509
106000.00000000001,0.00000004388335650418185
106025,-0.00000003916097757183934
106050,0.000000044909783003532766
106075,-0.00000003975533546807242
106100,0.00000004481947213363924
106125,-0.000000039263662321431525
106150.00000000001,0.0000000437819720477961
106175.00000000001,-0.00000003803128034718384
106200,0.00000004226951477726004
106225,-0.00000003660263470095515
106250,0.00000004084117466440773
106275,-0.00000003549868288210689
106300,0.00000003993421415771081
106325.00000000001,-0.00000003504015810840144
106350.00000000001,0.00000003973253570599411
106375,-0.00000003526886205307278
106400,0.00000004014315879707908
106425,-0.00000003597708153613155
106450,0.00000004087192895241287
106475,-0.000000036818937898530635
106500.00000000001,0.00000004155723787313548
106525.00000000001,-0.00000003745246424102788
106550,0.00000004190701319295442
106575,-0.000000037659449114713084
106600,0.00000004179158485939638
106625,-0.00000003740472553914742
106650,0.00000004126653174729711
106675,-0.000000036823213367398466
106700.00000000001,0.00000004052759150496854
106725,-0.00000003614906773918847
106750,0.000000039822470432326895
106775,-0.0000000356195559714223
106800,0.00000003935611192495969
106825,-0.00000003539029203025734
106850,0.00000003922320979121707
106875.00000000001,-0.00000003549035798577904
106900,0.000000039388551531516214
106925,-0.00000003582774987798132
106950,0.0000000397153534503758
106975,-0.0000000362367955641929
107000,0.00000004002639952815912
107025,-0.00000003654634705974047
107050.00000000001,0.000000040172234205826385
107075,-0.000000036641602196851863
107100,0.00000004008141685218902
107125,-0.00000003649886148870962
107150,0.000000039777319216227625
107175,-0.00000003618374910807631
107200,0.000000039359091763557785
107225.00000000001,-0.00000003581779162153964
107250,0.00000003895774436379895
107275,-0.00000003552861693734144
107300,0.000000038685498804369445
107325,-0.0000000354033331539938
107350,0.00000003859731112498821
107375,-0.00000003546131432941024
107400.00000000001,0.000000038676939873028005
107425,-0.000000035654230456927394
107450,0.000000038850119787881
107475,-0.0000000358902862984678
107500,0.000000039017029385135515
107525,-0.00000003607166099151016
107550,0.00000003909104084875992
107575.00000000001,-0.000000036130669789358194
107600,0.000000039028788423323135
107625,-0.00000003605125153960387
107650,0.00000003884168764400897
107675,-0.000000035869982983882664
107700,0.00000003858669739287279
107725,-0.00000003565784068015887
107750.00000000001,0.00000003834134232327813
107775.00000000001,-0.000000035491284133826184
107800,0.00000003817370064496117
107825,-0.000000035423928235189805
107850,0.000000038118413536736284
107875,-0.00000003546905835705161
107900,0.0000000381670381965904
107925.00000000001,-0.00000003559831007748926
107950.00000000001,0.00000003827483108231888
107975,-0.00000003575560736379657
108000,0.000000038380164824047824
108025,-0.000000035879904825009135
108050,0.000000038428339399487754
108075,-0.000000035927901320675915
108100.00000000001,0.00000003839109541381447
108125.00000000001,-0.000000035888448435272835
108150,0.000000038274647673475215
108175,-0.0000000357838498832308
108200,0.0000000381145999206467
108225,-0.000000035659113217789695
108250,0.000000037960607768283694
108275.00000000001,-0.00000003556361360956828
108300.00000000001,0.00000003785702462621998
108325,-0.00000003553269212197563
108350,0.00000003782710855659843
108375,-0.00000003557577610280305
108400,0.00000003786605407007926
108425,-0.000000035674884824032915
108450.00000000001,0.00000003794490410768958
108475.00000000001,-0.00000003579329255209984
108500,0.000000038022937243198385
108525,-0.00000003589036845497162
108550,0.00000003806347481649652
108575,-0.000000035936770448330435
108600,0.00000003804702441989605
108625.00000000001,-0.000000035924417662869246
108650.00000000001,0.00000003797725867116242
108675,-0.00000003586793173582237
108700,0.00000003787787483666705
108725,-0.00000003579754581650718
108750,0.00000003778253310215973
108775,-0.00000003574701912256728
108800.00000000001,0.00000003772178303051987
108825.00000000001,-0.00000003574086870905546
108850,0.000000037711959111064175
108875,-0.00000003578600904496909
108900,0.00000003775018053708834
108925,-0.000000035870367565138395
108950,0.000000037816633602361094
108975.00000000001,-0.00000003596859921017881
109000.00000000001,0.000000037883038705999184
109025,-0.00000003605230425307582
109050,0.000000037923581830412445
109075,-0.000000036100679778883205
109100,0.00000003792428815430071
109125,-0.000000036107710377208946
109150.00000000001,0.00000003788739877386149
109175.00000000001,-0.000000036083435794864727
109200,0.00000003782950752651004
109225,-0.00000003604919340816082
109250,0.00000003777446422326136
109275,-0.000000036029020433758774
109300,0.00000003774418888546904
109325.00000000001,-0.00000003604067644324971
109350.00000000001,0.00000003775063683875146
109375,-0.00000003608934751042625
109400,0.000000037791946461140924
109425,-0.00000003616655930294144
109450,0.00000003785401325728799
109475,-0.00000003625409372709498
109500.00000000001,0.00000003791637381844737
109525.00000000001,-0.000000036331319286375674
109550,0.00000003796019365509551
109575,-0.000000036382958201741644
109600,0.000000037975100397602546
109625,-0.000000036404415482138575
109650,0.00000003796253955634654
109675.00000000001,-0.00000003640287560280342
109700.00000000001,0.00000003793454750322667
109725,-0.00000003639393719723216
109750,0.00000003790866709429963
109775,-0.000000036395355174079214
109800,0.000000037901132676765314
109825,-0.000000036420349402987995
109850.00000000001,0.00000003792095393251316
109875.00000000001,-0.000000036472960873723537
109900,0.00000003796690584145779
109925,-0.000000036546981219132135
109950,0.00000003802855363943536
109975,-0.0000000366289034658962
110000,0.00000003809066573268183
110025.00000000001,-0.00000003670326997884388
110050.00000000001,0.00000003813904858596118
110075,-0.000000036758527333091706
110100,0.00000003816581517490647
110125,-0.00000003679110216481263
110150,0.000000038171914518159156
110175,-0.00000003680628957170029
110200.00000000001,0.00000003816635629760867
110225.00000000001,-0.000000036815839266068906
110250,0.00000003816239968479351
110275,-0.000000036833227134991375
110300,0.00000003817242677506272
110325,-0.000000036868575969961626
110350,0.00000003820336491600074
110375.00000000001,-0.00000003692505945451785
110400.00000000001,0.0000000382544083077363
110425,-0.00000003699804551615671
110450,0.000000038317628847650553
110475,-0.000000037077219516845616
110500,0.00000003838135764766548
110525,-0.00000003715071850152185
110550,0.000000038434688320876376
110575.00000000001,-0.000000037209591408071674
110600,0.00000003847142693302885
110625,-0.000000037250991180570736
110650,0.00000003849224761154346
110675,-0.000000037278939268858835
110700,0.0000000385040344053067
110725,-0.00000003730248510080969
110750.00000000001,0.000000038517070199972636
110775,-0.00000003733211362266786
110800,0.00000003854100150135764
110825,-0.00000003737574361117879
110850,0.00000003858129282718892
110875,-0.00000003743592147387176
110900,0.00000003863737374487641
110925.00000000001,-0.00000003750909849387085
110950,0.000000038703118931948666
110975,-0.000000037587231327407267
111000,0.000000038769379706593554
111025,-0.000000037661001872635325
111050,0.000000038827566717358764
111075,-0.00000003772335244178748
111100.00000000001,0.00000003887276456282507
111125,-0.000000037771954009002684
111150,0.00000003890541555584548
111175,-0.000000037809937625254975
111200,0.000000038930943802029105
111225,-0.00000003784443047827324
111250,0.00000003895744837834059
111275.00000000001,-0.000000037883735259924833
111300.00000000001,0.00000003899261935558229
111325,-0.00000003793418468234222
111350,0.00000003904082679362375
111375,-0.00000003799783776514687
111400,0.00000003910167234444373
111425,-0.00000003807192094917866
111450.00000000001,0.0000000391703083302275
111475.00000000001,-0.00000003815004623319851
111500,0.00000003923944480455077
111525,-0.00000003822476091208671
111550,0.000000039302183285627734
111575,-0.00000003829037931168955
111600,0.00000003935456316384034
111625.00000000001,-0.00000003834501738353424
111650.00000000001,0.00000003939689507959088
111675,-0.00000003839112028281022
111700,0.00000003943348780843792
111725,-0.00000003843442120121665
111750,0.000000039470885226933206
111775,-0.00000003848161167496755
111800.00000000001,0.00000003951527061119009
111825.00000000001,-0.00000003853781405105394
111850,0.00000003957022465250759
111875,-0.00000003860473807293374
111900,0.00000003963544004115249
111925,-0.00000003868015818753179
111950,0.00000003970702855404795
111975.00000000001,-0.00000003875892917726276
112000.00000000001,0.00000003977908824559506
112025,-0.00000003883499433143811
112050,0.00000003984599916684317
112075,-0.00000003890371536030557
112100,0.00000003990451435953446
112125,-0.000000038963526183266595
112150.00000000001,0.00000003995486208552279
112175.00000000001,-0.00000003901640255321581
112200,0.00000004000052755692707
112225,-0.00000003906698786693141
112250,0.000000040046841842666936
112275,-0.000000039120773287493193
112300,0.00000004009888909806136
112325.00000000001,-0.00000003918195412566661
112350.00000000001,0.00000004015959809144931
112375,-0.00000003925195501963685
112400,0.00000004022876409770504
112425,-0.000000039328988066245074
112450,0.000000040303202775149316
112475,-0.00000003940882820074876
112500.00000000001,0.00000004037808087886674
112525.00000000001,-0.00000003948650961760336
112550,0.00000004044876056319424
112575,-0.00000003955818006495804
112600,0.00000004051253887915607
112625,-0.000000039622533254402015
112650,0.00000004056958546883038
112675.00000000001,-0.00000003968117412433969
112700.00000000001,0.00000004062275982263941
112725,-0.0000000397379320560276
112750,0.000000040676460200117504
112775,-0.000000039797342310521344
112800,0.000000040734908779427315
112825,-0.00000003986291319257873
112850.00000000001,0.000000040800559153453264
112875.00000000001,-0.000000039935833306969926
112900,0.0000000408732467871431
112925,-0.00000004001464426472978
112950,0.000000040950365542968825
112975,-0.00000004009585308217822
113000,0.000000041027880870458944
113025.00000000001,-0.0000000401753097456492
113050.00000000001,0.00000004110193208006763
113075,-0.00000004024980393424471
113100,0.00000004117024032801453
113125,-0.000000040318209659773174
113150,0.00000004123292685065394
113175,-0.00000004038186518506848
113200.00000000001,0.00000004129237551886433
113225.00000000001,-0.00000004044395618407748
113250,0.000000041352255175652886
113275,-0.000000040508282284079655
113300,0.000000041416112095404856
113325,-0.00000004057779490196367
113350,0.00000004148601906450722
113375.00000000001,-0.000000040653514332689156
113400.00000000001,0.00000004156185595682871
113425,-0.000000040734218220706
113450,0.000000041641436521189235
113475,-0.000000040816990010128507
113500,0.000000041721388788218405
113525,-0.00000004089833249842911
113550.00000000001,0.00000004179843338114608
113575.00000000001,-0.000000040975522530573016
113600,0.00000004187065294480874
113625,-0.00000004104761019974035
113650,0.00000004193812852548717
113675,-0.00000004111570017784061
113700,0.00000004200286629618688
113725.00000000001,-0.00000004118249119500206
113750.00000000001,0.00000004206796799799406
113775,-0.000000041251184690338505
113800,0.00000004213642812445073
113825,-0.00000004132429087810863
113850,0.000000042210021700128664
113875,-0.000000041402686168368064
113900.00000000001,0.00000004228865457811537
113925.00000000001,-0.000000041485346269354295
113950,0.00000004237048134569932
113975,-0.00000004156979538372241
114000,0.00000004245264051405684
114025,-0.000000041653074323022565
114050,0.000000042532352306778876
114075.00000000001,-0.000000041732852507081475
114100.00000000001,0.000000042607959160889664
114125,-0.00000004180831170152999
114150,0.00000004267953901404553
114175,-0.000000041880392931403776
114200,0.00000004274878118160075
114225,-0.000000041951375706617
114250,0.000000042818331325022996
114275.00000000001,-0.000000042024004498486534
114300,0.00000004289074606589338
114325,-0.000000042100413155665706
114350,0.00000004296754485544341
114375,-0.00000004218137106271058
114400,0.00000004304866862980816
114425,-0.000000042266008692948276
114450.00000000001,0.00000004313253820775742
114475,-0.000000042352213736052136
114500,0.000000043216711542726216
114525,-0.00000004243745066467852
114550,0.00000004329880409770226
114575,-0.00000004251972152147232
114600,0.00000004337738834792049
114625.00000000001,-0.00000004259830688191357
114650,0.00000004345251247706017
114675,-0.00000004267400943724908
114700,0.00000004352563531817566
114725,-0.000000042748785622492846
114750,0.00000004359901062400695
114775,-0.000000042824981782985105
114800.00000000001,0.00000004367485062495291
114825.00000000001,-0.00000004290445398957843
114850,0.00000004375446782667325
114875,-0.00000004298786149270484
114900,0.00000004383782137296066
114925,-0.000000043074477096283204
114950,0.00000004392356389715246
114975.00000000001,-0.00000004316247448343802
115000.00000000001,0.000000044009579758252926
115025,-0.00000004324966695889998
115050,0.000000044093815487755705
115075,-0.00000004333432435110751
115100,0.00000004417502719178401
115125,-0.00000004341581516520421
115150.00000000001,0.00000004425324862111779
115175.00000000001,-0.00000004349482285448403
115200,0.00000004432973299550724
115225,-0.00000004357304250746097
115250,0.00000004440643941450162
115275,-0.000000043652504055913255
115300,0.00000004448527457512341
115325.00000000001,-0.000000043734817323226594
115350.00000000001,0.000000044567396884076516
115375,-0.000000043820573836228505
115400,0.00000004465277214649177
115425,-0.000000043909135438724434
115450,0.000000044740236626594765
115475,-0.000000043998930276956116
115500.00000000001,0.00000004482795668003803
115525.00000000001,-0.00000004408804521460752
115550,0.00000004491413396756627
115575,-0.00000004417497856401553
115600,0.000000044997694459425475
115625,-0.000000044259173437311006
115650,0.000000045078652588514956
115675.00000000001,-0.000000044341217586563175
115700.00000000001,0.00000004515809992611253
115725,-0.00000004442258605408256
115750,0.00000004523774244091783
115775,-0.00000004450505231012869
115800,0.000000045319248132003054
115825,-0.00000004459001878842628
115850.00000000001,0.000000045403624637785356
115875.00000000001,-0.000000044678008626064525
115900,0.00000004549085930172225
115925,-0.00000004476847448309229
115950,0.000000045579928720229645
115975,-0.0000000448600332436655
116000,0.00000004566923461624128
116025.00000000001,-0.00000004495102268187168
116050.00000000001,0.0000000457572049139543
116075,-0.00000004504011630324101
116100,0.00000004584289126086105
116125,-0.00000004512683182689159
116150,0.00000004592631075439613
116175,-0.000000045211674626344234
116200.00000000001,0.00000004600840508572901
116225.00000000001,-0.00000004529593189417369
116250,0.00000004609067638661202
116275,-0.000000045381163271684954
116300,0.00000004617458593259016
116325,-0.0000000454685984419001
116350,0.000000046261022346172354
116375.00000000001,-0.00000004555870125599881
116400.00000000001,0.000000046349977633752815
116425,-0.000000045650996094437346
116450,0.000000046440564505090265
116475,-0.00000004574427348025267
116500,0.00000004653136653764989
116525,-0.0000000458370639222494
116550.00000000001,0.000000046621013272130085
116575.00000000001,-0.000000045928207459411396
116600,0.00000004670866116107675
116625,-0.00000004601726710795617
116650,0.00000004679431975240789
116675,-0.000000046104689177539626
116700,0.00000004687881882681211
116725.00000000001,-0.00000004619159876817491
116750.00000000001,0.00000004696347177812754
116775,-0.00000004627937255641257
116800,0.000000047049580009783654
116825,-0.00000004636910300170882
116850,0.000000047137925784923596
116875,-0.00000004646119733386911
116900.00000000001,0.00000004722850843741355
116925.00000000001,-0.00000004655524543650813
116950,0.00000004732054881273484
116975,-0.00000004665017838689778
117000,0.000000047412799908386205
117025,-0.000000046744696557965426
117050,0.00000004750403848063911
117075.00000000001,-0.00000004683777055092264
117100.00000000001,0.00000004759352512095916
117125,-0.00000004692901378611225
117150,0.00000004768125694276648
117175,-0.000000047018807292076303
117200,0.00000004776796602712352
117225,-0.00000004710815448838446
117250.00000000001,0.000000047854819218429157
117275.00000000001,-0.000000047198269736981047
117300,0.000000047942966929781505
117325,-0.00000004729012981208314
117350,0.000000048033115929158043
117375,-0.00000004738410042115504
117400,0.00000004812526044339904
117425.00000000001,-0.00000004747981297015258
117450.00000000001,0.00000004821871724125515
117475,-0.00000004757632865448613
117500,0.00000004831237521152332
117525,-0.00000004767248751313957
117550,0.00000004840514788995165
117575,-0.000000047767370725537717
117600.00000000001,0.000000048496372029305235
117625.00000000001,-0.00000004786063301231991
117650,0.0000000485860487398071
117675,-0.000000047952612769464054
117700,0.00000004867481973036547
117725,-0.00000004804419528880999
117750,0.0000000487637283885789
117775.00000000001,-0.0000000481364712534571
117800.00000000001,0.00000004885380233687897
117825,-0.000000048230306193275396
117850,0.00000004894566951740842
117875,-0.000000048326032286993836
117900,0.000000049039333260836315
117925,-0.00000004842332201882016
117950.00000000001,0.000000049134176061116364
117975.00000000001,-0.000000048521335171969326
118000,0.000000049229219145630054
118025,-0.00000004861904323583133
118050,0.00000004932348440789269
118075,-0.00000004871561887220821
118100,0.00000004941638054312136
118125,-0.000000048810754993411365
118150.00000000001,0.000000049507905774959227
118175,-0.00000004890475047147902
118200,0.000000049598633644620804
118225,-0.00000004899839511907089
118250,0.00000004968949141037626
118275,-0.00000004909266126951195
118300,0.000000049781403443915906
118325.00000000001,-0.00000004918833140798995
118350.00000000001,0.00000004987493285035782
118375,-0.00000004928569596884813
118400,0.00000004997008096196964
118425,-0.0000000493844711790814
118450,0.00000005006630243720167
118475,-0.0000000494839014208992
118500.00000000001,0.00000005016271598101696
118525.00000000001,-0.000000049583068539860164
118550,0.00000005025845295492104
118575,-0.00000004968123112902845
118600,0.00000005035297334643474
118625,-0.00000004977810519335435
118650,0.00000005044627626737963
118675.00000000001,-0.000000049873962293389695
118700.00000000001,0.00000005053887419670389
118725,-0.00000004996950564439828
118750,0.000000050631596693051506
118775,-0.00000005006560899190049
118800,0.00000005072527531346793
118825,-0.00000005016297621729393
118850.00000000001,0.000000050820419872366074
118875.00000000001,-0.00000005026187444023833
118900,0.00000005091703259019198
118925,-0.000000050362044312635135
118950,0.000000051014625412904024
118975,-0.00000005046281614795589
119000,0.00000005111240986011012
119025.00000000001,-0.00000005056335816711055
119050.00000000001,0.00000005120959900573041
119075,-0.00000005066300490241815
119100,0.000000051305709902749186
119125,-0.00000005076149656169093
119150,0.00000005140073100484699
119175,-0.000000050859072509013004
119200.00000000001,0.00000005149512904978337
119225.00000000001,-0.00000005095637090057892
119250.00000000001,0.000000051589648775163255
119275.00000000001,-0.00000005105417466566564
119300.00000000001,0.00000005168504024766207
119324.99999999999,-0.00000005115312329273536
119350,0.000000051781767318459515
119375,-0.00000005125345969858586
119400,0.00000005187983354026926
119425,-0.000000051354951624560385
119450,0.000000051978798820684347
119475,-0.0000000514569931109321
119500,0.000000052077952616969014
119525,-0.00000005155883808782846
119550.00000000001,0.0000000521765841643429
119575.00000000001,-0.000000051659877930987363
119600.00000000001,0.00000005227425137199759
119625.00000000001,-0.00000005175987927152903
119650.00000000001,0.00000005237094713450574
119674.99999999999,-0.0000000518590557163634
119700,0.000000052467086009144737
119725,-0.000000051957983915329464
119750,0.000000052563349450807095
119775,-0.00000005205737574343061
119800,0.000000052660410476690345
119825,-0.00000005215780451983676
119850,0.00000005275869185972226
119875,-0.00000005225949717413414
119900.00000000001,0.00000005285820003919639
119925.00000000001,-0.00000005236224209781426
119950.00000000001,0.000000052958534002556235
119975.00000000001,-0.000000052465491284792165
120000.00000000001,0.00000005305905248498277
120024.99999999999,-0.00000005256856883129046
120050,0.00000005315911200121093
120075,-0.00000005267092539895657
120100,0.00000005325830909619356
120125,-0.00000005277234316203305
120150,0.000000053356635554280274
120175,-0.00000005287301907408448
120200,0.00000005345446973947787
120225,-0.0000000529734736076648
120250.00000000001,0.000000053552424494895945
120275.00000000001,-0.000000053074352690529736
120300.00000000001,0.00000005365111599431316
120325.00000000001,-0.00000005317617901567928
120350.00000000001,0.00000005375092282378091
120375.00000000001,-0.00000005327915464370392
120400,0.00000005385185652961866
120425,-0.000000053383095943715375
120450,0.00000005395355406889735
120475,-0.00000005348750153899573
120500,0.00000005405543124226142
120525,-0.00000005359175991870302
120550,0.00000005415690562671216
120575,-0.00000005369537059429774
120600.00000000001,0.00000005425760862820539
120625.00000000001,-0.000000053798134613813886
120650.00000000001,0.00000005435752914451086
120675.00000000001,-0.00000005390022739248934
120700.00000000001,0.000000054457011344766215
120725.00000000001,-0.00000005400212454986786
120749.99999999999,0.00000005455661322706362
120775,-0.00000005410441117348341
120800,0.00000005465689234540605
120825,-0.000000054207564659236596
120850,0.000000054758198864135466
120875,-0.00000005431177130255094
120900,0.00000005486053988867923
120925,-0.000000054416864125883535
120950.00000000001,0.00000005496359234413717
120975.00000000001,-0.00000005452239193459718
121000.00000000001,0.000000055066820880966816
121025.00000000001,-0.00000005462779140152918
121050.00000000001,0.00000005516969259211635
121075.00000000001,-0.00000005473260977773009
121099.99999999999,0.00000005527187263432154
121125,-0.000000054836661433910194
121150,0.0000000553733479069507
121175,-0.00000005494010535400662
121200,0.000000055474430826762955
121225,-0.00000005504337496908818
121250,0.00000005557563120817122
121275,-0.00000005514700629483116
121300.00000000001,0.00000005567745864354379
121325.00000000001,-0.00000005525143342843819
121350.00000000001,0.00000005578023176688873
121375.00000000001,-0.000000055356830896968745
121400.00000000001,0.000000055883963234748535
121425.00000000001,-0.000000055463046377823844
121449.99999999999,0.00000005598835395304036
121475,-0.00000005556966842235056
121500,0.000000056092919198391655
121525,-0.0000000556761832193331
121550,0.000000056197166697913303
121575,-0.00000005578217154855736
121600,0.000000056300791362318137
121625,-0.00000005588746843088188
121650.00000000001,0.000000056403780090974465
121675.00000000001,-0.00000005599221419849698
121700.00000000001,0.00000005650641599075357
121725.00000000001,-0.00000005609680719942389
121750.00000000001,0.000000056609168463950255
121775.00000000001,-0.0000000562017381522395
121799.99999999999,0.00000005671250247196724
121825,-0.00000005630740540496504
121850,0.00000005681671155777224
121875,-0.00000005641396816358224
121900,0.00000005692180682359549
121925,-0.00000005652129053679289
121950,0.00000005702751737501899
121975,-0.00000005662899393854559
122000,0.000000057133395570119205
122025.00000000001,-0.00000005673660785632251
122050.00000000001,0.00000005723899354492801
122075.00000000001,-0.00000005684374859704633
122100.00000000001,0.00000005734402708235109
122125.00000000001,-0.000000056950261617672027
122149.99999999999,0.00000005744848663447044
122175,-0.00000005705627992291795
122200,0.000000057552630661206194
122225,-0.00000005716216255891027
122250,0.000000057656886376378225
122275,-0.00000005726836382891065
122300,0.00000005776168476856469
122325,-0.000000057375248108115784
122350,0.000000057867292291291506
122375.00000000001,-0.000000057482962390054126
122400.00000000001,0.00000005797372115701194
122425.00000000001,-0.000000057591382995880736
122450.00000000001,0.0000000580807240080361
122475.00000000001,-0.00000005770016420214574
122499.99999999999,0.00000005818789006184488
122525,-0.00000005780887279982494
122550,0.000000058294806315473124
122575,-0.000000057917155737996495
122600,0.00000005840121386491148
122625,-0.00000005802487201833628
122650,0.00000005850709983157287
122675,-0.00000005813214065675254
122700,0.00000005861270291340759
122725.00000000001,-0.00000005823929405401884
122750.00000000001,0.0000000587184141309649
122775.00000000001,-0.00000005834674521310035
122800.00000000001,0.00000005882462916773079
122825.00000000001,-0.000000058454834750421014
122849.99999999999,0.000000058931596935707375
122875,-0.0000000585636961147884
122900,0.00000005903932676076806
122925,-0.000000058673218061855437
122950,0.000000059147594599906483
122975,-0.00000005878308328988169
123000,0.00000005925602142298203
123025,-0.00000005889289234062289
123050,0.00000005936422620145265
123075.00000000001,-0.00000005900231925259902
123100.00000000001,0.000000059471968905100425
123125.00000000001,-0.000000059111233685626985
123150.00000000001,0.00000005957923865373971
123175.00000000001,-0.000000059219744441563194
123199.99999999999,0.00000005968625216290491
123225,-0.000000059328155943561
123250,0.00000005979337136530205
123275,-0.0000000594368512185639
123300,0.0000000599009595259048
123325,-0.00000005954614201719721
123350,0.0000000600092489033699
123375,-0.000000059656157569421
123400,0.00000006011824926765996
123425.00000000001,-0.00000005976679107178029
123450.00000000001,0.00000006022775278502479
123475.00000000001,-0.00000005987775275606566
123500.00000000001,0.00000006033741128952386
123525.00000000001,-0.00000005998867447232215
123549.99999999999,0.00000006044687106410152
123575,-0.0000000600992522414856
123600,0.00000006055591073028666
123625,-0.00000006020936682560318
123650,0.00000006066451896380443
123675,-0.0000000603191177006579
123700,0.00000006077289649297768
123725,-0.00000006042878575307498
123750,0.00000006088137571857999
123775.00000000001,-0.00000006053872447786546
123800.00000000001,0.00000006099029503658926
123825.00000000001,-0.00000006064922430937258
123850.00000000001,0.00000006109986738778161
123875.00000000001,-0.00000006076040270919236
123900.00000000001,0.00000006121010498461033
123925,-0.0000000608721653083677
123950,0.00000006132081353804608
123975,-0.00000006098423988021295
124000,0.00000006143167197159016
124025,-0.00000006109628891692864
124050,0.00000006154235498989635
124075,-0.00000006120803064391112
124100,0.00000006165265409308063
124125.00000000001,-0.00000006131935315067949
124150.00000000001,0.00000006176256128753721
124175.00000000001,-0.00000006143034969596783
124200.00000000001,0.00000006187225976006516
124225.00000000001,-0.00000006154127873969628
124250.00000000001,0.00000006198205837470994
124275,-0.00000006165246757561249
124300,0.00000006209226866005224
124325,-0.00000006176418443359921
124350,0.0000000622030902341919
124375,-0.00000006187654122413733
124400,0.00000006231453397731457
124425,-0.00000006198944824120645
124450,0.00000006242642025533485
124475.00000000001,-0.00000006210265657280445
124500.00000000001,0.00000006253845330483898
124525.00000000001,-0.00000006221585091559234
124550.00000000001,0.00000006265032981289664
124575.00000000001,-0.00000006232877236556078
124600.00000000001,0.00000006276185837705839
124624.99999999999,-0.00000006244131500743322
124650,0.00000006287302789509397
124675,-0.00000006255356455042715
124700,0.0000000629840104515722
124725,-0.00000006266576124680512
124750,0.00000006309508981949818
124775,-0.0000000627782068551852
124800,0.00000006320655643321516
124825.00000000001,-0.00000006289115273006018
124850.00000000001,0.00000006331859614405744
124875.00000000001,-0.00000006300470145603754
124900.00000000001,0.00000006343121938812146
124925.00000000001,-0.00000006311877176479186
124950.00000000001,0.00000006354426052013196
124974.99999999999,-0.00000006323313228584482
125000,0.00000006365744442682342
125025,-0.00000006334749103054094
125050,0.00000006377049044381522
125075,-0.00000006346160708048387
125100,0.00000006388322026928961
125125,-0.00000006357538162582443
125150,0.00000006399562235692713
125175.00000000001,-0.00000006368889238217434
125200.00000000001,0.0000000641078552465757
125225.00000000001,-0.00000006380236317049537
125250.00000000001,0.0000000642201842815382
125275.00000000001,-0.00000006391607443312353
125300.00000000001,0.00000006433287547125133
125324.99999999999,-0.00000006403025931689399
125350,0.00000006444611000411271
125375,-0.00000006414501574347753
125400,0.00000006455989343123747
125425,-0.00000006426026666339624
125450,0.00000006467407298593741
125475,-0.00000006437579802565097
125500,0.00000006478839242873846
125525.00000000001,-0.00000006449133760355608
125550.00000000001,0.00000006490259107927443
125575.00000000001,-0.00000006460666179819441
125600.00000000001,0.00000006501650196000242
125625.00000000001,-0.00000006472167690674269
125650.00000000001,0.00000006513011441278138
125674.99999999999,-0.00000006483645598187593
125700,0.00000006524357498705058
125725,-0.00000006495120552507672
125750,0.00000006535713081845529
125775,-0.00000006506618888124649
125800,0.0000000654710337055775
125825,-0.00000006518162209978584
125850,0.00000006558544418666656
125875,-0.00000006529759621898279
125900.00000000001,0.00000006570037425213116
125925.00000000001,-0.0000000654140421829652
125950.00000000001,0.00000006581568023911188
125975.00000000001,-0.00000006553075859727642
126000.00000000001,0.00000006593112389374767
126024.99999999999,-0.00000006564749344128984
126050,0.00000006604646229924072
126075,-0.00000006576403688285382
126100,0.00000006616153980232298
126125,-0.00000006588030232457243
126150,0.00000006627634552280881
126175,-0.00000006599635593573794
126200,0.00000006639101646221945
126225,-0.00000006611239133924585
126250.00000000001,0.000000066505782436721
126275.00000000001,-0.00000006622865278416157
126300.00000000001,0.00000006662087836950548
126325.00000000001,-0.000000066345343219254
126350.00000000001,0.00000006673645502885961
126374.99999999999,-0.00000006646254657738382
126400,0.00000006685252240679063
126425,-0.0000000665801995758386
126450,0.00000006696894927493702
126475,-0.00000006669811503101641
126500,0.00000006708551181233702
126525,-0.00000006681605690950221
126550,0.00000006720198442167202
126575,-0.00000006693383003408826
126600.00000000001,0.0000000673182212196366
126625.00000000001,-0.00000006705135291440456
126650.00000000001,0.00000006743421177013431
126675.00000000001,-0.00000006716868594658365
126700.00000000001,0.00000006755008286063457
126724.99999999999,-0.00000006728601054106775
126750,0.00000006766604943031496
126775,-0.00000006740355429357692
126800,0.00000006778233130333433
126825,-0.00000006752150660815914
126850,0.00000006789906947801683
126875,-0.00000006763994764291681
126900,0.00000006801627416841427
126925,-0.00000006775881700171738
126950.00000000001,0.00000006813382236181553
126975.00000000001,-0.000000067877941489769
127000.00000000001,0.00000006825150689060422
127025.00000000001,-0.00000006799709995064518
127050.00000000001,0.00000006836911503604881
127074.99999999999,-0.00000006811610941959145
127100,0.0000000684865111288957
127125,-0.00000006823489351326373
127150,0.00000006860368428895924
127175,-0.00000006835350796485784
127200,0.00000006872075286601387
127225,-0.00000006847212197236274
127250,0.00000006883791869860545
127275,-0.00000006859094869859916
127300.00000000001,0.00000006895538695594894
127325.00000000001,-0.00000006871016577925104
127350.00000000001,0.00000006907328975458427
127375.00000000001,-0.00000006882984759926103
127400.00000000001,0.00000006919163841878628
127425.00000000001,-0.00000006894993864747789
127450,0.00000006931031770740503
127475,-0.00000006907027683134004
127500,0.00000006942913333141121
127525,-0.0000000691906560934541
127550,0.0000000695478865608834
127575,-0.00000006931090457129585
127600,0.00000006966644860995075
127625,-0.0000000694309498783241
127650.00000000001,0.00000006978481015273985
127675.00000000001,-0.00000006955084508319942
127700.00000000001,0.00000006990308110133014
127725.00000000001,-0.0000000696707473935021
127750.00000000001,0.00000007002144997159121
127775.00000000001,-0.00000006979085753755498
127800,0.00000007014010994232933
127825,-0.00000006991134160472257
127850,0.00000007025918469238945
127875,-0.0000000700322699831446
127900,0.00000007037868465786801
127925,-0.00000007015359182460656
127950,0.00000007049850236917621
127975,-0.00000007027515480650948
128000.00000000001,0.00000007061845641587183
128025.00000000001,-0.00000007039676530595784
128050.00000000001,0.00000007073835983639754
128075.00000000001,-0.00000007051826189652388
128100.00000000001,0.00000007085809250462205
128125.00000000001,-0.00000007063957641051388
128150,0.00000007097764465058276
128175,-0.00000007076075858591935
128200,0.00000007109712019115477
128225,-0.00000007088195541626874
128250,0.00000007121669498566519
128275,-0.00000007100335497334243
128300,0.00000007133655044455622
128325,-0.00000007112511357654228
128350.00000000001,0.00000007145680314124547
128375.00000000001,-0.00000007124729739516056
128400.00000000001,0.00000007157746306774015
128425.00000000001,-0.00000007136985891165182
128450.00000000001,0.00000007169842985987884
128475.00000000001,-0.0000000714926557954243
128499.99999999999,0.00000007181953320944956
128525,-0.00000007161550619194657
128550,0.00000007194059814530362
128575,-0.00000007173825844475346
128600,0.00000007206151098060332
128625,-0.00000007186084838295415
128650,0.00000007218226238947523
128675,-0.00000007198332219182646
128700.00000000001,0.00000007230294940541171
128725.00000000001,-0.00000007210581776107006
128750.00000000001,0.00000007242373722959883
128775.00000000001,-0.00000007222851161614585
128800.00000000001,0.00000007254479639229316
128825.00000000001,-0.00000007235155119467152
128849.99999999999,0.00000007266623680557416
128875,-0.00000007247499911322564
128900,0.00000007278806757327061
128925,-0.00000007259881096288723
128950,0.00000007291019543664845
128975,-0.00000007272285373893794
129000,0.00000007303245985745832
129025,-0.00000007284695624498738
129050.00000000001,0.00000007315469630064797
129075.00000000001,-0.00000007297097592839918
129100.00000000001,0.00000007327679707458401
129125.00000000001,-0.00000007309485239304081
129150.00000000001,0.00000007339875351952685
129175.00000000001,-0.00000007321862893761022
129199.99999999999,0.00000007352065578558609
129225,-0.0000000733424356802459
129250,0.00000007364265930398517
129275,-0.00000007346643848826773
129300,0.00000007376492372479504
129325,-0.0000000735907770277322
129350,0.00000007388755229875699
129375,-0.00000007371551125068265
129400,0.00000007401055390765521
129425.00000000001,-0.00000007384059941273335
129450.00000000001,0.00000007413384683907509
129475.00000000001,-0.00000007396587542451982
129500.00000000001,0.00000007425705628172352
129525.00000000001,-0.00000007409130797775276
129549.99999999999,0.00000007438054416830653
129575,-0.00000007421664438567177
129600,0.00000007450389638563593
129625,-0.00000007434182114351984
129650,0.00000007462712270367433
129675,-0.00000007446688399248558
129700,0.00000007475031194026371
129725,-0.00000007459195816572617
129750,0.00000007487361219915556
129775.00000000001,-0.00000007471720397944637
129800.00000000001,0.00000007499717691317187
129825.00000000001,-0.00000007484275488245373
129850.00000000001,0.00000007512110600238486
129875.00000000001,-0.00000007496866971656857
129899.99999999999,0.00000007524540945880176
129925,-0.00000007509491184443107
129950,0.00000007537000601409716
129975,-0.00000007522136424853443
130000,0.00000007549475444790232
130025,-0.00000007534787660468112
130050,0.00000007561950821077801
130075,-0.00000007547432212540173
130100,0.0000000757441720455887
130125.00000000001,-0.00000007560064640976805
130150.00000000001,0.00000007586873684850559
130175.00000000001,-0.00000007572688698331831
130200.00000000001,0.00000007599328211149725
130225.00000000001,-0.00000007585315819902405
130249.99999999999,0.00000007611794505812952
130275,-0.00000007597960749450294
130300,0.00000007624286779694955
130325,-0.00000007610635788246611
130350,0.00000007636814314260221
130375,-0.00000007623346331975256
130400,0.00000007649377975482707
130425,-0.00000007636088716900247
130450,0.00000007661969991801243
130475.00000000001,-0.00000007648851885200258
130500.00000000001,0.00000007674576996130611
130525.00000000001,-0.00000007661621559407195
130550.00000000001,0.00000007687185221705306
130575.00000000001,-0.00000007674385749112389
130599.99999999999,0.00000007699785609105447
130625,-0.00000007687139347289929
130650,0.00000007712377381174917
130675,-0.00000007699885862244571
130700,0.00000007724967998612442
130725,-0.00000007712636129753037
130750,0.0000000773757051764079
130775,-0.00000007725404049807594
130800,0.00000007750198371958561
130825.00000000001,-0.00000007738201324158922
130850.00000000001,0.00000007762860332327648
130875.00000000001,-0.00000007751033015424014
130900.00000000001,0.0000000777555726472201
130925.00000000001,-0.00000007763895770729334
130950.00000000001,0.00000007788281863874147
130975,-0.0000000777677904295615
131000,0.00000007801021539854958
131025,-0.00000007789669420610323
131050,0.00000007813763214237213
131075,-0.00000007802555557212543
131100,0.00000007826498360508083
131125,-0.00000007815432545577039
131150,0.0000000783922615710253
131175,-0.00000007828303716372886
131200,0.00000007851953731652372
131225,-0.00000007841179305856372
131250,0.00000007864693341019802
131275.00000000003,-0.00000007854072414659186
131300.00000000003,0.0000000787745773056514
131325,-0.00000007866994167216035
131350,0.00000007890255226961074
131375,-0.00000007879949359690386
131400,0.00000007903086607363718
131425,-0.00000007892934772435467
131450,0.00000007915945032799243
131475,-0.0000000790594054667082
131500,0.00000007928818601676824
131525,-0.00000007918953981445043
131550,0.00000007941694968316426
131575,-0.00000007931964307594797
131600,0.00000007954566050294432
131625.00000000003,-0.00000007944966884387838
131650.00000000003,0.00000007967431026045801
131675,-0.00000007957964864857558
131700,0.00000007980296645726526
131725,-0.00000007970967841330889
131750,0.0000000799317445565606
131775,-0.00000007983988314919088
131800,0.00000008006076535060913
131825,-0.00000007997036743923047
131850,0.00000008019010766524559
131875,-0.00000008010117746870549
131900,0.00000008031977949407576
131925,-0.00000008023228259546045
131950,0.0000000804497157780304
131975.00000000003,-0.0000000803635904489397
132000.00000000003,0.00000008057980460662861
132025,-0.00000008049498023687818
132050,0.00000008070992851827441
132075,-0.00000008062635048489142
132100,0.00000008084001090757909
132125,-0.00000008075765678405844
132150,0.00000008097004400298147
132175,-0.0000000808889284442671
132200,0.00000008110009108719396
132225,-0.00000008102025716993921
132250,0.0000000812302618502514
132275,-0.0000000811517602006262
132300,0.00000008136067064512531
132325.00000000003,-0.00000008128353745640027
132350.00000000003,0.00000008149139185675836
132375,-0.00000008141563245800398
132400,0.00000008162243414489012
132425,-0.00000008154801722781713
132450,0.00000008175373578112044
132475,-0.00000008168060339208694
132500,0.00000008188519040608355
132525,-0.0000000818132777080649
132550,0.0000000820166874415662
132575,-0.00000008194594314225867
132600,0.00000008214815316875956
132625,-0.0000000820785572841487
132650,0.00000008227958070428087
132675.00000000003,-0.00000008221114833339982
132700.00000000003,0.00000008241102933403965
132725,-0.00000008234380244331874
132750,0.00000008254260341900022
132775,-0.00000008247663152438633
132800,0.00000008267441131692976
132825,-0.00000008260972994555971
132850,0.00000008280652386005727
132875,-0.00000008274313967326918
132900,0.00000008293894904198851
132925,-0.00000008287683384011757
132950,0.0000000830716289090816
132975,-0.00000008301072962346723
133000,0.00000008320446243104129
133025.00000000003,-0.00000008314471822146174
133050.00000000003,0.00000008333734480281407
133075,-0.0000000832787088178577
133100,0.00000008347020630239399
133125,-0.0000000834126605564478
133150,0.00000008360303915821987
133175,-0.00000008354660030462924
133200,0.0000000837359008798444
133225,-0.00000008368060955277201
133250,0.00000008386888938893833
133275,-0.00000008381479466024189
133300,0.00000008400210815828757
133325,-0.00000008394924533305925
133350,0.0000000841356240233182
133375.00000000003,-0.00000008408400087311918
133400.00000000003,0.0000000842694451996806
133425,-0.00000008421903707755973
133450,0.00000008440351684235736
133475,-0.00000008435427445441235
133500,0.00000008453774258398994
133525,-0.00000008448961086315876
133550,0.00000008467202317063993
133575,-0.00000008462495904026923
133600,0.00000008480629265505968
133625,-0.00000008476028123816093
133650,0.00000008494054348773261
133675,-0.00000008489560010538355
133700,0.00000008507482518460563
133725.00000000003,-0.00000008503099890866395
133750.00000000003,0.00000008520924144050923
133775,-0.00000008516657334922684
133800,0.00000008534388329373144
133825,-0.00000008530240891424512
133850,0.0000000854788162474307
133875,-0.00000008543854379539084
133900,0.00000008561404762907898
133925,-0.00000008557495490002509
133950,0.00000008574952570228334
133975,-0.00000008571156762116061
134000,0.00000008588515942875574
134025,-0.00000008584828425917124
134050,0.0000000860208542174945
134075,-0.00000008598502243550854
134100.00000000003,0.00000008615654745192103
134125,-0.0000000861217452907681
134150,0.00000008629223180456336
134175,-0.00000008625847658372265
134200,0.00000008642795834568062
134225,-0.00000008639528981113642
134250,0.00000008656381589311479
134275,-0.00000008653228111832334
134300,0.00000008669989726151073
134325,-0.00000008666953066338579
134350,0.00000008683626351313478
134375,-0.00000008680707530572818
134400,0.00000008697292286363734
134425,-0.00000008694489372906844
134450.00000000003,0.00000008710982557502689
134475.00000000003,-0.00000008708291421299919
134500,0.00000008724688593808594
134525,-0.00000008722104460900937
134550,0.00000008738401291452647
134575,-0.00000008735920542513043
134600,0.00000008752114721843895
134625,-0.0000000874973624664932
134650,0.00000008765828174439605
134675,-0.00000008763553727142437
134700,0.00000008779546467607702
134725,-0.00000008777380022806369
134750,0.00000008793278083452094
134775,-0.00000008791224215265458
134800.00000000003,0.00000008807031859348058
134825.00000000003,-0.00000008805094098285338
134850,0.00000008820813635068703
134875,-0.00000008818993024739541
134900,0.00000008834624165565685
134925,-0.00000008832919085044466
134950,0.00000008848458832311223
134975,-0.00000008846865440226281
135000,0.00000008862309330837093
135025,-0.00000008860823252909711
135050,0.00000008876167112426003
135075,-0.00000008874785040191568
135100,0.00000008890026470531609
135125,-0.0000000888874744919832
135150.00000000003,0.00000008903886761224555
135175.00000000003,-0.00000008902712633762633
135200,0.00000008917752558623704
135225,-0.00000008916687188609274
135250,0.00000008931631900743753
135275,-0.00000008930679817886755
135300,0.0000000894553324748415
135325,-0.00000008944697893475961
135350,0.00000008959462172164478
135375,-0.00000008958744723841505
135400,0.00000008973419385327475
135425,-0.00000008972818332786403
135450,0.000000089874004682855
135475,-0.00000008986912392039414
135500.00000000003,0.00000009001397649477383
135525.00000000003,-0.0000000900101837508771
135550,0.00000009015402624434898
135575,-0.00000009015129154299473
135600,0.00000009029410086291989
135625,-0.00000009029241665459153
135650,0.000000090434193911193
135675,-0.00000009043357773741434
135700,0.00000009057434846582169
135725,-0.00000009057483851826476
135750,0.00000009071464157628384
135775,-0.00000009071628137569121
135800,0.00000009085515295659263
135825,-0.00000009085797669783346
135850.00000000003,0.00000009099593700767628
135875.00000000003,-0.00000009099995623707002
135900,0.0000000911369999467837
135925,-0.00000009114220156369868
135950,0.0000000912783002515738
135975,-0.00000009128465183749768
136000,0.0000000914197635371039
136025,-0.00000009142722690036464
136050,0.0000000915613116436731
136075,-0.00000009156985814051666
136100,0.00000009170289261284381
136125,-0.00000009171251580397666
136150,0.00000009184450133759015
136175,-0.00000009185521832044685
136200.00000000003,0.00000009198617800798559
136225.00000000003,-0.00000009199802541992597
136250,0.00000009212799589874976
136275,-0.00000009214101615029335
136300,0.00000009227003183731597
136325,-0.0000000922842575690197
136350,0.00000009241233711598795
136375,-0.00000009242778054030509
136400,0.00000009255491884019307
136425,-0.00000009257156730058114
136450,0.00000009269773681985782
136475,-0.00000009271556034029516
136500,0.00000009284072044479785
136525,-0.00000009285968238792464
136550.00000000003,0.00000009298379533007051
136575.00000000003,-0.00000009300386882848954
136600,0.00000009312691151563968
136625,-0.00000009314808990801282
136650,0.00000009327006345039024
136675,-0.00000009329236427824128
136700,0.00000009341329088030648
136725,-0.00000009343674833850457
136750,0.00000009355666241717131
136775,-0.00000009358131713987916
136800,0.00000009370025222388279
136825,-0.0000000937261359634789
136850,0.0000000938441095943432
136875,-0.00000009387123345305781
136900.00000000003,0.00000009398824096784608
136925.00000000003,-0.00000009401659362140435
136950,0.00000009413260859680861
136975,-0.00000009416216006918887
137000,0.00000009427714453558167
137025,-0.00000009430786063191476
137050,0.0000000944217781739809
137075,-0.00000009445363247095884
137100,0.00000009456646155037163
137125,-0.00000009459944783074548
137150,0.00000009471118977977255
137175,-0.00000009474532380870926
137200,0.0000000948559999436327
137225,-0.00000009489131480577839
137250.00000000003,0.00000009500095865533353
137275.00000000003,-0.00000009503749232031566
137300,0.00000009514613585892562
137325,-0.00000009518391830276585
137350,0.00000009529157973808822
137375,-0.00000009533062139688298
137400,0.00000009543729562189185
137425,-0.00000009547758450523247
137450,0.00000009558324753911052
137475,-0.00000009562475544733218
137500,0.0000000957293713188534
137525,-0.00000009577206405708694
137550,0.00000009587559879342678
137575,-0.00000009591945171472105
137600,0.00000009602188599799888
137625.00000000003,-0.00000009606689133079271
137650,0.00000009616822582714235
137675,-0.00000009621439800433507
137700,0.000000096314654918217
137725,-0.00000009636202524809789
137750,0.00000009646123633189063
137775,-0.00000009650984011955188
137800,0.00000009660803756972314
137825,-0.00000009665790323687418
137850,0.00000009675510437290313
137875,-0.00000009680624013519434
137900,0.00000009690244096027811
137925,-0.00000009695483682570227
137950,0.00000009705001535742497
137975.00000000003,-0.00000009710364201609423
138000.00000000003,0.00000009719776516980971
138025,-0.00000009725258975912254
138050,0.00000009734562600449692
138075,-0.00000009740162276727915
138100,0.00000009749355434074403
138125,-0.00000009755071550543448
138150,0.00000009764154484948051
138175,-0.00000009769988285057707
138200,0.00000009778963150353093
138225,-0.00000009784917454069841
138250,0.00000009793787514311703
138275,-0.00000009799865630100157
138300,0.00000009808633993912963
138325.00000000003,-0.00000009814838408672699
138350.00000000003,0.0000000982350694123113
138375,-0.00000009829838476527186
138400,0.0000000983840702240002
138425,-0.00000009844864390373687
138450,0.00000009853330906750557
138475,-0.00000009859911243026431
138500,0.00000009868272710100712
138525,-0.00000009874972772827562
138550,0.00000009883226348428309
138575,-0.00000009890043561888717
138600,0.00000009898187580681395
138625,-0.00000009905121012288021
138650,0.00000009913155851748456
138675.00000000003,-0.00000009920206611724325
138700.00000000003,0.00000009928134470094108
138725,-0.00000009935305089747715
138750,0.00000009943129231082537
138775,-0.0000000995042277462943
138800,0.00000009958146329758222
138825,-0.00000009965565062053372
138850,0.00000009973189918355274
138875,-0.00000009980734461123575
138900,0.00000009988260618598588
138925,-0.00000009995929617367949
138950,0.00000010003355299659233
138975,-0.00000010011145912258712
139000,0.00000010018468321604246
139025.00000000003,-0.00000010026377239569229
139050.00000000003,0.00000010033593778047134
139075,-0.00000010041618447864664
139100,0.00000010048727738798391
139125,-0.00000010056867094654365
139150,0.00000010063869559928662
139175,-0.0000001007212451220596
139200,0.00000010079022461084719
139225,-0.00000010087395341251693
139250,0.00000010094192015586145
139275,-0.00000010102685554791435
139300,0.00000010109384107614972
139325,-0.00000010118000415282324
139350,0.00000010124602778383007
139375.00000000003,-0.00000010133342231988252
139400.00000000003,0.00000010139848560797304
139425,-0.00000010148709761459429
139450,0.00000010155118501664617
139475,-0.00000010164098607212679
139500,0.00000010170407227505507
139525,-0.00000010179502885065972
139550,0.00000010185709053978087
139575,-0.00000010194917687833538
139600,0.00000010201020206324074
139625,-0.00000010210340706251486
139650,0.00000010216340151636416
139675,-0.00000010225773183769604
139700,0.00000010231671820903898
139725.00000000003,-0.0000001024121951687107
139750.00000000003,0.00000010247020698628262
139775,-0.00000010256685545328992
139800,0.0000001026239233592463
139825,-0.00000010272176154124679
139850,0.0000001027779059636913
139875,-0.00000010287693674726484
139900,0.00000010293216035073272
139925,-0.00000010303236885889078
139950,0.00000010308665832070574
139975,-0.00000010318801590969429
140000,0.00000010324134902539583
140025,-0.00000010334382216647953
140050,0.00000010339617695365177
140075.00000000003,-0.00000010349974011170104
140100.00000000003,0.00000010355110702242598
140125,-0.00000010365574754089835
140150,0.00000010370613301446951
140175,-0.0000001038118562224355
140200,0.00000010386128379558102
140225,-0.00000010396810834478742
140250,0.00000010401661043601962
140275,-0.00000010412455964114997
140300,0.00000010417216800284734
140325,-0.0000001042812578511132
140350,0.00000010432799246729019
140375,-0.00000010443822406891456
140400,0.00000010448408982455248
140425.00000000003,-0.00000010459544852459146
140450.00000000003,0.00000010464043320723704
140475,-0.00000010475289013989197
140500,0.00000010479697376553077
140525,-0.00000010491049606820013
140550,0.0000001049536586528177
140575,-0.0000001050682199021935
140600,0.00000010511045300809485
140625,-0.00000010522604010354542
140650,0.00000010526735172433632
140675,-0.00000010538396888470913
140700,0.00000010542438211302851
140725,-0.00000010554204621371355
140750,0.00000010558159324602912
140775.00000000003,-0.00000010570032538126384
140800.00000000003,0.0000001057390379699541
140825,-0.00000010585885301672704
140850,0.00000010589675136785104
140875,-0.0000001060176493261622
140900,0.00000010605473854674585
140925,-0.0000001061767043175621
140950,0.00000010621297441559818
140975,-0.00000010633597979925469
141000,0.00000010637141167890718
141025,-0.00000010649542403484702
141050,0.00000010652999993254753
141075,-0.00000010665499261541811
141100,0.00000010668870520369467
141125.00000000003,-0.00000010681466533490891
141150.00000000003,0.0000001068475226073673
141175,-0.00000010697445351759427
141200,0.000000107006478788918
141225,-0.00000010713439602128005
141250,0.00000010716562082180303
141275,-0.00000010729454347213618
141300,0.0000001073249991101477
141325,-0.00000010745494094521746
141350,0.00000010748464762677656
141375,-0.00000010761560842453832
141400,0.00000010764457125667093
141425,-0.00000010777653547400234
141450,0.00000010780474601901346
141475,-0.00000010793768590033892
141500.00000000003,0.00000010796512639466016
141525.00000000003,-0.00000010809901063169036
141550,0.00000010812566397788714
141575,-0.0000001082604659252695
141600,0.0000001082863263501821
141625,-0.00000010842203379546334
141650,0.00000010844710884860831
141675,-0.00000010858372423427909
141700,0.00000010860803700829536
141725,-0.00000010874557454521039
141750,0.00000010876915612634264
141775,-0.00000010890763424420413
141800,0.00000010893051394234021
141825,-0.00000010906994507564605
141850.00000000003,0.00000010909214354093422
141875.00000000003,-0.00000010923252768968439
141900,0.00000010925405002915056
141925,-0.00000010939537165022273
141950,0.00000010941620964821652
141975,-0.0000001095584423183027
142000,0.00000010957857954352335
142025,-0.00000010972169306455726
142050,0.00000010974111352979321
142075,-0.00000010988508214460069
142100,0.00000010990377896646919
142125,-0.00000011004859135077538
142150,0.00000011006657274492682
142175,-0.00000011021223089713317
142200.00000000003,0.00000011022951884598342
142225.00000000003,-0.00000011037603631081083
142250,0.00000011039266012424775
142275,-0.00000011054005444322001
142300,0.00000011055604343113146
142325,-0.00000011070432681670184
142350,0.00000011071970007492382
142375,-0.00000011086887208300311
142400,0.00000011088363538469537
142425,-0.00000011103368202647346
142450,0.000000111047826933941
142475,-0.00000011119872223019911
142500,0.00000011121223297827498
142525,-0.00000011136394828525908
142550.00000000003,0.00000011137680933082095
142575.00000000003,-0.00000011152931977953529
142600,0.0000001115415249053342
142625,-0.00000011169481894945932
142650,0.00000011170637592705646
142675,-0.0000001118604557870384
142700,0.00000011187138593271584
142725,-0.00000011202626515327552
142750,0.00000011203659600056426
142775,-0.00000011219229145709164
142800,0.00000011220205076156731
142825,-0.00000011235857488856027
142850,0.00000011236778130196967
142875,-0.00000011252513409942821
142900.00000000003,0.00000011253379228470806
142925.00000000003,-0.00000011269196065200049
142950,0.0000001127000628375896
142975,-0.00000011285902190572017
143000,0.00000011286655210440699
143025,-0.00000011302627433984469
143050,0.0000001130332176746407
143075,-0.00000011319368020679121
143100,0.00000011320003001635826
143125,-0.00000011336122174299135
143150,0.00000011336698491071218
143175,-0.00000011352890894045231
143200,0.00000011353410522829677
143225,-0.00000011369677488382024
143250.00000000003,0.00000011370143093714091
143275.00000000003,-0.0000001138648630938377
143300,0.00000011386900444776415
143325,-0.00000011403321131808752
143350,0.00000011403685595823276
143375,-0.00000011420183865240574
143400,0.00000011420499057557265
143425,-0.00000011437073621500815
143450,0.00000011437338698350175
143475,-0.00000011453987314169467
143500,0.000000114542006990348
143525,-0.00000011470920724399036
143550,0.00000011471080907377029
143575,-0.00000011487870232862463
143600.00000000003,0.00000011487976547819301
143625.00000000003,-0.0000001150483419642967
143650,0.00000011504887198476865
143675,-0.00000011521813481074616
143700,0.0000001152181501318239
143725,-0.00000011538811328648535
143750,0.00000011538763899920923
143775,-0.00000011555831913589998
143800,0.00000011555737922108733
143825,-0.00000011572878877430526
143850,0.00000011572739944121224
143875,-0.00000011589954018731419
143900,0.00000011589770498865448
143925,-0.0000001160705660474548
143950.00000000003,0.00000011606827587939961
143975.00000000003,-0.00000011624183549052702
144000,0.00000011623907458790939
144025,-0.00000011641330899259117
144050,0.00000011641006203433335
144075,-0.00000011658495124855506
144100,0.0000001165812109071851
144125,-0.00000011675674649325174
144150,0.00000011675251765375094
144175,-0.00000011692870338642081
144200,0.00000011692400270213454
144225,-0.00000011710085212612853
144250,0.00000011709570291174032
144275,-0.00000011727323379062682
144300.00000000003,0.00000011726765869468636
144325.00000000003,-0.00000011744588324091865
144350,0.00000011743989691836987
144375,-0.0000001176188180185278
144400,0.00000011761242313390596
144425,-0.00000011779203101802693
144450,0.00000011778521846750323
144475,-0.00000011796549337361739
144500,0.00000011795824672589106
144525,-0.00000011813916578340411
144550,0.00000011813146971739741
144575,-0.00000011831301538478556
144600,0.00000011830486212893732
144625,-0.00000011848702619055018
144650.00000000003,0.00000011847841929757408
144675.00000000003,-0.00000011866120641634836
144700,0.00000011865216165141135
144725,-0.00000011883558603820177
144750,0.00000011882612449554131
144775,-0.00000011901020324778244
144800,0.00000011900034668776982
144825,-0.00000011918509357222717
144850,0.00000011917485465140487
144875,-0.00000011936027277670291
144900,0.00000011934965371551698
144925,-0.00000011953573442191612
144950,0.00000011952472567244854
144975,-0.00000011971145053024657
145000.00000000003,0.00000011970003543915197
145025.00000000003,-0.00000011988738357615603
145050.00000000003,0.00000011987554660031208
145075,-0.0000001200635015852214
145100,0.0000001200512342869331
145125,-0.00000012023978945840952
145150,0.00000012022709494630135
145175,-0.0000001204162549672816
145200,0.00000012040314678607444
145225,-0.00000012059292653354703
145250,0.00000012057942533338917
145275,-0.0000001207698423488779
145300,0.00000012075596744764994
145325,-0.0000001209470352758757
145350,0.00000012093279910807553
145375.00000000003,-0.0000001211245217458412
145400.00000000003,0.00000012110992519964725
145425,-0.00000012130229443130247
145450,0.0000001212873275147075
145475,-0.0000001214803273530407
145500,0.00000012146497385678856
145525,-0.0000001216585840957407
145550,0.00000012164282803261983
145575,-0.00000012183703357315778
145600,0.0000001218208665054732
145625,-0.00000012201566179648182
145650,0.00000012199908572263496
145675,-0.0000001221944760931848
145700,0.00000012217750344767353
145725.00000000003,-0.00000012237350355270848
145750.00000000003,0.00000012235615365341346
145775,-0.00000012255278103445733
145800,0.00000012253507253312534
145825,-0.00000012273234073489903
145850,0.00000012271428451171573
145875,-0.00000012291219775306672
145900,0.00000012289379425212132
145925,-0.00000012309234609375608
145950,0.00000012307358532304136
145975,-0.00000012327275977774832
146000,0.00000012325362552800811
146025,-0.0000001234534048322189
146050,0.00000012343388133828626
146075.00000000003,-0.00000012363425039296772
146100.00000000003,0.00000012361432899510305
146125,-0.0000001238152833593631
146150,0.00000012379496561187864
146175,-0.00000012399651017069857
146200,0.000000123975808064003
146225,-0.00000012417795836050516
146250,0.00000012415688899203303
146275,-0.00000012435966234569662
146300,0.00000012433824325697174
146325,-0.00000012454165365660685
146350,0.00000012451989506168104
146375,-0.0000001247239471702244
146400,0.00000012470184862500844
146425.00000000003,-0.00000012490653622521108
146450.00000000003,0.0000001248840886258762
146475,-0.0000001250893970627942
146500,0.000000125066583755995
146525,-0.0000001252724961542384
146550,0.00000012524930181889715
146575,-0.00000012545580418965585
146600,0.00000012543222016603295
146625,-0.00000012563930784637023
146650,0.0000001256153350226441
146675,-0.0000001258230140077643
146700,0.000000125798664152299
146725,-0.00000012600694820896763
146750,0.00000012598223797510855
146775.00000000003,-0.00000012619114442280477
146800.00000000003,0.00000012616609068594187
146825,-0.0000001263756330693866
146850,0.0000001263502458215271
146875,-0.00000012656042858161243
146900,0.00000012653470782275633
146925,-0.00000012674552496427793
146950,0.00000012671946136855183
146975,-0.0000001269308989026996
147000,0.00000012690447670493654
147025,-0.0000001271165182004097
147050,0.00000012708972274566577
147075,-0.00000012730235465774342
147100,0.0000001272751770642344
147125.00000000003,-0.00000012748839517406907
147150.00000000003,0.00000012746083699610722
147175,-0.0000001276746464107248
147200,0.00000012764671830645113
147225,-0.00000012786113345875094
147250,0.00000012783285230355546
147275,-0.00000012804788851461524
147300,0.00000012801927051775408
147325,-0.00000012823494155433934
147350,0.00000012820599670781974
147375,-0.00000012842230634468876
147400,0.0000001283930348705553
147425,-0.00000012860997733454838
147450,0.00000012858036990692767
147475.00000000003,-0.00000012879793165332387
147500.00000000003,0.0000001287679738393166
147525,-0.00000012898613865885977
147550,0.0000001289558162476112
147575,-0.00000012917457103966967
147600,0.00000012914387603757405
147625,-0.00000012936321569512188
147650,0.00000012933214965649142
147675,-0.00000012955207995268836
147700,0.00000012952065375770871
147725,-0.00000012974118734909723
147750,0.00000012970941742906916
147775,-0.000000129930569636727
147800,0.00000012989847220090667
147825.00000000003,-0.0000001301202550152425
147850.00000000003,0.0000001300878398335925
147875,-0.00000013031025747345382
147900,0.000000130277525212108
147925,-0.00000013050057146024585
147950,0.0000001304675134594646
147975,-0.0000001306911749932027
148000,0.00000013065777837439896
148025,-0.00000013088203854039193
148050,0.00000013084828975884477
148075,-0.00000013107313612259475
148100,0.0000001310390276287876
148125,-0.00000013126445463917946
148150,0.0000001312299886535584
148175.00000000003,-0.00000013145600119557344
148200.00000000003,0.00000013142118859832408
148225,-0.00000013164779866237097
148250,0.0000001316126558847941
148275,-0.00000013183987745968295
148300,0.0000001318044207110347
148325,-0.000000132032265343085
148350,0.0000001319965046153726
148375,-0.00000013222497519116416
148400,0.00000013218891203869987
148425,-0.00000013241800278507299
148450,0.00000013238162965834022
148475,-0.00000013261132636444017
148500,0.00000013257463060689645
148525.00000000003,-0.0000001328049175075563
148550.00000000003,0.00000013276788735083755
148575.00000000003,-0.0000001329987509013364
148600,0.00000013296137968410449
148625,-0.0000001331928141112826
148650,0.00000013315510472011738
148675,-0.00000013338711379873303
148700,0.00000013334907733586476
148725,-0.0000001335816721681482
148750,0.00000013354332528692225
148775,-0.00000013377651875146057
148800,0.0000001337378781052223
148825,-0.00000013397168041606733
148850,0.00000013393275644091318
148875.00000000003,-0.00000013416717004055556
148900.00000000003,0.00000013412796495693158
148925.00000000003,-0.00000013436298273994396
148950,0.0000001343234905526458
148975,-0.00000013455909875226268
149000,0.0000001345193076929263
149025,-0.0000001347554898778469
149050,0.00000013471538884424206
149075,-0.0000001349521314697455
149100,0.00000013491171557689086
149125,-0.0000001351490124257282
149150,0.00000013510828433815902
149175,-0.0000001353461380748655
149200,0.0000001353051102270797
149225,-0.00000013554353062161795
149250.00000000003,0.00000013550221966696085
149275.00000000003,-0.00000013574121870973954
149300,0.00000013569964152360114
149325,-0.00000013593922809640446
149350,0.000000135897395781015
149375,-0.0000001361375716601998
149400,0.00000013609548688009454
149425,-0.00000013633624473818884
149450,0.00000013629390260838647
149475,-0.00000013653522779044636
149500,0.00000013649261787485045
149525,-0.00000013673449394957515
149550,0.0000001366916067002677
149575,-0.0000001369340194568025
149600.00000000003,0.0000001368908504328914
149625.00000000003,-0.00000013713379343194276
149650,0.0000001370903466302309
149675,-0.00000013733382142611106
149700,0.0000001372901090590517
149725,-0.00000013753412431150025
149750,0.0000001374901639206172
149775,-0.00000013773473050981977
149800,0.00000013769053874845838
149825,-0.00000013793566444597616
149850,0.0000001378912533045451
149875,-0.0000001381369389985565
149900,0.00000013809231180772485
149925,-0.0000001383385495046241
149950.00000000003,0.00000013829370226758897
149975.00000000003,-0.00000013854047775652134
150000,0.00000013849540136945393
150025,-0.00000013874269710889564
150050,0.00000013869738313410096
150075,-0.0000001389451849131973
150100,0.00000013889963002000627
150125,-0.00000013914793051128527
150150,0.0000001391021393626346
150175,-0.00000013935093967631929
150200,0.00000013930492492875146
150225,-0.0000001395542323923138
150250,0.000000139508011365308
150275,-0.0000001397578359707552
150300.00000000003,0.0000001397114262058352
150325.00000000003,-0.00000013996177461450543
150350,0.00000013991518810207992
150375,-0.00000014016605831557172
150400,0.00000014011930171697884
150425,-0.0000001403706886282663
150450,0.0000001403237552821679
150475,-0.00000014057564379221787
150500,0.00000014052852592705278
150525,-0.00000014078089916047531
150550,0.00000014073358856059315
150575,-0.00000014098643230653352
150600,0.00000014093892630739902
150625,-0.00000014119223323838526
150650.00000000003,0.00000014114453650293513
150675.00000000003,-0.00000014139830728510105
150700,0.00000014135043291396698
150725,-0.00000014160467398660614
150750,0.00000014155663929926732
150775,-0.00000014181135998825312
150800,0.0000001417631820821441
150825,-0.0000001420183886047255
150850,0.00000014197007991434418
150875,-0.00000014222577160438732
150900,0.00000014217733679267042
150925,-0.00000014243350587861414
150950,0.00000014238494228102638
150975,-0.00000014264157366383756
151000.00000000003,0.0000001425928741749516
151025.00000000003,-0.00000014284995053515104
151050,0.0000001428011080495395
151075,-0.0000001430586151762725
151100,0.00000014300962747348933
151125,-0.0000001432675573731501
151150,0.00000014321843044839966
151175,-0.0000001434767828989436
151200,0.00000014342752940876835
151225,-0.0000001436863101833552
151250,0.00000014363694766927892
151275,-0.00000014389616542764827
151300,0.00000014384671143119476
151325,-0.00000014410637150241712
151350.00000000003,0.00000014405683823603965
151375.00000000003,-0.0000001443169397319366
151400,0.0000001442673327467503
151425,-0.00000014452786700758224
151450,0.00000014447818408314106
151475,-0.00000014473913623191947
151500,0.00000014468937092892986
151525,-0.00000014495072431230938
151550,0.0000001449008701914778
151575,-0.00000014516260971042527
151600,0.0000001451126654394841
151625,-0.00000014537478376652757
151650,0.00000014532475511863652
151675,-0.00000014558725092150837
151700.00000000003,0.00000014553715121934374
151725.00000000003,-0.0000001458000302712037
151750,0.00000014574987683424467
151775,-0.0000001460131464625647
151800,0.00000014596295616620125
151825,-0.00000014622662192209646
151850,0.00000014617640764491568
151875,-0.00000014644046797407384
151900,0.00000014639023504514626
151925,-0.00000014665468150987238
151950,0.00000014660442815284114
151975,-0.0000001468692458761467
152000,0.00000014681896631785207
152025,-0.0000001470841386463917
152050.00000000003,0.00000014703382733571857
152075.00000000003,-0.00000014729934005863754
152100.00000000003,0.00000014724899566331828
152125,-0.00000014751484056496622
152150,0.00000014746446885816056
152175,-0.00000014773064527240365
152200,0.00000014768025935474327
152225,-0.00000014794677216656282
152250,0.0000001478963889134377
152275,-0.00000014816324567235029
152300,0.0000001481128819591504
152325,-0.00000014838008732809271
152350,0.00000014832975581136054
152375,-0.00000014859730845806496
152400.00000000003,0.00000014854701424482641
152425.00000000003,-0.00000014881490595364255
152450.00000000003,0.0000001487646474895854
152475,-0.00000014903286404965854
152500,0.00000014898263578366766
152525,-0.00000014925116142983086
152550,0.00000014920095736670191
152575,-0.00000014946977788810045
152600,0.00000014941959736169963
152625,-0.00000014968870498677234
152650,0.00000014963855377025936
152675,-0.00000014990794738878321
152700,0.00000014985783813870057
152725,-0.00000015012752263565687
152750,0.00000015007747222739454
152775.00000000003,-0.00000015034745448616604
152800.00000000003,0.00000015029747957306938
152825,-0.00000015056776381250359
152850,0.00000015051787660702587
152875,-0.00000015078846171689975
152900,0.0000001507386679922007
152925,-0.00000015100954531277466
152950,0.00000015095984418067587
152975,-0.0000001512309995010952
153000,0.00000015118138563252614
153025,-0.00000015145280318762389
153050,0.00000015140327169760326
153075,-0.0000001516749374985693
153100,0.0000001516254879430079
153125.00000000003,-0.00000015189739377419187
153150.00000000003,0.0000001518480319262494
153175,-0.00000015212017689947288
153200,0.00000015207091563773645
153225,-0.00000015234330397184692
153250,0.00000015229415950557268
153275,-0.0000001525667978619083
153300,0.00000015251778684444162
153325,-0.00000015279067944184987
153350,0.0000001527418134195102
153375,-0.00000015301495892572348
153400,0.00000015296624478189358
153425,-0.00000015323963431512766
153450,0.0000001531910704954953
153475.00000000003,-0.0000001534646905110293
153500.00000000003,0.00000015341627235265776
153525,-0.00000015369010730736932
153550,0.0000001536418301473219
153575,-0.00000015391586671853474
153600,0.00000015386772989067765
153625,-0.00000015414195986274137
153650,0.00000015409396958432353
153675,-0.00000015436839184701512
153700,0.000000154320560774579
153725,-0.00000015459517888061214
153750,0.00000015454752300136931
153775,-0.00000015482234427821595
153800,0.00000015477487957937797
153825.00000000003,-0.00000015504990713566258
153850.00000000003,0.00000015500264627377192
153875,-0.00000015527787833313766
153900,0.00000015523082685930945
153925,-0.00000015550625542815055
153950,0.00000015545941267625096
153975,-0.00000015573502443189113
154000,0.00000015568838618307268
154025,-0.00000015596416536034496
154050,0.00000015591772761780476
154075,-0.00000015619366089403286
154100,0.0000001561474232136817
154125,-0.00000015642350259525983
154150,0.00000015637747163843585
154175.00000000003,-0.0000001566536951269626
154200.00000000003,0.00000015660788355020827
154225,-0.00000015688425469839729
154250,0.0000001568386789330134
154275,-0.0000001571152030699352
154300,0.00000015706987976926712
154325,-0.00000015734655955945698
154350,0.00000015730150160209178
154375,-0.00000015757833482510364
154400,0.00000015753354865033486
154425,-0.00000015781052598029532
154450,0.0000001577660129203906
154475,-0.00000015804311970235574
154500,0.00000015799887687073522
154525.00000000003,-0.0000001582760982277165
154550.00000000003,0.00000015823211230170386
154575,-0.00000015850938850370255
154600,0.00000015846573564459732
154625,-0.00000015874311309893585
154650,0.00000015869971803361693
154675,-0.0000001589771967402953
154700,0.0000001589340683505469
154725,-0.0000001592116605220184
154750,0.0000001591688070234909
154775,-0.00000015944652642652102
154800,0.0000001594039562569094
154825,-0.00000015968181399372838
154850,0.00000015963953226005856
154875.00000000003,-0.00000015991753410382614
154900.00000000003,0.0000001598755401399643
154925,-0.00000016015368475841285
154950,0.00000016011197212506545
154975,-0.00000016039025352299063
155000,0.00000016034881222815045
155025,-0.00000016062722196785728
155050,0.0000001605860424636063
155075,-0.00000016086457388375663
155100,0.00000016082365017489053
155125,-0.00000016110230172117213
155150,0.0000001610616338076909
155175,-0.00000016134040992099585
155200,0.00000016130000379810383
155225.00000000003,-0.00000016157891380430556
155250.00000000003,0.00000016153877901992075
155275,-0.0000001618178337992049
155300,0.00000016177798012328992
155325,-0.00000016205718855744067
155350,0.00000016201762198519987
155375,-0.0000001622969880710201
155400,0.00000016225770882449808
155425,-0.00000016253723011949717
155450,0.0000001624982328696234
155475,-0.00000016277790249041857
155500,0.00000016273917813336425
155525,-0.0000001630189869761267
155550,0.00000016298052663010765
155575.00000000003,-0.00000016326046781145465
155600.00000000003,0.00000016322226659148953
155625.00000000003,-0.0000001635023376689304
155650,0.00000016346439601910845
155675,-0.0000001637446007674015
155700,0.00000016370692557110544
155725,-0.00000016398727264999025
155750,0.0000001639498732330935
155775,-0.0000001642303733007111
155800,0.0000001641932594331763
155825,-0.00000016447392070517708
155850,0.00000016443709904834236
155875,-0.00000016471792507743999
155900,0.00000016468139607539456
155925.00000000003,-0.000000164962384641143
155950.00000000003,0.00000016492614340890555
155975.00000000003,-0.00000016520728696178821
156000,0.00000016517132506166377
156025,-0.00000016545261471989647
156050,0.00000016541692415827924
156075,-0.00000016569835281643464
156100,0.00000016566292870834332
156125,-0.00000016594449414597534
156150,0.00000016590933737958835
156175,-0.0000001661910431494107
156200,0.00000016615615994197697
156225,-0.0000001664380144816846
156250,0.00000016640341482521137
156275.00000000003,-0.00000016668542768272232
156300.00000000003,0.0000001666511213471722
156325.00000000003,-0.00000016693330073813684
156350,0.00000016689929438484796
156375,-0.00000016718164341789077
156400,0.00000016714793771299696
156425,-0.00000016743045416767188
156450,0.00000016739704467028105
156475,-0.00000016767972121911612
156500,0.00000016764659971357787
156525,-0.0000001679294276968335
156550,0.00000016789658685567588
156575,-0.0000001681795589458801
156600,0.0000001681469941061664
156625,-0.00000016843010830491778
156650.00000000003,0.00000016839782035482642
156675.00000000003,-0.00000016868107977074942
156700,0.00000016864907537161855
156725,-0.00000016893248799831895
156750,0.00000016890077669806658
156775,-0.00000016918435208346239
156800,0.00000016915294387409574
156825,-0.00000016943668956770352
156850,0.00000016940559088851614
156875,-0.00000016968950999896038
156900,0.0000001696587221822199
156925,-0.0000001699428120449653
156950,0.00000016991233064977962
156975,-0.00000017019658415939887
157000.00000000003,0.00000017016640208034062
157025.00000000003,-0.0000001704508105770941
157050,0.00000017042092026464672
157075,-0.0000001707054766431071
157100,0.0000001706758743225123
157125,-0.00000017096057569609968
157150,0.00000017093126292166971
157175,-0.00000017121611239900858
157200,0.00000017118709561003698
157225,-0.0000001714721005185993
157250,0.00000017144338992913788
157275,-0.00000017172855892866323
157300,0.00000017170016453071923
157325,-0.0000001719855049486796
157350.00000000003,0.00000017195743318154655
157375.00000000003,-0.00000017224294790452177
157400,0.00000017221520032251192
157425,-0.00000017250088624187754
157450,0.0000001724734597363664
157475,-0.00000017275930974669507
157500,0.0000001727321969902107
157525,-0.0000001730182019876736
157550,0.00000017299139698501165
157575,-0.00000017327754964213682
157600,0.00000017325104884058362
157625,-0.0000001735373464928358
157650,0.0000001735111514467036
157675,-0.00000017379759631452885
157700.00000000003,0.00000017377171412924497
157725.00000000003,-0.00000017405831309602604
157750,0.00000017403275398564233
157775,-0.0000001743195152670296
157800,0.0000001742942896676425
157825,-0.0000001745812194808849
157850,0.00000017455633427587713
157875,-0.00000017484343550755455
157900,0.00000017481889269532758
157925,-0.0000001751061615706817
157950,0.00000017508195848670027
157975,-0.00000017536938767825916
158000,0.00000017534551810527432
158025,-0.00000017563309873125377
158050.00000000003,0.0000001756095568961058
158075.00000000003,-0.00000017589728118494463
158100,0.00000017587406420105367
158125,-0.00000017616192882208281
158150,0.00000017613903935398412
158175,-0.0000001764270460835604
158200,0.00000017640449123668134
158225,-0.00000017669264629205372
158250,0.0000001766704365024907
158275,-0.00000017695874765522035
158300,0.00000017693689358111442
158325,-0.00000017722536660436106
158350,0.00000017720387579522878
158375,-0.00000017749251224330465
158400.00000000003,0.0000001774713875857259
158425.00000000003,-0.0000001777601836838727
158450,0.0000001777394227353568
158475,-0.00000017802837071201338
158500,0.00000017800796858757906
158525,-0.0000001782970588948274
158550,0.0000001782770104874487
158575,-0.00000017856623513168302
158600,0.00000017854653866500314
158625,-0.00000017883589387146515
158650,0.00000017881655223206394
158675,-0.00000017910603866688746
158700,0.0000001790870602924599
158725,-0.00000017937668350676006
158750.00000000003,0.00000017935807750113497
158775.00000000003,-0.0000001796478397153578
158800,0.00000017962962717277264
158825,-0.00000017991953704665775
158850,0.0000001799017175230233
158875,-0.00000018019177661088293
158900,0.00000018017435277073446
158925,-0.00000018046455818598872
158950,0.00000018044752780888018
158975,-0.00000018073787200201252
159000,0.000000180721229980918
159025,-0.00000018101170429218882
159050,0.0000001809954455200824
159075,-0.00000018128604262201975
159100.00000000003,0.00000018127016487845538
159125.00000000003,-0.00000018156088144039018
159150.00000000003,0.00000018154538761194772
159175,-0.000000181836224744103
159200,0.00000018182112238029902
159225,-0.0000001821120858558345
159250,0.00000018209738517072083
159275,-0.00000018238848187301926
159300,0.00000018237419374678154
159325,-0.00000018266542900491345
159350,0.00000018265156098706825
159375,-0.00000018294293591125665
159400,0.00000018292949111042844
159425,-0.00000018322100214795967
159450.00000000003,0.0000001832079787877916
159475.00000000003,-0.00000018349961838914908
159500.00000000003,0.00000018348701247283827
159525,-0.000000183778771090104
159550,0.00000018376657817675834
159575,-0.00000018405844826041573
159600,0.000000184046666795723
159625,-0.00000018433864434896918
159650,0.00000018432727766359847
159675,-0.00000018461936379665644
159700,0.0000001846084196621689
159725,-0.0000001849006190379754
159750,0.00000018489010833455666
159775,-0.0000001851824273924052
159800.00000000003,0.00000018517236077819632
159825.00000000003,-0.00000018546480418102362
159850.00000000003,0.00000018545519009371958
159875,-0.00000018574775872970406
159900,0.00000018573860049997393
159925,-0.0000001860312903723127
159950,0.00000018602258688993345
159975,-0.00000018631539022706534
160000,0.0000001863071381613679
160025,-0.0000001866000454153749
160050,0.00000018659224076955638
160075,-0.0000001868852441688773
160100,0.0000001868778858327147
160125,-0.00000018717098093645745
160150.00000000003,0.00000018716407290675363
160175.00000000003,-0.00000018745726060309664
160200.00000000003,0.00000018745081087345739
160225,-0.00000018774409515920354
160250,0.0000001877381150539037
160275,-0.00000018803150192425733
160300,0.00000018802600210143794
160325,-0.00000018831949577524654
160350,0.0000001883144848946472
160375,-0.00000018860808581599997
160400,0.00000018860356765237896
160425,-0.00000018889727182447302
160450,0.00000018889324593374113
160475,-0.0000001891870453629707
160500,0.00000018918350841445886
160525.00000000003,-0.00000018947739355290594
160550.00000000003,0.00000018947434243798966
160575,-0.00000018976830529204847
160600,0.00000018976573956663856
160625,-0.00000019005977547337238
160650,0.00000019005769891222712
160675,-0.0000001903518087598144
160700,0.00000019035023002267337
160725,-0.00000019064441736382776
160750,0.00000019064334733087662
160775,-0.00000019093761771671325
160800,0.00000019093706771222685
160825,-0.0000001912314251395486
160850,0.00000019123140360122193
160875.00000000003,-0.00000019152584829207342
160900.00000000003,0.00000019152635921670935
160925,-0.00000019182088695224309
160950,0.00000019182193033984163
160975,-0.00000019211653334849643
161000,0.00000019211810609043312
161025,-0.00000019241277504633558
161050,0.00000019241487447807515
161075,-0.0000001927096013876195
161100,0.00000019271222728711734
161125,-0.00000019300700748736688
161150,0.0000001930101640734705
161175,-0.0000001933049977864698
161200,0.00000019330869349687418
161225.00000000003,-0.00000019360358471942618
161250.00000000003,0.00000019360783065636156
161275,-0.00000019390278449549214
161300,0.00000019390759131709956
161325,-0.00000019420261154756702
161350,0.00000019420798835767528
161375,-0.0000001945030749794796
161400,0.0000001945090257748916
161425,-0.0000001948041747912299
161450,0.00000019481069979399024
161475,-0.00000019510590343330136
161500,0.00000019511299997887477
161525,-0.0000001954082491373299
161550,0.00000019541591456118113
161575.00000000003,-0.0000001957112014672191
161600.00000000003,0.00000019571943576934814
161625,-0.00000019601475576003224
161650,0.0000001960235636033758
161675,-0.00000019631891667870605
161700,0.0000001963283060568699
161725,-0.00000019662369643569377
161750,0.00000019663367800681897
161775,-0.00000019692911057411777
161800,0.00000019693969566247915
161825,-0.00000019723517397096657
161850,0.00000019724637101425913
161875,-0.00000019754189550802437
161900,0.0000001975537087250956
161925.00000000003,-0.00000019784927540733577
161950.00000000003,0.00000019786170502023026
161975,-0.0000001981573063414288
162000,0.00000019817034990765592
162025,-0.00000019846597698602864
162050,0.0000001984796320630977
162075,-0.00000019877527734912803
162100,0.00000019878954393703907
162125,-0.0000001990852032118795
162150,0.00000019910008552948
162175,-0.00000019939575923721975
162200,0.00000019941126505607087
162225,-0.00000019970695674942363
162250,0.00000019972309739380023
162275.00000000003,-0.0000002000188124018365
162300.00000000003,0.0000002000355978637458
162325,-0.00000020033133996122388
162350,0.00000020034877890040548
162375,-0.00000020064454808732535
162400,0.00000020066264494467134
162425,-0.00000020095843833445315
162450,0.00000020097719288791893
162475,-0.0000002012730027090015
162500,0.00000020129241251609642
162525,-0.00000020158823055282937
162550,0.00000020160829339310737
162575,-0.00000020190411254006335
162600,0.00000020192482796943523
162625.00000000003,-0.00000020222064445185595
162650.00000000003,0.0000002022420166891692
162675.00000000003,-0.00000020253783095114386
162700,0.00000020255986799000425
162725,-0.00000020285568358424655
162750,0.0000002028783956387059
162775,-0.00000020317421833837557
162800,0.00000020319761584453033
162825,-0.00000020349344920234103
162850,0.00000020351753993175237
162875,-0.00000020381338483588252
162900,0.00000020383817322944253
162925,-0.00000020413402634922306
162950,0.00000020415951196284254
162975.00000000003,-0.0000002044553657487569
163000.00000000003,0.00000020448154813834662
163025.00000000003,-0.00000020477739481883361
163050,0.0000002048042697655461
163075,-0.0000002051001031233568
163100,0.00000020512767084923667
163125,-0.000000205423487553702
163150,0.00000020545175116737369
163175,-0.00000020574755210667206
163200,0.00000020577651915765216
163225,-0.00000020607230877267568
163250,0.0000002061019888088822
163275,-0.000000206397772650746
163300,0.00000020642817566418614
163325.00000000003,-0.0000002067239583958269
163350.00000000003,0.00000020675509149192806
163375.00000000003,-0.00000020705087422356883
163400,0.00000020708274139913385
163425,-0.00000020737852146623936
163450,0.00000020741112205513446
163475,-0.00000020770689390658958
163500,0.00000020774022502223488
163525,-0.00000020803598110852306
163550,0.0000002080700398643387
163575,-0.0000002083657744123002
163600,0.00000020840056036419696
163625,-0.00000020869627093134113
163650,0.0000002087317871879435
163675.00000000003,-0.00000020902747466244875
163700.00000000003,0.00000020906372788509486
163725.00000000003,-0.00000020935939737398712
163750,0.000000209396397110595
163775,-0.00000020969205438703398
163800,0.0000002097298095193878
163825,-0.00000021002545946835482
163850,0.00000021006397710188196
163875,-0.00000021035962172177847
163900,0.00000021039890496510338
163925,-0.00000021069454225752793
163950,0.0000002107345904445168
163975,-0.00000021103021485835427
164000,0.00000021107102488038265
164025.00000000003,-0.00000021136663019838409
164050.00000000003,0.0000002114081989468275
164075.00000000003,-0.00000021170377939583318
164100,0.0000002117461059825132
164125,-0.0000002120416600082109
164150,0.0000002120847473197074
164175,-0.00000021238027669845394
164200,0.00000021242413072997124
164225,-0.00000021271964034674795
164250,0.00000021276426975802565
164275,-0.00000021305976605212607
164300,0.00000021310517994699296
164325,-0.0000002134006684695322
164350,0.00000021344687284319264
164375,-0.00000021374235603666136
164400.00000000003,0.0000002137893537756952
164425.00000000003,-0.00000021408482986373656
164450,0.00000021413262030200997
164475,-0.00000021442808462168728
164500,0.00000021447666398444198
164525,-0.0000002147721107625955
164550,0.00000021482147594120704
164575,-0.00000021511690073694467
164600,0.0000002151670501771008
164625,-0.00000021546245165815492
164650,0.0000002155133878023463
164675,-0.00000021580876796711834
164700,0.0000002158604968105493
164725,-0.0000002161558612101544
164750.00000000003,0.00000021620839074643072
164775.00000000003,-0.00000021650374648629622
164800,0.0000002165570849310683
164825,-0.00000021685243756230932
164850,0.00000021690659091078146
164875,-0.0000002172019435420225
164900,0.00000021725691401464076
164925,-0.00000021755226509156955
164950,0.00000021760805157811092
164975,-0.0000002179033977700584
165000,0.0000002179599967178092
165025,-0.00000021825533247366025
165050,0.00000021831273988581756
165075,-0.0000002186080616528585
165100.00000000003,0.00000021866627641919933
165125.00000000003,-0.00000021896158286516254
165150,0.0000002190206067620437
165175,-0.00000021931590099555365
165200,0.00000021937573935204568
165225,-0.00000021967102736830668
165250,0.00000021973168773392615
165275,-0.00000022002697641632096
165300,0.00000022008846656262904
165325,-0.0000002203837623504512
165350,0.00000022044608805060761
165375,-0.0000002207413940524816
165400,0.0000002208045570828432
165425,-0.0000002210998730767244
165450.00000000003,0.00000022116387188297892
165475.00000000003,-0.00000022145919431615368
165500,0.00000022152402534558746
165525,-0.00000022181934977716367
165550,0.0000002218850090329738
165575,-0.0000002221803321322824
165600,0.00000022224681806015667
165625,-0.0000002225421393831084
165650,0.00000022260945331531445
165675,-0.00000022290477597053382
165700,0.00000022297292323614215
165725,-0.0000002232682536629227
165750,0.00000022333724114531606
165775,-0.00000022363258667112973
165800.00000000003,0.0000002237024221418693
165825.00000000003,-0.00000022399778920600966
165850,0.00000022406847755007675
165875,-0.00000022436387014934667
165900,0.00000022443541336514272
165925,-0.0000002247308312774976
165950,0.00000022480322736662117
165975,-0.00000022509866770548115
166000,0.00000022517191333726316
166025,-0.00000022546737210582535
166050,0.0000002255414630614183
166075,-0.00000022583693759514745
166100,0.00000022591187209819452
166125,-0.000000226207362175046
166150.00000000003,0.0000002262831411137256
166175.00000000003,-0.0000002265786502864131
166200.00000000003,0.00000022665527943388497
166225,-0.00000022695081391965743
166250,0.0000002270282994931705
166275,-0.0000002273238672856337
166300,0.00000022740221683470452
166325,-0.0000002276978245951966
166350,0.0000002277770425607173
166375,-0.00000022807269428604116
166400,0.00000022815278311050236
166425,-0.0000002284484792447472
166450,0.00000022852943626361366
166475,-0.00000022882517414224424
166500.00000000003,0.00000022890699624689148
166525.00000000003,-0.0000002292027723171941
166550.00000000003,0.00000022928545551081925
166575,-0.00000022958126710825866
166600,0.00000022966480961450486
166625,-0.00000022996065740521487
166650,0.00000023004505966817135
166675,-0.00000023034094720486564
166700,0.0000002304262147756475
166725,-0.00000023072214871966423
166750,0.00000023080828848165424
166775,-0.00000023110427660455457
166800,0.00000023119129455295706
166825,-0.00000023148734329403453
166850.00000000003,0.00000023157524586814304
166875.00000000003,-0.00000023187135966828976
166900.00000000003,0.0000002319601470901489
166925,-0.00000023225632639345406
166950,0.00000023234599799693
166975,-0.0000002326422412490814
167000,0.00000023273279259328206
167025,-0.00000023302909601952138
167050,0.00000023312052399582228
167075,-0.00000023341688493161428
167100,0.00000023350918754161398
167125,-0.00000023380560687513707
167150,0.0000002338987856731478
167175,-0.00000023419526651302647
167200.00000000003,0.00000023428932682811876
167225.00000000003,-0.00000023458587561364652
167250.00000000003,0.00000023468082432920312
167275,-0.00000023497744949807498
167300,0.0000002350732926093002
167325,-0.0000002353700003787651
167350,0.0000002354667436588187
167375,-0.00000023576353869181332
167400,0.00000023586118325091832
167425,-0.00000023615806599153188
167450,0.00000023625661049742064
167475,-0.00000023655357961338552
167500,0.00000023665302073538896
167525,-0.00000023695007245194688
167550.00000000003,0.00000023705040685939593
167575.00000000003,-0.00000023734753940019004
167600.00000000003,0.00000023744876531672787
167625,-0.00000023774597912584738
167650,0.00000023784809788374162
167675,-0.00000023814539695798942
167700,0.00000023824841344222136
167725,-0.0000002385458044429356
167750,0.0000002386497253148434
167775,-0.00000023894721601358526
167800,0.0000002390520483785963
167825,-0.0000002393496454367039
167850,0.00000023945539395775484
167875,-0.0000002397531018161203
167900,0.0000002398597689357018
167925.00000000003,-0.00000024015758803841436
167950.00000000003,0.0000002402651724242588
167975,-0.0000002405631014390508
168000,0.00000024067159976048913
168025,-0.0000002409696355787361
168050,0.0000002410790447271438
168075,-0.0000002413771851283997
168100,0.0000002414875037715092
168125,-0.0000002417857496439524
168150,0.0000002418969795581205
168175,-0.00000024219533445446473
168200,0.00000024230748030262816
168225,-0.00000024260595110625616
168250,0.00000024271901999384227
168275.00000000003,-0.0000002430176142542706
168300.00000000003,0.00000024313161328670674
168325,-0.00000024343033744322895
168350,0.00000024354527194958564
168375,-0.00000024384413022104923
168400,0.0000002439600021997279
168425,-0.0000002442589954743113
168450,0.00000024437580425917815
168475,-0.0000002446749309825691
168500,0.0000002447926739090889
168525,-0.0000002450919307506183
168550,0.00000024521060471016654
168575,-0.0000002455099901155222
168600,0.0000002456295942199205
168625.00000000003,-0.000000245929108411147
168650.00000000003,0.00000024604964488084136
168675,-0.00000024634929185474164
168700,0.00000024647076557471337
168725,-0.00000024677055154853633
168750,0.0000002468929698462574
168775,-0.00000024719290236951963
168800,0.000000247316272572462
168825,-0.00000024761635808445703
168850,0.00000024774068552169126
168875,-0.00000024804092801922195
168900,0.0000002481662155773279
168925,-0.00000024846661594857267
168950,0.00000024859286296141647
168975.00000000003,-0.0000002488934192079739
169000.00000000003,0.00000024902062345510956
169025,-0.0000002493213329124444
169050,0.0000002494494919513812
169075,-0.000000249750352621092
169100,0.0000002498794660077408
169125,-0.00000025018047833391677
169150,0.00000025031054828872357
169175,-0.0000002506117158240784
169200,0.0000002507427481202029
169225,-0.0000002510440770819855
169250,0.00000025117607882485515
169275,-0.0000002514775765405375
169300,0.0000002516105555017134
169325.00000000003,-0.0000002519122281885444
169350.00000000003,0.00000025204618991914174
169375,-0.0000002523480415739243
169400,0.0000002524829891825675
169425,-0.00000025278502024939087
169450,0.0000002529209537360799
169475,-0.00000025322316310472104
169500,0.0000002533600804710545
169525,-0.0000002536624648108443
169550,0.0000002538003642804654
169575,-0.000000254102921815047
169600,0.00000025424180316591105
169625,-0.00000025454453411732914
169650,0.000000254684400236016
169675.00000000003,-0.00000025498730815698423
169700.00000000003,0.0000002551281648166537
169725.00000000003,-0.00000025543125548033174
169750,0.00000025557311023050033
169775,-0.0000002558763911864048
169800,0.0000002560192520206783
169825,-0.00000025632272904196896
169850,0.0000002564666017335071
169875,-0.0000002567702788169868
169900,0.00000025691516691850325
169925,-0.00000025721904473030577
169950,0.0000002573649489079344
169975,-0.0000002576690256717029
170000,0.0000002578159441490868
170025.00000000003,-0.0000002581202172002861
170050.00000000003,0.0000002582681486451577
170075.00000000003,-0.00000025857261576334167
170100,0.0000002587215603977455
170125,-0.00000025902622202700343
170150,0.0000002591761831816086
170175,-0.0000002594810428746541
170200,0.0000002596320263226204
170225,-0.0000002599370896305686
170250,0.00000026008910358754633
170275,-0.0000002603943776158246
170300,0.0000002605474300754196
170325,-0.0000002608529208192323
170350,0.000000261007018220738
170375.00000000003,-0.0000002613127294548434
170400.00000000003,0.0000002614678753509736
170425.00000000003,-0.0000002617738079635501
170450,0.00000026193000324248317
170475,-0.00000026223615545717394
170500,0.00000026239339900868686
170525,-0.00000026269976793891203
170550,0.000000262858059096871
170575,-0.00000026316464274422913
170600,0.00000026332398195272333
170625,-0.00000026363078076130364
170650,0.00000026379117157304677
170675,-0.0000002640981888735183
170700,0.0000002642596375057593
170725.00000000003,-0.00000026456687929332645
170750.00000000003,0.0000002647293939617157
170775.00000000003,-0.00000026503686689771655
170800,0.000000265200456039949
170825,-0.00000026550816611958794
170850,0.0000002656728361749572
170875,-0.00000026598078739503705
170900,0.00000026614654236034596
170925,-0.000000266454735164956
170950,0.0000002666215763724722
170975,-0.00000026693000942934475
171000,0.00000026709793621293443
171025,-0.00000026740660663548965
171050,0.0000002675756185510636
171075.00000000003,-0.00000026788452478498925
171100.00000000003,0.0000002680546224986813
171125.00000000003,-0.00000026836376476602197
171150,0.000000268534952274635
171175,-0.000000268844334350149
171200,0.0000002690166178709319
171225,-0.00000026932624552777895
171250,0.00000026949963305433755
171275,-0.0000002698095131759004
171300,0.0000002699840142561527
171325,-0.0000002702941521715019
171350,0.00000027046977368883063
171375,-0.0000002707801731727244
171400,0.0000002709569195680217
171425.00000000003,-0.0000002712675812865939
171450.00000000003,0.000000271445454114172
171475.00000000003,-0.00000027175637651311035
171500,0.0000002719353755509246
171525,-0.0000002722465564097831
171550,0.00000027242668143578896
171575,-0.00000027273811920025537
171600,0.0000002729193711026312
171625,-0.0000002732310662167947
171650,0.00000027341344965847725
171675,-0.00000027372540567505155
171700,0.0000002739089268732897
171725,-0.00000027422114978747913
171750,0.0000002744058171799679
171775,-0.0000002747183140971998
171800.00000000003,0.00000027490413634367883
171825.00000000003,-0.0000002752169128150683
171850,0.0000002754038972430095
171875,-0.0000002757169577094487
171900,0.00000027590510853769956
171925,-0.0000002762184541094115
171950,0.00000027640777311432885
171975,-0.00000027672140268109047
172000,0.00000027691188964062974
172025,-0.000000277225800981995
172050,0.0000002774174561182008
172075,-0.0000002777316481239467
172100,0.0000002779244727690866
172125,-0.00000027823894632739155
172150.00000000003,0.0000002784329444782685
172175.00000000003,-0.00000027874770336389076
172200,0.0000002789428819038875
172225,-0.00000027925793233407603
172250,0.00000027945429947884293
172275,-0.0000002797696485590251
172300,0.00000027996721319034634
172325,-0.00000028028286713777106
172350,0.00000028048163636107404
172375,-0.0000002807975996166334
172400,0.0000002809975778728102
172425,-0.0000002813138522128611
172450,0.00000028151504105622394
172475,-0.0000002818316255925879
172500.00000000003,0.000000282034025467226
172525.00000000003,-0.0000002823509184235462
172550,0.0000002825545295515042
172575,-0.0000002828717302616468
172600,0.00000028307655375314766
172625,-0.00000028339406377142495
172650,0.0000002836001038453162
172675,-0.00000028391792694648643
172700,0.0000002841251907081954
172725,-0.00000028444333355359674
172750,0.00000028465182921877386
172775,-0.00000028497029913587824
172800,0.00000028518003514221846
172825,-0.00000028549883901440865
172850.00000000003,0.00000028570982268938394
172875.00000000003,-0.00000028602896517959664
172900,0.0000002862412009640991
172925,-0.00000028656068407073576
172950,0.00000028677417374112224
172975,-0.00000028709399724213824
173000,0.00000028730874124249794
173025,-0.0000002876289040276703
173050,0.0000002878449021359586
173075,-0.00000028816540398324264
173100,0.0000002883826584199056
173125,-0.00000028870350110565823
173150,0.00000028892201564545417
173175,-0.00000028924320383261204
173200.00000000003,0.00000028946298513687907
173225.00000000003,-0.00000028978452548678035
173250.00000000003,0.00000029000558199321347
173275,-0.00000029032748272150855
173300,0.00000029054982286780273
173325,-0.00000029087209085787435
173350,0.00000029109572174945697
173375,-0.00000029141836210833105
173400,0.0000002916432881860942
173425,-0.0000002919663038003506
173450,0.0000002921925268406511
173475,-0.00000029251591793233445
173500,0.00000029274343860130614
173525,-0.0000002930672047263272
173550.00000000003,0.00000029329602302397006
173575.00000000003,-0.00000029362016418232884
173600.00000000003,0.00000029385028188499973
173625,-0.0000002941748007412315
173650,0.0000002944062216236887
173675,-0.00000029473112372890853
173700,0.0000002949638542304456
173725,-0.0000002952891464680363
173750,0.00000029552319524839277
173775,-0.0000002958488858340047
173800,0.000000296084261108831
173825,-0.00000029641035803606997
173850,0.00000029664706668874885
173875,-0.00000029697357573077454
173900.00000000003,0.0000002972116222021981
173925.00000000003,-0.000000297538546467635
173950.00000000003,0.00000029777793253416007
173975,-0.0000002981052731332312
174000,0.0000002983459994609916
174025,-0.000000298673756393697
174050,0.0000002989158227606481
174075,-0.00000029924399735925533
174100,0.000000299487405541754
174125,-0.00000029981600047079837
174150,0.0000003000607546876921
174175,-0.0000003003897759423779
174200,0.00000030063588218887105
174225,-0.0000003009653375407595
174250.00000000003,0.0000003012128044765916
174275.00000000003,-0.00000030154270258542226
174300.00000000003,0.00000030179153820419913
174325,-0.0000003021218879517562
174350,0.000000302372098914816
174375,-0.0000003027029060742592
174400,0.000000302954496822494
174425,-0.00000030328576561267084
174450,0.00000030353873836652667
174475,-0.0000003038704703417494
174500,0.0000003041248248791817
174525,-0.0000003044570211496733
174550,0.00000030471275813681586
174575,-0.00000030504542025688863
174600.00000000003,0.00000030530254102600907
174625.00000000003,-0.00000030563567277042125
174650.00000000003,0.00000030589418131832247
174675,-0.000000306227788904323
174700,0.00000030648769167029855
174725,-0.0000003068217835355824
174750,0.00000030708308873528267
174775,-0.0000003074176744277679
174800,0.00000030768038983275403
174825,-0.0000003080154784562694
174850,0.0000003082796109499242
174875,-0.00000030861520916580787
174900,0.00000030888076318902336
174925,-0.00000030921687543816745
174950.00000000003,0.0000003094838529893451
174975.00000000003,-0.00000030982048193628486
175000.00000000003,0.0000003100888832374693
175025,-0.00000031042603065856156
175050,0.0000003106958559317974
175075,-0.0000003110335240474882
175100,0.00000031130477484708763
175125,-0.0000003116429680982691
175150,0.00000031191564842103503
175175,-0.0000003122543739131345
175200,0.0000003125284901983605
175225,-0.00000031286775659111754
175250,0.00000031314331683240937
175275,-0.00000031348313478396506
175300.00000000003,0.0000003137601467528839
175325.00000000003,-0.000000314100525367067
175350.00000000003,0.000000314378995724951
175375,-0.0000003147199429953673
175400,0.00000031499987640515315
175425,-0.0000003153413967726948
175450,0.0000003156227936784717
175475,-0.00000031596489269425376
175500,0.0000003162477559826016
175525,-0.0000003165904329804903
175550,0.0000003168747628734536
175575,-0.0000003172180209620734
175600,0.00000031750381968009833
175625,-0.0000003178476637444305
175650,0.0000003181349352843199
175675.00000000003,-0.00000031847937265183646
175700.00000000003,0.00000031876812389697307
175725,-0.0000003191131636715028
175750,0.000000319403402837537
175775,-0.0000003197490558992655
175800,0.0000003200407909798031
175825,-0.0000003203870668766484
175850,0.00000032068030497711675
175875,-0.00000032102721192472927
175900,0.00000032132195770806504
175925,-0.0000003216695014796045
175950,0.00000032196575738829836
175975,-0.0000003223139413144338
176000,0.0000003226117080146196
176025.00000000003,-0.0000003229605356480647
176050.00000000003,0.0000003232598138058762
176075,-0.0000003236092882552555
176100,0.00000032391008031318336
176125,-0.0000003242602071296119
176150,0.00000032456251686241444
176175,-0.00000032491330426154263
176200,0.0000003252171385526026
176225,-0.00000032556859652643766
176250,0.0000003258739635914054
176275,-0.0000003262261034642222
176300,0.00000032653301129670353
176325,-0.0000003268858432825539
176350,0.00000032719429921002074
176375.00000000003,-0.00000032754783219068884
176400.00000000003,0.00000032785784087607794
176425,-0.0000003282120810688127
176450,0.00000032852364539870393
176475,-0.0000003288785972443975
176500,0.00000032919171788492463
176525,-0.00000032954738493629065
176550,0.0000003298620627756321
176575,-0.0000003302184496956073
176600,0.0000003305346871762538
176625,-0.0000003308917999600425
176650,0.00000033120960152288603
176675,-0.0000003315674488302278
176700,0.0000003318868211366066
176725.00000000003,-0.00000033224541362564253
176750.00000000003,0.00000033256636511325155
176775.00000000003,-0.00000033292571455234565
176800,0.0000003332482538809245
176825,-0.00000033360837115026243
176850,0.00000033393250520319384
176875,-0.0000003342933998506936
176900,0.0000003346191339570481
176925,-0.0000003349808126440479
176950,0.00000033530814969040534
176975,-0.0000003356706177459756
177000,0.00000033599955884255905
177025,-0.00000033636282048554733
177050,0.000000336693367186669
177075.00000000003,-0.00000033705742752410117
177100.00000000003,0.0000003373895822722517
177125.00000000003,-0.00000033775444796546594
177150,0.00000033808821564562663
177175,-0.00000033845389602049636
177200,0.0000003387892837380946
177225,-0.00000033915578989685
177250,0.00000033949280631162537
177275,-0.0000003398601504667198
177300,0.00000034019880401636726
177325,-0.00000034056699793616474
177350,0.0000003409072966142901
177375,-0.00000034127635029079784
177400,0.000000341618299204427
177425.00000000003,-0.00000034198821952102776
177450.00000000003,0.0000003423318222228744
177475.00000000003,-0.00000034270261561886173
177500,0.0000003430478738852827
177525,-0.0000003434195450235933
177550,0.0000003437664604089008
177575,-0.0000003441390148406498
177600,0.00000034448759089755754
177625,-0.0000003448610357281723
177650,0.0000003452112775637062
177675,-0.0000003455856230072385
177700,0.0000003459375379488705
177725,-0.00000034631279555163985
177750,0.00000034666639248115416
177775.00000000003,-0.00000034704257512174763
177800.00000000003,0.00000034739786336501766
177825.00000000003,-0.0000003477749830338439
177850,0.0000003481319703624308
177875,-0.0000003485100377176309
177900,0.000000348868730126739
177925,-0.0000003492477533839633
177950,0.00000034960815464835093
177975,-0.00000034998814046893756
178000,0.00000035035025236496153
178025,-0.00000035073120607798103
178050,0.0000003510950314922212
178075,-0.0000003514769595369671
178100,0.00000035184250157804797
178125.00000000003,-0.0000003522254123922153
178150.00000000003,0.00000035259267638920733
178175.00000000003,-0.00000035297658018684785
178200,0.0000003533455743554015
178225,-0.0000003537304837930577
178250,0.0000003541012172370017
178275,-0.00000035448714541530535
178300,0.00000035485962790460235
178325,-0.00000035524658792418506
178350,0.00000035562082745244084
178375,-0.0000003560088304155329
178400,0.0000003563848336440856
178425,-0.00000035677388821042655
178450,0.00000035715165935812365
178475.00000000003,-0.0000003575417730772301
178500.00000000003,0.0000003579213143645177
178525.00000000003,-0.0000003583124938977278
178550,0.0000003586938084332303
178575,-0.0000003590860604418822
178600,0.0000003594691524444471
178625,-0.000000359862485810325
178650,0.00000036024736127515666
178675,-0.0000003606417873225354
178700,0.0000003610284542432396
178725,-0.00000036142398607275084
178750,0.0000003618124546633794
178775,-0.0000003622091062638333
178800,0.00000036259938607230424
178825.00000000003,-0.00000036299717098842166
178850.00000000003,0.0000003633892711185638
178875.00000000003,-0.0000003637882013407534
178900,0.00000036418212845390485
178925,-0.0000003645822137521293
178950,0.00000036497797251122677
178975,-0.0000003653792208790918
179000,0.000000365776814836849
179025,-0.000000366179233379782
179050,0.00000036657866564482333
179075,-0.00000036698226280051927
179100,0.0000003673835378137369
179125,-0.0000003677883229080692
179150,0.0000003681914473308012
179175.00000000003,-0.00000036859743279826773
179200.00000000003,0.0000003690024152902538
179225.00000000003,-0.0000003694096146755754
179250,0.00000036981646545086733
179275,-0.0000003702248940751218
179300,0.0000003706336231257268
179325,-0.00000037104329542181347
179350,0.0000003714539122956495
179375,-0.00000037186484069806625
179400,0.0000003722773525005607
179425,-0.00000037268954855562697
179450,0.00000037310395972767196
179475,-0.00000037351743276126115
179500,0.00000037393374685557035
179525,-0.00000037434850574946665
179550.00000000003,0.00000037476672631875374
179575.00000000003,-0.00000037518278017678597
179600,0.00000037560291255012146
179625,-0.00000037602026781158315
179650,0.00000037644229822220154
179675,-0.00000037686100107237053
179700,0.0000003772849639371856
179725,-0.00000037770499261569057
179750,0.00000037813089948102174
179775,-0.00000037855226797667285
179800,0.00000037898013371950867
179825,-0.00000037940285380066996
179850,0.00000037983269196573133
179875,-0.00000038025677451258844
179900.00000000003,0.000000380688595980061
179925.00000000003,-0.0000003811140494303089
179950,0.0000003815478639701553
179975,-0.00000038197469498513215
180000,0.0000003824105105909581
180025,-0.00000038283872516586825
180050,0.00000038327654960923496
180075,-0.0000003837061557376842
180100,0.0000003841459965681082
180125,-0.00000038457700135552386
180150,0.0000003850188712295477
180175,-0.00000038545128711042764
180200,0.0000003858951966861923
180225,-0.00000038632903742730207
180250.00000000003,0.0000003867750015817961
180275.00000000003,-0.00000038721027895149973
180300.00000000003,0.00000038765831189557787
180325,-0.0000003880950407708639
180350,0.0000003885451564933362
180375,-0.00000038898334775439025
180400,0.0000003894355569133978
180425,-0.00000038987522166245014
180450,0.00000039032953269568793
180475,-0.00000039077067937043353
180500,0.0000003912271009376411
180525,-0.00000039166973664350735
180550,0.00000039212827673829054
180575,-0.0000003925724099129724
180600.00000000003,0.00000039303307741711535
180625.00000000003,-0.00000039347871849670923
180650.00000000003,0.00000039394152429039764
180675,-0.00000039438868548735684
180700,0.00000039485364311531157
180725,-0.0000003953023384184462
180750,0.0000003957694625356112
180775,-0.000000396219707265999
180800,0.00000039668901230527354
180825,-0.0000003971408211178584
180850,0.00000039761232084600806
180875,-0.00000039806570728551094
180900,0.0000003985394136929443
180925,-0.00000039899438841750623
180950.00000000003,0.0000003994703119403198
180975.00000000003,-0.00000039992688494194795
181000.00000000003,0.00000040040503357374746
181025,-0.00000040086321395627067
181050,0.00000040134359680088494
181075,-0.0000004018033938901766
181100,0.00000040228602071756825
181125,-0.00000040274744605994783
181150,0.0000004032323284164363
181175,-0.0000004036953955566247
181200,0.0000004041825474310201
181225,-0.00000040464727191213967
181250,0.00000040513670884756436
181275,-0.00000040560310643478203
181300.00000000003,0.00000040609484397435835
181325.00000000003,-0.0000004065629310989749
181350.00000000003,0.00000040705698345355756
181375,-0.0000004075267745484723
181400,0.0000004080231545966484
181425,-0.0000004084946618743146
181450,0.00000040899338071831437
181475,-0.0000004094666152809623
181500,0.00000040996768246870374
181525,-0.0000004104426545303852
181550,0.00000041094607938774175
181575,-0.0000004114228002727316
181600,0.00000041192859345784427
181625,-0.0000004124070756006404
181650.00000000003,0.0000004129152499920963
181675.00000000003,-0.0000004133955080476426
181700.00000000003,0.0000004139060787444748
181725,-0.0000004143881293661167
181750,0.00000041490111213349223
181775,-0.00000041538497308479805
181800,0.00000041590038457606227
181825,-0.000000416386072732422
181850,0.00000041690392871274184
181875,-0.00000041739146006136707
181900,0.0000004179117736313742
181925,-0.00000041840116216107504
181950,0.00000041892394553322276
181975,-0.00000041941520345645245
182000.00000000003,0.0000004199404670668372
182025.00000000003,-0.0000004204336063740044
182050.00000000003,0.0000004209613608807672
182075,-0.0000004214563937843252
182100,0.0000004219866509558301
182125,-0.000000422483591444589
182150,0.00000042301636504760154
182175,-0.00000042351522955286214
182200,0.0000004240505353525492
182225,-0.0000004245513418599245
182250,0.0000004250891969537207
182275,-0.0000004255919645590467
182300,0.00000042613238604438664
182325,-0.0000004266371333994101
182350.00000000003,0.00000042718013815168376
182375.00000000003,-0.00000042768688279792855
182400.00000000003,0.0000004282324852500352
182425,-0.00000042874124228653443
182450,0.0000004292894557611504
182475,-0.0000004298002393987588
182500,0.0000004303510749981143
182525,-0.00000043086389878155273
182550,0.0000004314173684960565
182575,-0.0000004319322461920905
182600,0.00000043248836290032955
182625,-0.00000043300531027412603
182650,0.00000043356408863104434
182675,-0.00000043408312366821633
182700.00000000003,0.00000043464458054920385
182725.00000000003,-0.0000004351657230117212
182750.00000000003,0.0000004357298766244355
182775,-0.00000043625314716244645
182800,0.0000004368200159365898
182825,-0.0000004373454347561534
182850,0.00000043791503623324957
182875,-0.0000004384426224302018
182900,0.00000043901497259746236
182925,-0.00000043954474326923787
182950,0.0000004401198561154729
182975,-0.0000004406518274713278
183000,0.0000004412297156530798
183025,-0.00000044176390279204725
183050,0.00000044234457940994787
183075.00000000003,-0.00000044288099787515023
183100.00000000003,0.0000004434644769180096
183125,-0.00000044400314491710446
183150,0.00000044458944237213416
183175,-0.00000044513037900095753
183200,0.00000044571951285377054
183225,-0.0000004462627400947383
183250,0.00000044685472966321527
183275,-0.00000044740026972078795
183300,0.00000044799513476689867
183325,-0.00000044854301006758135
183350,0.00000044914076902102806
183375,-0.0000004496910008811028
183400,0.0000004502916708393201
183425.00000000003,-0.00000045084427835462293
183450.00000000003,0.0000004514478748607331
183475,-0.00000045200287557278784
183500,0.00000045260941283764566
183525,-0.00000045316682451002066
183550,0.000000453776316078347
183575,-0.0000004543361569186999
183600,0.0000004549486185556617
183625,-0.0000004555109078818731
183650,0.00000045612635646286037
183675,-0.00000045669111647939076
183700,0.0000004573095713222841
183725,-0.00000045787682600995083
183750,0.0000004584983070987647
183775.00000000003,-0.0000004590680815486081
183800.00000000003,0.00000045969260997758
183825.00000000003,-0.000000460264926172016
183850,0.00000046089251526382213
183875,-0.00000046146741072838893
183900,0.0000004620980844638467
183925,-0.0000004626755683023731
183950,0.0000004633093442230063
183975,-0.00000046388943597541754
184000,0.0000004645263309566161
184025,-0.0000004651090490526144
184050,0.00000046574908041385754
184075,-0.0000004663344437272343
184100,0.000000466977629454135
184125.00000000003,-0.00000046756565907912773
184150.00000000003,0.00000046821201915570043
184175.00000000003,-0.0000004688027377408588
184200,0.000000469452294371564
184225,-0.00000047004572700792835
184250,0.00000047069850350744957
184275,-0.0000004712946759521941
184300,0.00000047195069585725946
184325,-0.0000004725496336455137
184350,0.00000047320891982671753
184375,-0.0000004738106476054327
184400,0.000000474473221379057
184425,-0.00000047507776157473813
184450,0.0000004757436427027528
184475.00000000003,-0.0000004763510170757712
184500.00000000003,0.0000004770202237658339
184525.00000000003,-0.0000004776304529663378
184550,0.0000004783030040922398
184575,-0.0000004789161098806005
184600,0.0000004795920252043118
184625,-0.0000004802080308952128
184650,0.0000004808873321771046
184675,-0.0000004815062630836309
184700,0.0000004821889740824759
184725,-0.0000004828108577381585
184750,0.0000004834970033229524
184775,-0.0000004841218679274562
184800,0.0000004848114738553733
184825.00000000003,-0.0000004854393473863183
184850.00000000003,0.0000004861324385263543
184875.00000000003,-0.0000004867633480731826
184900,0.0000004874599475179764
184925,-0.0000004880939183937727
184950,0.0000004887940479036956
184975,-0.000000489431104311322
185000,0.0000004901347843144777
185025,-0.0000004907749497906622
185050,0.0000004914822013812881
185075,-0.0000004921255001288927
185100,0.0000004928363450673601
185125,-0.0000004934828030656035
185150,0.0000004941972653327298
185175.00000000003,-0.000000494846910781277
185200.00000000003,0.0000004955650161342362
185225.00000000003,-0.0000004962178792311533
185250,0.0000004969396552034766
185275,-0.0000004975957663688746
185300,0.0000004983212409381821
185325,-0.0000004989806314803502
185350,0.0000004997098312919945
185375,-0.0000005003725307428653
185400,0.0000005011054817760652
185425,-0.0000005017715185573479
185450,0.0000005025082447929208
185475,-0.0000005031776453279235
185500,0.0000005039181698585082
185525.00000000003,-0.0000005045909612366728
185550.00000000003,0.0000005053353071549083
185575.00000000003,-0.0000005060115162436318
185600,0.0000005067597086405584
185625,-0.0000005074393643056396
185650,0.0000005081914289384315
185675,-0.0000005088745624881597
185700,0.0000005096305282226155
185725,-0.0000005103171725195921
185750,0.0000005110770693317335
185775,-0.0000005117672581267385
185800,0.000000512531116658721
185825,-0.0000005132248837025344
185850,0.0000005139927334862904
185875.00000000003,-0.0000005146901118635583
185900.00000000003,0.0000005154619815428418
185925.00000000003,-0.0000005161630023398089
185950,0.0000005169389185599726
185975,-0.0000005176436119747052
186000,0.0000005184236007149678
186025,-0.0000005191319965014429
186050,0.0000005199160841851125
186075,-0.000000520628212763441
186100,0.0000005214164267020038
186125,-0.0000005221323200466088
186150,0.0000005229246899940421
186175,-0.0000005236443825218373
186200,0.0000005244409395643856
186225.00000000003,-0.0000005251644674686418
186250.00000000003,0.0000005259652451350405
186275.00000000003,-0.0000005266926457192511
186300,0.0000005274976770941464
186325,-0.0000005282289874397605
186350,0.0000005290383058298431
186375,-0.0000005297735621301314
186400,0.0000005305871990657351
186425,-0.0000005313264359596559
186450,0.0000005321444216388471
186475,-0.0000005328876728771803
186500,0.0000005337100366098468
186525,-0.0000005344573354992832
186550,0.0000005352841070394021
186575.00000000003,-0.0000005360354875527662
186600.00000000003,0.0000005368666975424929
186625.00000000003,-0.0000005376221954289662
186650,0.0000005384578771749915
186675,-0.0000005392175304042013
186700,0.0000005400577187675282
186725,-0.0000005408215670854588
186750,0.0000005416662987034471
186775,-0.0000005424343831883505
186800,0.0000005432836951424491
186825,-0.0000005440560566505326
186850,0.0000005449099855781014
186875,-0.0000005456866642994385
186900,0.0000005465452457276143
186925,-0.0000005473262800759215
186950.00000000003,0.0000005481895477554843
186975.00000000003,-0.0000005489749754783446
187000,0.0000005498429627159851
187025,-0.0000005506328208948474
187050,0.0000005515055616633902
187075,-0.0000005522998884899266
187100,0.0000005531774172062853
187125,-0.0000005539762526485248
187150,0.0000005548586066161931
187175,-0.0000005556619924185213
187200,0.0000005565492104953051
187225,-0.0000005573571908445984
187250,0.0000005582493141087497
187275,-0.0000005590619340800629
187300.00000000003,0.0000005599590033877888
187325.00000000003,-0.0000005607763082782213
187350.00000000003,0.0000005616783649298185
187375,-0.0000005625003989262467
187400,0.0000005634074826676994
187425,-0.0000005642342888467766
187450,0.0000005651464376477122
187475,-0.0000005659780581979135
187500,0.0000005668953104720487
187525,-0.000000567731786915715
187550,0.0000005686541804106326
187575,-0.0000005694955556023729
187600,0.0000005704231298420126
187625,-0.0000005712694484127923
187650.00000000003,0.0000005722022451415398
187675.00000000003,-0.0000005730535534986814
187700.00000000003,0.000000573991616459324
187725,-0.0000005748479634526404
187750,0.000000575791338164322
187775,-0.0000005766527739758942
187800,0.0000005776015068459373
187825,-0.000000578468080991712
187850,0.0000005794222175392605
187875,-0.0000005802939799792739
187900,0.0000005812535648352934
187925,-0.0000005821305633091356
187950,0.0000005830956399943688
187975,-0.0000005839779220195851
188000.00000000003,0.0000005849485336106852
188025.00000000003,-0.0000005858361455945982
188050.00000000003,0.0000005868123347241294
188075,-0.0000005877053268488197
188100,0.0000005886871383697923
188125,-0.0000005895855590409838
188150,0.0000005905730402488985
188175,-0.0000005914769414250287
188200,0.0000005924701418358325
188225,-0.0000005933795774737405
188250,0.000000594378548379737
188275,-0.0000005952935737685294
188300,0.0000005962983671281563
188325,-0.0000005972190375569397
188350.00000000003,0.0000005982297051065899
188375.00000000003,-0.0000005991560754203817
188400.00000000003,0.0000006001726680082697
188425,-0.0000006011047919418644
188450,0.0000006021273590839371
188475,-0.0000006030652894839506
188500,0.0000006040938806961549
188525,-0.0000006050376701871585
188550,0.0000006060723347633967
188575,-0.0000006070220373022295
188600,0.00000060806282675685
188625,-0.0000006090184980767077
188650,0.0000006100654657004156
188675,-0.0000006110271639769849
188700.00000000003,0.0000006120803657250207
188725.00000000003,-0.0000006130481509103447
188750.00000000003,0.0000006141076447363503
188775,-0.0000006150815783367847
188800,0.0000006161474226384911
188825,-0.0000006171275668265253
188850,0.000000618199819779619
188875,-0.0000006191862356175193
188900,0.0000006202649549535977
188925,-0.0000006212577030595412
188950,0.0000006223429453999785
188975,-0.0000006233420848378302
189000,0.0000006244339063599114
189025,-0.0000006254394973037591
189050.00000000003,0.0000006265379548509031
189075.00000000003,-0.0000006275500579189242
189100.00000000003,0.0000006286552101109066
189125,-0.0000006296738879196795
189150,0.0000006307857953746776
189175,-0.0000006318111129832715
189200,0.0000006329298392060423
189225,-0.0000006339618645601064
189250,0.000000635087474609719
189275,-0.0000006361262763210362
189300,0.000000637258836366783
189325,-0.0000006383044839353147
189350,0.0000006394440601464879
189375,-0.0000006404966224060615
189400.00000000003,0.0000006416432805078642
189425.00000000003,-0.0000006427028254041289
189450.00000000003,0.0000006438566295674519
189475,-0.0000006449232248240122
189500,0.0000006460842398858802
189525,-0.0000006471579527822513
189550,0.0000006483262438017334
189575,-0.0000006494071433937876
189600,0.0000006505827774283546
189625,-0.0000006516709345483207
189650,0.0000006528539806538447
189675,-0.0000006539494690205316
189700,0.0000006551399993615092
189725,-0.0000006562428949141719
189750.00000000003,0.0000006574409834314565
189775.00000000003,-0.0000006585513638857066
189800.00000000003,0.0000006597570856303747
189825,-0.0000006608750287018239
189850,0.0000006620884589469966
189875,-0.0000006632140425733013
189900,0.0000006644352561480105
189925,-0.0000006655685573786485
189950,0.0000006667976282237476
189975,-0.0000006679387238861523
190000,0.00000066917572572045
190025,-0.0000006703246928640993
190050,0.0000006715697009607169
190075,-0.0000006727266177453117
190100.00000000003,0.0000006739797084875931
190125.00000000003,-0.0000006751446559594143
190150.00000000003,0.0000006764059088393282
190175,-0.0000006775789698210133
190200,0.000000678848467217108
190225,-0.0000006800297280840084
190250,0.0000006813075537071001
190275,-0.0000006824971019447901
190300,0.0000006837833417261407
190325,-0.0000006849812659304177
190350,0.000000686276005579245
190375,-0.0000006874823934577279
190400,0.0000006887857186832491
190425,-0.0000006900006586096907
190450.00000000003,0.0000006913126542329451
190475.00000000003,-0.0000006925362334708751
190500.00000000003,0.0000006938569845349463
190525,-0.0000006950892914581175
190550,0.0000006964188843383567
190575,-0.0000006976600082087003
190600,0.0000006989985312788605
190625,-0.0000007002485644669321
190650,0.0000007015961085432565
190675,-0.0000007028551458621024
190700,0.0000007042118053135482
190725,-0.0000007054799446848392
190750,0.0000007068458154346757
190775,-0.0000007081231563343948
190800,0.0000007094983363042928
190825.00000000003,-0.000000710784979318646
190850.00000000003,0.0000007121695668743655
190875.00000000003,-0.0000007134656128116035
190900,0.0000007148597063189044
190925,-0.0000007161652553211439
190950,0.0000007175689527016971
190975,-0.0000007188841055771888
191000,0.0000007202975051967542
191025,-0.0000007216223629757934
191050,0.0000007230455640883093
191075,-0.0000007243802297995927
191100,0.0000007258133347676221
191125,-0.0000007271579141043816
191150,0.0000007286010275109334
191175.00000000003,-0.0000007299556292750253
191200.00000000003,0.0000007314088590337775
191225.00000000003,-0.0000007327735949136382
191250,0.0000007342370520468933
191275,-0.0000007356120359514051
191300,0.0000007370858323696439
191325,-0.0000007384711793179122
191350,0.0000007399554282638832
191375,-0.0000007413512537191025
191400,0.0000007428460686575988
191425,-0.0000007442524885270529
191450,0.0000007457579824787786
191475,-0.000000747175112225662
191500,0.0000007486913993215438
191525.00000000003,-0.0000007501193559633634
191550.00000000003,0.0000007516465514445514
191575.00000000003,-0.0000007530854537751708
191600,0.0000007546236759914393
191625,-0.0000007560736459133466
191650,0.0000007576230158790054
191675,-0.0000007590841786253577
191700,0.0000007606448211294747
191725,-0.0000007621173050420538
191750,0.0000007636893477602769
191775,-0.0000007651732840674441
191800,0.0000007667568562297333
191825,-0.0000007682523772700733
191850,0.0000007698476101047902
191875.00000000003,-0.0000007713548491050659
191900.00000000003,0.0000007729618733964827
191925.00000000003,-0.0000007744809642495909
191950,0.0000007760999116701583
191975,-0.0000007776309882689958
192000,0.000000779261991379343
192025,-0.0000007808051891711187
192050,0.0000007824483825302764
192075,-0.0000007840038398487792
192100,0.0000007856593602362238
192125,-0.0000007872272183018225
192150,0.0000007888952069379229
192175,-0.0000007904756109677891
192200,0.000000792156212403583
192225.00000000003,-0.0000007937493107235127
192250.00000000003,0.0000007954426723966179
192275.00000000003,-0.0000007970486175512548
192300,0.0000007987548895638241
192325,-0.0000008003738347639455
192350,0.0000008020931689944888
192375,-0.0000008037252683390506
192400,0.0000008054578175542559
192425,-0.0000008071032266965261
192450,0.0000008088491445512602
192475,-0.0000008105080195885961
192500,0.0000008122674604038593
192525,-0.0000008139399598761088
192550,0.0000008157130815256153
192575.00000000003,-0.0000008173993657489831
192600.00000000003,0.000000819186328326893
192625.00000000003,-0.0000008208865622805206
192650,0.0000008226875309880199
192675,-0.0000008244018838698963
192700,0.0000008262170263506619
192725,-0.0000008279456704674004
192750,0.0000008297751603603132
192775,-0.0000008315182722373748
192800,0.0000008333622840694943
192825,-0.0000008351200422307414
192850,0.0000008369787536377515
192875,-0.0000008387513390495371
192900,0.0000008406249285553002
192925.00000000003,-0.0000008424125215178435
192950.00000000003,0.0000008443011694225788
192975.00000000003,-0.0000008461039544549465
193000,0.0000008480078423911408
193025,-0.0000008498260040123995
193050,0.0000008517453169432088
193075,-0.0000008535790447794511
193100,0.0000008555139714427895
193125,-0.0000008573634575625988
193150,0.000000859314190915228
193175,-0.0000008611796344926148
193200,0.000000863146372820367
193225,-0.000000865027975249788
193250,0.0000008670109201691645
193275.00000000003,-0.0000008689088883961915
193300.00000000003,0.000000870908246852764
193325.00000000003,-0.0000008728227893772811
193350,0.000000874838768538666
193375,-0.0000008767700991896277
193400,0.0000008788029095541106
193425,-0.0000008807512399400252
193450,0.0000008828010944483822
193475,-0.0000008847666395084275
193500,0.000000886833753099836
193525,-0.0000008888167364329291
193550,0.0000008909013267111021
193575,-0.000000892901966365045
193600,0.0000008950042582611673
193625.00000000003,-0.0000008970227840521261
193650.00000000003,0.0000008991430027194269
193675.00000000003,-0.0000009011796482383261
193700,0.000000903318029488176
193725,-0.0000009053730332109211
193750,0.0000009075298155192257
193775,-0.0000009096034196964808
193800,0.0000009117788462020826
193825,-0.0000009138712999678944
193850,0.0000009160656162521263
193875,-0.0000009181771682964524
193900,0.0000009203906243815396
193925,-0.0000009225215289454525
193950,0.0000009247543768520217
193975.00000000003,-0.0000009269048886206832
194000.00000000003,0.0000009291573832559408
194025.00000000003,-0.0000009313277637978956
194050,0.0000009336001656201631
194075,-0.0000009357906785023573
194100,0.0000009380832524108484
194125,-0.0000009402941691938338
194150,0.000000942607186971145
194175,-0.0000009448387843224992
194200,0.0000009471725230802974
194225,-0.0000009494250849950703
194250,0.000000951779829394539
194275,-0.0000009540536440866276
194300,0.0000009564296827857532
194325.00000000003,-0.0000009587250444642592
194350.00000000003,0.000000961122671228054
194375.00000000003,-0.0000009634398780988818
194400.00000000003,0.000000965859389578938
194425,-0.000000968198743178661
194450,0.0000009706404413556413
194475,-0.0000009730022478837697
194500,0.000000975466438069006
194525,-0.0000009778510079438973
194550,0.0000009803380018880148
194575,-0.0000009827456526334544
194600,0.0000009852557676381934
194625,-0.0000009876868229952152
194650,0.0000009902203845779667
194675,-0.0000009926751760591657
194700.00000000003,0.0000009952325168427478
194725.00000000003,-0.0000009977113835102358
194750.00000000003,0.0000010002928434449387
194775,-0.0000010027961314662548
194800,0.0000010054020571637068
194825,-0.0000010079301182575051
194850,0.0000010105608618804496
194875,-0.0000010131140537605887
194900,0.0000010157699728008396
194925,-0.0000010183486580661594
194950,0.000001021030115344601
194975,-0.0000010236346621450565
195000,0.0000010263420264777778
195025,-0.000001028972809624662
195050.00000000003,0.0000010317064567111345
195075.00000000003,-0.000001034363858565257
195100.00000000003,0.0000010371241718765134
195125,-0.000001039808583236379
195150,0.0000010425959555693254
195175,-0.000001045307776115223
195200,0.0000010481226091485496
195225,-0.000001050862248108686
195250,0.000001053704952624912
195275,-0.0000010564728272211
195300,0.0000010593438217743056
195325,-0.000001062140357444008
195350,0.000001065040068803924
195375,-0.0000010678656980900314
195400.00000000003,0.0000010707945592436374
195425.00000000003,-0.0000010736497217944674
195450.00000000003,0.0000010766081735003041
195475,-0.0000010794933162916465
195500,0.0000010824818066357267
195525,-0.0000010853973848590215
195550,0.0000010884163712532313
195575,-0.000001091362850091926
195600,0.0000010944127994960695
195625,-0.0000010973906536815292
195650,0.0000011004720446017302
195675,-0.0000011034817612998182
195700,0.0000011065950831223859
195725,-0.0000011096371594909726
195750.00000000003,0.0000011127829124824018
195775.00000000003,-0.0000011158578574477218
195800.00000000003,0.000001119036552754693
195825,-0.0000011221448847908988
195850,0.000001125357042885966
195875,-0.0000011284992902371727
195900,0.0000011317454411408079
195925,-0.0000011349221411549593
195950,0.0000011382028248796416
195975,-0.0000011414145253407781
196000,0.0000011447302916689495
196025,-0.0000011479775507972079
196050,0.000001151328961279674
196075,-0.0000011546123495076444
196100.00000000003,0.0000011579999785737982
196125.00000000003,-0.0000011613200794347023
196150.00000000003,0.0000011647445148366131
196175,-0.0000011681019265186166
196200,0.0000011715637702192083
196225,-0.0000011749591040111085
196250,0.0000011784589719621152
196275,-0.0000011818928538076534
196300,0.0000011854313752834855
196325,-0.0000011889044431168116
196350,0.0000011924822607145558
196375,-0.0000011959951669027191
196400,0.0000011996129347657813
196425,-0.000001203166343000106
196450.00000000003,0.000001206824729038658
196475.00000000003,-0.0000012104193174433675
196500.00000000003,0.0000012141190031123017
196525,-0.0000012177554629122511
196550,0.0000012214971445434486
196575,-0.0000012251761831727492
196600,0.0000012289605737514364
196625,-0.0000012326829159636787
196650,0.0000012365107455725166
196675,-0.000001240277132996681
196700,0.0000012441491501480328
196725,-0.0000012479603428428021
196750,0.0000012518773138125994
196775,-0.0000012557340896002245
196800.00000000003,0.000001259696797983878
196825.00000000003,-0.0000012635999522281338
196850.00000000003,0.000001267609198718489
196875,-0.0000012715595436585403
196900,0.0000012756161467120108
196925,-0.0000012796145112403678
196950,0.000001283719305966713
196975,-0.0000012877665378496772
197000,0.000001291920378454492
197025,-0.0000012960173438880673
197050,0.0000013002211038948275
197075,-0.0000013043686899472107
197100,0.0000013086232646397633
197125,-0.0000013128223801395222
197150.00000000003,0.0000013171286872282195
197175.00000000003,-0.0000013213802643186057
197200.00000000003,0.0000013257392448284833
197225,-0.0000013300442389674316
197250,0.0000013344568572382087
197275,-0.0000013388162469762932
197300,0.0000013432834911064617
197325,-0.0000013476982789750735
197350,0.0000013522211594896305
197375,-0.0000013566923702246214
197400,0.0000013612719216293812
197425,-0.0000013658006039474202
197450,0.0000013704378840628806
197475,-0.0000013750251106614542
197500.00000000003,0.000001379721202621198
197525.00000000003,-0.000001384368072399056
197550.00000000003,0.000001389124085759974
197575,-0.0000013938317247053078
197600,0.000001398648797668045
197625,-0.0000014034183615230233
197650,0.0000014082976615981124
197675,-0.0000014131303360809255
197700,0.0000014180730625312776
197725,-0.0000014229700646684051
197750,0.000001427977447399087
197775,-0.0000014329400253032532
197800,0.0000014380133259717098
197825,-0.0000014430427597300621
197850.00000000003,0.0000014481832713020282
197875.00000000003,-0.0000014532808720879586
197900.00000000003,0.0000014584899199476808
197925.00000000003,-0.000001463657031797183
197950,0.000001468935973525376
197975,-0.0000014741739735590897
198000,0.0000014795242015974708
198025,-0.0000014848345029072618
198050,0.000001490257445890819
198075,-0.0000014956414984279576
198100,0.000001501138623849485
198125,-0.0000015065979173112254
198150,0.0000015121707326315459
198175,-0.0000015177067973493052
198200,0.000001523356851995672
198225.00000000003,-0.0000015289712615995654
198250.00000000003,0.000001534700147409751
198275.00000000003,-0.0000015403945170522348
198300,0.00000154620386916271
198325,-0.000001551979858627206
198350,0.0000015578713559172286
198375,-0.0000015637306680638119
198400,0.00000156970603426565
198425,-0.000001575650417917629
198450,0.0000015817114220606499
198475,-0.0000015877426728927446
198500,0.000001593891132856129
198525,-0.0000016000110956149172
198550,0.0000016062488796819707
198575.00000000003,-0.000001612459450850423
198600.00000000003,0.000001618788480595157
198625.00000000003,-0.0000016250916119453507
198650,0.000001631513864452927
198675,-0.00000163791156371218
198700,0.000001644429074021403
198725,-0.0000016509234082029423
198750,0.0000016575382706385255
198775,-0.0000016641313658194434
198800,0.0000016708457353242778
198825,-0.0000016775397793100666
198850,0.0000016843558721113538
198875,-0.0000016911531151020398
198900,0.000001698073211375828
198925.00000000003,-0.0000017049759677423282
198950.00000000003,0.000001712002412945779
198975.00000000003,-0.000001719013064338526
199000,0.0000017261482727626287
199025,-0.0000017332692707761055
199050,0.0000017405157282102124
199075,-0.0000017477495981577107
199100,0.0000017551098663304288
199125,-0.0000017624592105747183
199150,0.0000017699359295964001
199175,-0.0000017774034313244869
199200,0.0000017849993232399441
199225,-0.0000017925877480173824
199250,0.0000018003056199145107
199275.00000000003,-0.000001808017819682206
199300.00000000003,0.0000018158605643581183
199325.00000000003,-0.0000018236994783205063
199350,0.0000018316700785003803
199375,-0.0000018396387369001843
199400,0.0000018477402672356646
199425,-0.0000018558417940184313
199450,0.0000018640774246403424
199475,-0.0000018723150407851108
199500,0.0000018806880417443494
199525,-0.0000018890650710368107
199550,0.0000018975788167452379
199575,-0.0000019060986895524934
199600,0.000001914756664112005
199625.00000000003,-0.000001923422922933682
199650.00000000003,0.0000019322287252432346
199675.00000000003,-0.000001941045029374422
199700,0.000001950002377126836
199725,-0.000001958972507765111
199750,0.0000019680852425540962
199775,-0.0000019772131061301934
199800,0.000001986485197003063
199825,-0.000001995774829621766
199850,0.0000020052103781864616
199875,-0.0000020146659507336295
199900,0.0000020242691949334812
199925,-0.000002033895018183074
199950,0.0000020436703389581368
199975.00000000003,-0.0000020534708691233305
200000.00000000003,0.000002063422796627634
200025.00000000003,-0.0000020734026422442042
200050,0.000002083535863173225
200075,-0.0000020936997933151957
200100,0.000002104019157567194
200125,-0.0000021143721093963563
200150,0.000002124882638954162
200175,-0.0000021354297237152764
200200,0.0000021461366195296705
200225,-0.0000021568831323204307
200250,0.0000021677917814155734
200275,-0.000002178743206737721
200300,0.000002189859190204757
200325.00000000003,-0.000002201021210179732
200350.00000000003,0.0000022123503107263076
200375.00000000003,-0.00000222372881286681
200400,0.000002235277022588633
200425,-0.0000022468781093465395
200450,0.0000022586516399414336
200475,-0.0000022704816378116277
200500,0.0000022824869307935813
200525,-0.000002294552400528005
200550,0.00000230679614010576
200575,-0.000002319103893144714
200600,0.0000023315930131051488
200625,-0.0000023441501182386304
200650,0.0000023568918205985057
200675.00000000003,-0.0000023697056188431986
200700.00000000003,0.000002382707383175031
200725.00000000003,-0.0000023957855002088024
200750,0.00000240905509785172
200775,-0.0000024224054571142517
200800,0.0000024359509631644016
200825,-0.000002449581798291689
200850,0.000002463411606257182
200875,-0.000002477331477068745
200900,0.00000249145431308051
200925,-0.000002505672119568203
200950,0.000002520097059477422
200975,-0.000002534622060457181
201000,0.0000025493585467106783
201025.00000000003,-0.0000025642003771420008
201050.00000000003,0.000002579258239210347
201075.00000000003,-0.0000025944269304023493
201100,0.000002609816404763876
201125,-0.0000026253224059136215
201150,0.0000026410541569266144
201175,-0.0000026569083564353946
201200,0.000002672993498986642
201225,-0.000002689207246664438
201250,0.0000027056573692618713
201275,-0.0000027222425005302142
201300,0.000002739069688839635
201325,-0.000002756038548712425
201350,0.000002773255411314679
201375.00000000003,-0.0000027906208814876265
201400.00000000003,0.0000028082405774121355
201425.00000000003,-0.000002826016104240381
201450.00000000003,0.000002844052372719119
201475,-0.0000028622519985255224
201500,0.0000028807191907453955
201525,-0.0000028993575873492716
201550,0.0000029182707017572085
201575,-0.0000029373632057794197
201600,0.0000029567379247197323
201625,-0.0000029763005759964045
201650,0.0000029961533047906386
201675,-0.0000030162028863411905
201700,0.000003036550794588422
201725.00000000003,-0.0000030571048754701735
201750.00000000003,0.000003077965939901617
201775.00000000003,-0.0000030990429187305324
201800.00000000003,0.000003120435970060953
201825,-0.000003142055123639409
201850,0.0000031639998954169357
201875,-0.0000031861814295819357
201900,0.000003208698611034677
201925,-0.00000323146371505878
201950,0.0000032545750088264214
201975,-0.0000032779459158138735
202000,0.000003301674099231988
202025,-0.0000033256741498455256
202050,0.0000033500431424471344
202075,-0.0000033746968544079436
202100.00000000003,0.000003399731788977789
202125.00000000003,-0.0000034250649312284054
202150.00000000003,0.000003450792230630384
202175,-0.0000034768319026046157
202200,0.0000035032793614941937
202225,-0.000003530054077049982
202250,0.0000035572509498038585
202275,-0.000003584790728039522
202300,0.000003612767822014362
202325,-0.0000036411042851902664
202350,0.000003669894061530954
202375,-0.0000036990605394304765
202400,0.0000037286972229821913
202425,-0.0000037587288665985596
202450.00000000003,0.000003789248563812464
202475.00000000003,-0.000003820182469471689
202500.00000000003,0.000003851623297634887
202525,-0.000003883498639556393
202550,0.000003915900865791855
202575,-0.000003948759042193828
202600,0.0000039821652333404955
202625,-0.000004016050022759288
202650,0.000004050505209685085
202675,-0.000004085462940395246
202700,0.00000412101479319027
202725,-0.000004157094526169303
202750,0.000004193793544660096
202775,-0.000004231047272318378
202800.00000000003,0.000004268946993901679
202825.00000000003,-0.0000043074298554657275
202850.00000000003,0.000004346587078485342
202875,-0.0000043863575944769195
202900,0.000004426832624693233
202925,-0.000004467952952946774
202950,0.000004509809870212322
202975,-0.000004552346086539316
203000,0.0000045956530372315285
203025,-0.000004639675440953894
203050,0.000004684504959051594
203075,-0.000004730088406734723
203100,0.0000047765177628722455
203125,-0.0000048237420355867755
203150.00000000003,0.000004871853620080913
203175.00000000003,-0.00000492080382308302
203200.00000000003,0.000004970685565375277
203225,-0.000005021452567532947
203250,0.0000050731983951557424
203275,-0.000005125879309675341
203300,0.0000051795896534034824
203325,-0.000005234288368294315
203350,0.0000052900707181446904
203375,-0.000005346898478864048
203400,0.0000054048679962726
203425,-0.000005463944049655112
203450,0.000005524224244268794
203475,-0.00000558567655084552
203500.00000000003,0.0000056484000301448845
203525.00000000003,-0.000005712366051513484
203550.00000000003,0.000005777675348817013
203575,-0.0000058443029209431785
203600,0.0000059123514160042134
203625,-0.000005981799717336145
203650,0.000006052752656415805
203675,-0.000006125193284356456
203700,0.000006199228915093613
203725,-0.000006274847083487245
203750,0.000006352157918776413
203775,-0.000006431153791952582
203800,0.000006511948020815339
203825,-0.000006594538206172729
203850.00000000003,0.000006679041270274411
203875.00000000003,-0.0000067654604860578615
203900.00000000003,0.0000068539168487369295
203925,-0.000006944419797871859
203950,0.000007037094926554133
203975,-0.000007131958399853033
204000,0.0000072291410011526835
204025,-0.000007328666248085369
204050,0.0000074306707829041585
204075,-0.000007535186185236853
204100,0.000007642355711823257
204125,-0.000007752219807422023
204150,0.000007864929198797554
204175,-0.00000798053410688837
204200.00000000003,0.000008099193700816798
204225.00000000003,-0.000008220969013095214
204250.00000000003,0.000008346028762540314
204275,-0.000008474445973405409
204300,0.00000860640017741332
204325,-0.000008741977740367446
204350,0.000008881370453073245
204375,-0.000009024679568980787
204400,0.000009172110797317501
204425,-0.00000932378205664719
204450,0.00000947991488486899
204475,-0.000009640645913577828
204500,0.000009806214714469519
204525,-0.000009976778999165603
204550.00000000003,0.000010152598925561307
204575.00000000003,-0.000010333856031330413
204600.00000000003,0.000010520834024196901
204625,-0.000010713741461554349
204650,0.00001091288905530341
204675,-0.000011118516109798193
204700,0.000011330964376554675
204725,-0.00001155050826784354
204750,0.000011777525350087359
204775,-0.000012012330247390679
