time_ps,amplitude
13.888888888889044,0.2733714891539116
38.88888888888905,0.7036281800468185
63.88888888888904,0.009502303044191307
88.88888888888904,-0.006573077401882177
113.88888888888904,0.008880382372997597
138.88888888888906,-0.01795751579582483
163.88888888888903,0.030142477663761214
188.88888888888906,-0.024978216339008985
213.88888888888906,0.029841812094453135
238.88888888888903,-0.026014539042143126
263.888888888889,0.025042513776258657
288.8888888888891,-0.020941569247334813
313.888888888889,0.01957602298043215
338.888888888889,-0.013795546577345275
363.8888888888891,0.012392628442281395
388.888888888889,-0.007686912767295606
413.888888888889,0.0060708723092777195
438.8888888888891,-0.0020932071036073863
463.888888888889,0.0011870090928179922
488.8888888888891,0.001683060867737174
513.8888888888891,-0.001800964667729943
538.8888888888891,0.003982663412873899
563.8888888888891,-0.003313466071168669
588.888888888889,0.004464524482123089
613.888888888889,-0.003474053562186441
638.8888888888891,0.004072742489154457
663.8888888888891,-0.0027448302648858114
688.8888888888891,0.0029667842364964336
713.8888888888891,-0.0015623825228114896
738.888888888889,0.001814198355214014
763.888888888889,-0.00045603991855025505
788.8888888888891,0.000627304999627265
813.8888888888891,0.0003474423311156105
838.8888888888891,-0.00005640565180686785
863.8888888888891,0.0009076337316717975
888.8888888888891,-0.0003240305307854463
913.888888888889,0.0010273129040541118
938.8888888888891,-0.00038795057216711726
963.8888888888891,0.000767227351874844
988.8888888888891,-0.000189213900023244
1013.8888888888891,0.0005902612950827724
1038.8888888888891,0.00019979116247692552
1063.8888888888891,0.0002734782288889015
1088.8888888888891,0.0003282869883141082
1113.8888888888891,0.00002598811576270954
1138.888888888889,0.0005140122931763802
1163.8888888888891,0.000022466171023971526
1188.8888888888891,0.000547220444232499
1213.8888888888891,0.00003942867458239796
1238.8888888888891,0.0004312993468740256
1263.8888888888891,0.00011603915863966918
1288.8888888888891,0.00031023583884626227
1313.8888888888891,0.0002716065632075715
1338.8888888888891,0.00022567225081382425
1363.8888888888891,0.00035210265568585974
1388.8888888888891,0.00013259420078148842
1413.8888888888891,0.00038502481926538934
1438.8888888888891,0.00013053594792600265
1463.8888888888891,0.0003610389888679677
1488.8888888888891,0.00015900861274031897
1513.8888888888891,0.00031537991631380713
1538.8888888888891,0.0002356892712866987
1563.8888888888891,0.0002402601732256482
1588.8888888888891,0.0002737896557460928
1613.8888888888891,0.0001802304786611142
1638.8888888888891,0.0003151097977793782
1663.8888888888891,0.00015133536982503415
1688.8888888888891,0.00031060843353780676
1713.8888888888891,0.00016321431864718683
1738.8888888888891,0.0002981438630371702
1763.8888888888891,0.00018607721552532652
1788.8888888888891,0.0002363562893328286
1813.8888888888891,0.0002091020327532611
1838.8888888888891,0.00020227202831302193
1863.888888888889,0.0002519606739930236
1888.8888888888891,0.00018684324655504625
1913.888888888889,0.0002644125881512416
1938.8888888888887,0.00016360236658830019
1963.888888888889,0.00023209113194666564
1988.8888888888887,0.00017006069190972362
2013.888888888889,0.0002352724215703983
2038.888888888889,0.0002176459605667258
2063.888888888889,0.00020076743215402537
2088.8888888888887,0.0002118134172721664
2113.888888888889,0.00016548381424330572
2138.8888888888887,0.00024116304241106334
2163.888888888889,0.00017438532288460706
2188.8888888888887,0.00025022588187550987
2213.888888888889,0.00017150219000727773
2238.888888888889,0.00023074128855493647
2263.8888888888887,0.00017567427673204072
2288.888888888889,0.00021442950026440144
2313.8888888888887,0.00020337784948010196
2338.888888888889,0.00020625479779190492
2363.8888888888887,0.0002143679977961721
2388.888888888889,0.00018648006430699304
2413.8888888888887,0.0002196967437739783
2438.888888888889,0.00018648678289578946
2463.8888888888887,0.00021505069135319133
2488.888888888889,0.00018911030257307004
2513.888888888889,0.00020854371736023225
2538.888888888889,0.00020536747134114464
2563.888888888889,0.00019237210420608442
2588.8888888888887,0.0002088941580713488
2613.888888888889,0.00017827939529468928
2638.8888888888887,0.00021796293980602677
2663.888888888889,0.00017025314264706992
2688.8888888888887,0.000215154289628261
2713.888888888889,0.0001724379196561543
2738.8888888888887,0.00021375354519492795
2763.888888888889,0.00017534388463724682
2788.8888888888887,0.00019470625901929495
2813.888888888889,0.0001772919485532043
2838.888888888889,0.00018605223960466155
2863.888888888889,0.00018901023394390926
2888.888888888889,0.00018248026992995214
2913.8888888888887,0.0001912553677161366
2938.888888888889,0.00017201607198513713
2963.8888888888887,0.00017747282860436364
2988.888888888889,0.00017112526310292253
3013.8888888888887,0.0001812661482061273
3038.888888888889,0.0001868352151881414
3063.8888888888887,0.00016906844432162949
3088.888888888889,0.00017894968780596265
3113.888888888889,0.00015526716587443978
3138.888888888889,0.00018846113263037978
3163.888888888889,0.00015954415504926267
3188.888888888889,0.00019098673653106246
3213.888888888889,0.0001562289844774245
3238.8888888888887,0.0001821029439577071
3263.888888888889,0.00015455116394069712
3288.8888888888887,0.0001756569141790898
3313.888888888889,0.00016363041524902755
3338.8888888888887,0.00017304034433363036
3363.888888888889,0.0001653317111642849
3388.8888888888887,0.00016370537160059762
3413.888888888889,0.00016560893780814823
3438.888888888889,0.00016256933152258846
3463.888888888889,0.00016244286187783175
3488.888888888889,0.00016138762318851363
3513.888888888889,0.0001594693048152518
3538.888888888889,0.00016638186419681844
3563.8888888888887,0.00015196106949022514
3588.888888888889,0.00016494360374208483
3613.8888888888887,0.00014508854573858088
3638.888888888889,0.0001671085793792937
3663.8888888888887,0.0001404209356834496
3688.888888888889,0.0001641710548252462
3713.888888888889,0.00014007482018962847
3738.8888888888896,0.00016300475073749432
3763.8888888888896,0.00013934869206910783
3788.888888888889,0.00015300526176531548
3813.8888888888896,0.00013784230825764077
3838.8888888888896,0.00014858860604460844
3863.888888888889,0.00014195401644578887
3888.888888888889,0.000146486791415823
3913.8888888888896,0.00014165493444218136
3938.8888888888896,0.00013986560341394672
3963.888888888889,0.00013330744748163426
3988.888888888889,0.00013781268456924956
4013.8888888888896,0.00013536514488010631
4038.8888888888896,0.00014469409780382136
4063.888888888889,0.0001287501642655009
4088.8888888888896,0.00013833375686167493
4113.88888888889,0.00012102080623144218
4138.88888888889,0.00014223625091247527
4163.88888888889,0.0001231354371549198
4188.88888888889,0.00014279899849145572
4213.88888888889,0.00012036603292986392
4238.888888888889,0.00013736253644158758
4263.88888888889,0.00011809152229647069
4288.88888888889,0.00013367214047921294
4313.88888888889,0.00012195160563499563
4338.888888888889,0.00013227508957713852
4363.88888888889,0.00012166725592099858
4388.88888888889,0.0001266578174661248
4413.88888888889,0.00012093004065927282
4438.88888888889,0.00012547316728417357
4463.88888888889,0.0001185998347890127
4488.88888888889,0.00012384948415999908
4513.888888888889,0.00011674928765170733
4538.88888888889,0.0001256992277869351
4563.88888888889,0.00011230023720942839
4588.88888888889,0.00012364023360889043
4613.888888888889,0.00010811406312605243
4638.88888888889,0.00012397773415573354
4663.88888888889,0.0001049684000589135
4688.88888888889,0.00012151672910931666
4713.88888888889,0.00010411813406352444
4738.88888888889,0.00012046928067377394
4763.88888888889,0.00010274078646688167
4788.88888888889,0.00011412356977191784
4813.88888888889,0.00010074048331221164
4838.88888888889,0.0001112439728416792
4863.88888888889,0.0001023181939736606
4888.888888888889,0.00010964289649639802
4913.88888888889,0.00010134525141558548
4938.88888888889,0.00010490736630730524
4963.88888888889,0.00009552648508215356
4988.88888888889,0.00010276906205630709
5013.88888888889,0.00009652274091598301
5038.88888888889,0.00010616154342968365
5063.88888888889,0.00009206882933865401
5088.88888888889,0.00010104796894472301
5113.88888888889,0.00008680706295249863
5138.88888888889,0.00010264527724568318
5163.888888888889,0.00008770643442268522
5188.88888888889,0.00010230282285972336
5213.88888888889,0.00008522413247025185
5238.88888888889,0.00009826825297332142
5263.88888888889,0.000082868520977053
5288.88888888889,0.00009549251603457876
5313.88888888889,0.00008445266026413378
5338.88888888889,0.00009424278042624579
5363.88888888889,0.00008337307466765864
5388.88888888889,0.00009011475680265058
5413.88888888889,0.00008214234377157403
5438.88888888889,0.00008875136052410859
5463.88888888889,0.00008004279765461142
5488.88888888889,0.00008693592247577264
5513.88888888889,0.0000784243195572909
5538.888888888889,0.00008734695784751167
5563.88888888889,0.00007514664755925438
5588.88888888889,0.00008514391457836723
5613.88888888889,0.00007202066530509477
5638.88888888889,0.00008465308540261951
5663.88888888889,0.00006949594468008691
5688.88888888889,0.00008243424914167186
5713.88888888889,0.00006840001962138409
5738.88888888889,0.00008134034428763925
5763.88888888889,0.00006684976323878544
5788.88888888889,0.00007675518411320859
5813.888888888889,0.00006484514628191107
5838.88888888889,0.0000745696874349111
5863.88888888889,0.00006534564206184257
5888.88888888889,0.00007322395022058004
5913.88888888889,0.00006422656387017334
5938.88888888889,0.00006963738883514203
5963.88888888889,0.000059912874620815515
5988.88888888889,0.00006774557074096244
6013.88888888889,0.0000604377937871714
6038.88888888889,0.00006964436319401024
6063.88888888889,0.00005726224783675349
6088.88888888889,0.00006565287226245609
6113.88888888889,0.000053520158489250846
6138.88888888889,0.00006641663316164781
6163.88888888889,0.00005402627810235927
6188.88888888889,0.00006595290171462764
6213.88888888889,0.00005209441341680332
6238.88888888889,0.00006302240627165112
6263.88888888889,0.000050184303589828616
6288.88888888889,0.00006105783260945685
6313.88888888889,0.00005103555894381273
6338.88888888889,0.00006020420846120089
6363.88888888889,0.00005004696959454158
6388.88888888889,0.00005728360847823133
6413.88888888889,0.00004903275612688773
6438.88888888889,0.000056259433624639144
6463.88888888889,0.000047498858718464376
6488.88888888889,0.000054843106118029894
6513.88888888889,0.00004639241854720311
6538.88888888889,0.00005497529407905155
6563.88888888889,0.00004413970168792858
6588.88888888889,0.000053233289694532004
6613.88888888889,0.000041983099684062
6638.88888888889,0.000052764219542256185
6663.88888888889,0.000040205161033757264
6688.88888888889,0.00005112068303692041
6713.88888888889,0.00003938724455920806
6738.888888888889,0.00005036140939518319
6763.88888888889,0.00003817924909110815
6788.88888888889,0.000047117810602959054
6813.88888888889,0.00003661100462082345
6838.88888888889,0.00004561913820566588
6863.88888888889,0.00003687380649863847
6888.88888888889,0.00004469655256089666
6913.88888888889,0.000036003888859603705
6938.88888888889,0.00004207886333418287
6963.88888888889,0.00003285445214262772
6988.88888888889,0.00004063109700092049
7013.88888888889,0.000033294861683685895
7038.88888888889,0.00004192271810876669
7063.88888888889,0.00003104269628684264
7088.88888888889,0.000038875716345865285
7113.88888888889,0.00002835506016984901
7138.88888888889,0.000039353462888414015
7163.88888888889,0.000028756648552397124
7188.88888888889,0.00003897544617270654
7213.88888888889,0.00002730558980656994
7238.88888888889,0.00003682348357636478
7263.88888888889,0.00002582173562615253
7288.88888888889,0.00003541867165646195
7313.88888888889,0.000026368939681331582
7338.88888888889,0.00003485021515214903
7363.88888888889,0.000025561282236630234
7388.88888888889,0.000032720529184571134
7413.88888888889,0.000024772317350763018
7438.88888888889,0.000031968190565612176
7463.888888888889,0.000023645376354020087
7488.88888888889,0.00003088379007865072
7513.88888888889,0.00002288566302777184
7538.888888888888,0.000030939966698451116
7563.888888888889,0.00002129187412092115
7588.888888888889,0.000029590786372768463
7613.888888888889,0.00001977084276294505
7638.888888888889,0.000029230949090797154
7663.888888888889,0.00001851549045328582
7688.88888888889,0.00002803316351496221
7713.888888888888,0.000017957905256382745
7738.888888888888,0.000027555905054654772
7763.888888888889,0.000017083928079530963
7788.888888888889,0.00002523568228740558
7813.888888888889,0.000015934467038292155
7838.888888888889,0.00002425789306070847
7863.88888888889,0.00001619659106988358
7888.88888888889,0.000023715148056657753
7913.888888888888,0.000015639999509042823
7938.888888888889,0.000021865855969194214
7963.888888888889,0.000013393530408523091
7988.888888888889,0.000020887068970187883
8013.888888888889,0.000013932515956271985
8038.88888888889,0.000021996906240273617
8063.88888888889,0.000012442490296082909
8088.888888888888,0.00001979485161940353
8113.888888888888,0.000010625068790348635
8138.888888888889,0.00002032444779453968
8163.888888888889,0.000011169627945673
8188.888888888889,0.000020239060158244726
8213.888888888889,0.00001027422326949079
8238.888888888889,0.000018830809039416252
8263.888888888889,0.000009336630103051746
8288.888888888889,0.000018026832005357818
8313.888888888889,0.000009964538339346518
8338.888888888889,0.000017884288856295782
8363.888888888889,0.000009560190065815988
8388.888888888889,0.000016527506309094164
8413.888888888889,0.000009196701958646969
8438.888888888889,0.000016219580586396276
8463.888888888889,0.00000860265896140966
8488.888888888889,0.000015632036246104875
8513.888888888889,0.000008321564514357505
8538.888888888889,0.00001591769738129578
8563.888888888889,0.000007404267023281008
8588.888888888889,0.000015105759284761433
8613.888888888889,0.000006539084058676536
8638.888888888889,0.000015077340487446023
8663.888888888889,0.00000586239636612973
8688.888888888889,0.00001441390605338988
8713.888888888889,0.000005705460514482397
8738.888888888889,0.000014334689396378053
8763.888888888889,0.000005276253735031489
8788.888888888889,0.000012822231596043565
8813.888888888889,0.0000046165480356297195
8838.888888888889,0.000012361037522445883
8863.888888888889,0.000005062838030811534
8888.888888888889,0.000012224809456062857
8913.888888888889,0.000004875869160647639
8938.888888888889,0.000011036051483781506
8963.888888888889,0.0000033712120894868747
8988.888888888889,0.000010503328020883274
9013.888888888889,0.0000040733858128749745
9038.888888888889,0.00001159923092197701
9063.888888888889,0.0000031763256267414164
9088.888888888889,0.000010068121222284176
9113.888888888889,0.000002008937609376815
9138.888888888889,0.000010699976823014268
9163.888888888889,0.0000026907183896529574
9188.888888888889,0.00001085573320080968
9213.888888888889,0.0000022077897821048964
9238.888888888889,0.000009975101116888041
9263.888888888889,0.000001667961150308983
9288.888888888889,0.00000957966811743205
9313.888888888889,0.0000023601703003084396
9338.888888888889,0.000009710159600162527
9363.888888888889,0.0000022302149778052893
9388.888888888889,0.000008860677940036865
9413.888888888889,0.0000021412320752034475
9438.888888888889,0.000008829698312062817
9463.888888888889,0.000001881937514047749
9488.888888888889,0.000008556683327221037
9513.888888888889,0.0000018863151203252215
9538.888888888889,0.000008970579953748725
9563.88888888889,0.0000013876107451959996
9588.888888888889,0.000008501997406318296
9613.888888888889,0.0000009278086718911283
9638.888888888889,0.00000866985541314591
9663.888888888889,0.0000006091064645996624
9688.888888888889,0.000008342523752036257
9713.888888888889,0.0000006948518123106595
9738.888888888889,0.000008501670447191856
9763.888888888889,0.0000005504907689690697
9788.888888888889,0.0000075197002862292806
9813.888888888889,0.00000021735014432699984
9838.888888888889,0.0000073900645218838434
9863.888888888889,0.000000780564436642095
9888.888888888889,0.000007518695216646165
9913.888888888889,0.0000008470456249742853
9938.888888888889,0.000006790309668991412
9963.888888888889,-0.00000013446550894968823
9988.888888888889,0.0000065808584337467835
10013.888888888889,0.0000006834418677659215
10038.888888888889,0.00000768487393187911
10063.888888888889,0.00000021681250417238118
10088.888888888889,0.000006662304410376407
10113.888888888889,-0.0000004682586043358583
10138.888888888889,0.000007402136711798235
10163.888888888889,0.00000034042619323493284
10188.888888888889,0.00000776915831912639
10213.888888888889,0.00000019470948431354884
10238.888888888889,0.000007308565811658951
10263.888888888889,-0.000000007416573355456535
10288.888888888889,0.000007250412545678486
10313.888888888889,0.0000007890943141131146
10338.888888888889,0.000007624129549688163
10363.888888888889,0.0000009178587028202401
10388.888888888889,0.000007192268330236118
10413.888888888889,0.0000010864827764134333
10438.888888888889,0.000007417076563154268
10463.888888888889,0.0000011244508169028222
10488.88888888889,0.000007430433063282393
10513.888888888889,0.0000013849261175646888
10538.888888888889,0.00000799532068840314
10563.888888888889,0.0000012339332735589181
10588.888888888889,0.000007830436010047848
10613.888888888889,0.0000011077636246081823
10638.888888888889,0.000008186731002224334
10663.888888888889,0.0000010839846216192939
10688.888888888889,0.000008138802279455959
10713.888888888889,0.00000137547211642719
10738.888888888889,0.000008492912917823503
10763.888888888889,0.0000014609957577071953
10788.888888888889,0.000007907196790446491
10813.888888888889,0.0000013789510595607624
10838.888888888889,0.00000801593174082349
10863.88888888889,0.0000020265411173614467
10888.888888888889,0.000008323012912425654
10913.888888888889,0.0000022626015434568103
10938.888888888889,0.000007907252183692037
10963.888888888889,0.0000016333912782329207
10988.888888888889,0.000007899503351005421
11013.888888888889,0.000002486790234623726
11038.888888888889,0.000008961103099336398
11063.888888888889,0.0000022737465810163116
11088.888888888889,0.00000825390371161916
11113.888888888889,0.0000018687930471994463
11138.888888888889,0.000008998543035820816
11163.888888888889,0.0000026840489577573123
11188.888888888889,0.000009432491823391231
11213.888888888889,0.0000026926393152937322
11238.888888888889,0.000009180571133082793
11263.888888888889,0.000002637739725530608
11288.888888888889,0.00000925822636288487
11313.888888888889,0.000003399948623528104
11338.888888888889,0.000009689063744877657
11363.888888888889,0.000003601612765136153
11388.888888888889,0.000009439152689250108
11413.88888888889,0.000003834597936513973
11438.888888888889,0.000009722299054937267
11463.888888888889,0.000003959864154357007
11488.888888888889,0.00000981597699967196
11513.888888888889,0.000004272002865679525
11538.888888888889,0.000010359610639554262
11563.888888888889,0.000004239439594933003
11588.888888888889,0.000010288353541998418
11613.888888888889,0.000004222341969173371
11638.888888888889,0.000010652055808080263
11663.888888888889,0.000004282523228926749
11688.888888888889,0.000010680932694517864
11713.888888888889,0.000004596728993222499
11738.888888888889,0.000011050308768689732
11763.888888888889,0.000004730118546181217
11788.88888888889,0.000010635911661616149
11813.888888888889,0.0000047191246788091945
11838.888888888889,0.000010803058692498979
11863.888888888889,0.000005318324057146384
11888.888888888889,0.00001113153856846516
11913.888888888889,0.000005576693287823176
11938.888888888889,0.000010848800560347982
11963.888888888889,0.000005114772718917138
11988.888888888889,0.000010900478736752817
12013.888888888889,0.000005901743739933352
12038.888888888889,0.000011845874062110795
12063.888888888889,0.000005795720705137342
12088.888888888889,0.000011303455382583039
12113.888888888889,0.000005526912765896341
12138.888888888889,0.000011983834218520784
12163.88888888889,0.000006279206446135888
12188.888888888889,0.000012406874203785279
12213.888888888889,0.000006346720997418842
12238.888888888889,0.000012257630482848114
12263.888888888889,0.0000063537149737058485
12288.888888888889,0.0000123874030775184
12313.888888888889,0.000007045507185221567
12338.88888888889,0.000012815115221664897
12363.888888888889,0.000007263225423104203
12388.888888888889,0.000012662695975107496
12413.888888888889,0.000007508157726210385
12438.888888888889,0.00001295303424608818
12463.888888888889,0.00000766378451810823
12488.888888888889,0.00001307413278550662
12513.888888888889,0.00000797861798162991
12538.888888888889,0.000013568657391438421
12563.888888888889,0.000007999319016516182
12588.888888888889,0.000013536221394661041
12613.888888888889,0.000008027248407538323
12638.888888888889,0.000013869699444057915
12663.888888888889,0.000008111697263446516
12688.888888888889,0.000013917524981588159
12713.88888888889,0.000008400740963310227
12738.888888888889,0.000014252788652857618
12763.888888888889,0.000008525109753021454
12788.888888888889,0.000013919032609610582
12813.888888888889,0.000008518346855002079
12838.888888888889,0.000014073552909277254
12863.888888888889,0.000009022965008043116
12888.88888888889,0.000014354960439888487
12913.888888888889,0.000009233999332503018
12938.888888888889,0.00001410623742770234
12963.888888888889,0.000008829223844264433
12988.888888888889,0.000014129184219280333
13013.888888888889,0.000009483584604064177
13038.888888888889,0.000014903093032092585
13063.888888888889,0.000009372302790300324
13088.88888888889,0.000014401230270078003
13113.888888888889,0.000009114531691611916
13138.888888888889,0.000014936711967061811
13163.888888888889,0.000009717223719674095
13188.888888888889,0.000015249299883279832
13213.888888888889,0.000009725671624050136
13238.888888888889,0.000015071824519985455
13263.88888888889,0.000009672087805112639
13288.888888888889,0.000015128605774794579
13313.888888888889,0.000010196295819664414
13338.888888888889,0.000015436337475804862
13363.888888888889,0.000010310821721981611
13388.888888888889,0.000015240711261466089
13413.888888888889,0.000010446613032621954
13438.888888888889,0.000015416648987187642
13463.888888888889,0.000010505665571036715
13488.888888888889,0.000015440007260503208
13513.888888888889,0.000010701601757867607
13538.888888888889,0.000015778317629555616
13563.888888888889,0.000010644196655196225
13588.888888888889,0.000015661046990356198
13613.888888888889,0.00001059040444273407
13638.88888888889,0.000015858151301451073
13663.888888888889,0.000010581290313060876
13688.888888888889,0.00001581176464848788
13713.888888888889,0.00001074356604835458
13738.888888888889,0.00001601529784056588
13763.888888888889,0.000010760467157089337
13788.888888888889,0.000015645897828209243
13813.88888888889,0.000010663713337244474
13838.888888888889,0.000015697909483414207
13863.888888888889,0.00001100731094583196
13888.888888888889,0.00001585744265453215
13913.888888888889,0.0000111017657355994
13938.888888888889,0.000015559784555030376
13963.888888888889,0.000010670455959704839
13988.888888888889,0.00001549325381189348
14013.88888888889,0.000011155459968881232
14038.888888888889,0.000016073396758020664
14063.888888888889,0.000010983757429805507
14088.888888888889,0.000015554477115431453
14113.888888888889,0.000010686934451387131
14138.888888888889,0.000015933382481403413
14163.888888888889,0.000011131433585109818
14188.88888888889,0.000016123724710492837
14213.888888888889,0.000011061931806555236
14238.888888888889,0.000015895884850403164
14263.888888888889,0.000010936873567901628
14288.888888888889,0.00001587275541314881
14313.888888888889,0.000011310944027620451
14338.888888888889,0.000016068838565086452
14363.888888888889,0.000011331974439254822
14388.88888888889,0.000015828171406884195
14413.888888888889,0.000011373602072373146
14438.888888888889,0.000015907040273877016
14463.888888888889,0.000011351486877808625
14488.888888888889,0.000015850537188999425
14513.888888888889,0.00001145047405914923
14538.888888888889,0.000016064933267001535
14563.88888888889,0.000011330177846380352
14588.888888888889,0.00001588225202686644
14613.888888888889,0.000011211519206577591
14638.888888888889,0.00001597269920017297
14663.888888888889,0.000011128425126738506
14688.888888888889,0.000015852306971542163
14713.888888888889,0.000011189761642382834
14738.88888888889,0.00001594969639384658
14763.888888888889,0.000011120040663836761
14788.888888888889,0.00001554877673193289
14813.888888888889,0.00001094860817363319
14838.888888888889,0.000015512746028845115
14863.888888888889,0.00001115732387768631
14888.888888888889,0.00001556568016924942
14913.888888888889,0.000011148758948698045
14938.888888888889,0.000015217097210085129
14963.88888888889,0.000010682658864169525
14988.888888888889,0.000015063782687896321
15013.88888888889,0.000011013340445620301
15038.888888888889,0.000015469502377074562
15063.888888888887,0.000010770939735449403
15088.888888888889,0.000014914937772392278
15113.888888888889,0.000010416990851247476
15138.88888888889,0.000015141617259573081
15163.888888888889,0.000010704949129802799
15188.88888888889,0.00001520353035178168
15213.888888888889,0.000010541088629745232
15238.888888888887,0.000014901891582930205
15263.888888888889,0.000010324729053490245
15288.888888888889,0.000014778284005645403
15313.88888888889,0.000010541949686082575
15338.888888888889,0.000014846301348070412
15363.88888888889,0.00001045048295433837
15388.888888888889,0.000014530718890570782
15413.888888888887,0.00001037803846415386
15438.888888888889,0.00001449266230935109
15463.888888888889,0.000010252018148193542
15488.88888888889,0.000014334218813916166
15513.888888888889,0.000010234772938932934
15538.88888888889,0.000014412590232160127
15563.888888888889,0.000010027460431993873
15588.88888888889,0.000014143697152135815
15613.888888888889,0.000009822853150653899
15638.888888888887,0.000014117166192040287
15663.88888888889,0.00000965011322762166
15688.888888888889,0.000013909700788294899
15713.88888888889,0.000009604404824781199
15738.888888888889,0.00001389780895566517
15763.88888888889,0.000009444467355068653
15788.888888888889,0.000013453185135237078
15813.888888888887,0.000009198123897213861
15838.888888888889,0.000013332876780847158
15863.888888888889,0.000009288529764006626
15888.88888888889,0.000013292549455590219
15913.888888888889,0.000009193504915350204
15938.88888888889,0.000012902877468023988
15963.888888888889,0.000008702716193464965
15988.888888888887,0.00001268609280180577
16013.888888888889,0.000008917113604844928
16038.888888888889,0.000012963452925340846
16063.88888888889,0.000008633143484315653
16088.888888888889,0.000012400647695809397
16113.88888888889,0.000008255214451136084
16138.888888888889,0.000012529714783271473
16163.888888888887,0.000008444137819640929
16188.888888888889,0.000012519079290784774
16213.888888888889,0.00000823833721863565
16238.88888888889,0.000012194842279988904
16263.888888888889,0.00000798819969793918
16288.88888888889,0.00001203150010997689
16313.888888888889,0.000008122724646231205
16338.888888888887,0.000012041453917754907
16363.888888888889,0.000007988992495544522
16388.888888888887,0.000011715371520670814
16413.88888888889,0.000007876107116722153
16438.888888888887,0.000011635611958160652
16463.88888888889,0.000007720275464473403
16488.88888888889,0.00001145038063499193
16513.88888888889,0.000007664589362743612
16538.88888888889,0.000011475599090982058
16563.888888888887,0.000007443787522598555
16588.88888888889,0.000011195311053535661
16613.888888888887,0.000007226909924051839
16638.88888888889,0.000011131782298390291
16663.888888888887,0.000007038630712496996
16688.88888888889,0.000010910857739299118
16713.88888888889,0.000006962176418712218
16738.888888888887,0.000010865331083520502
16763.88888888889,0.0000067838557951116485
16788.888888888887,0.000010438889970432186
16813.88888888889,0.000006529554299472551
16838.888888888887,0.000010300554318609656
16863.88888888889,0.000006573194380576908
16888.88888888889,0.000010231801254700912
16913.888888888887,0.000006454240180753246
16938.88888888889,0.000009853732020115302
16963.888888888887,0.00000598681293761949
16988.88888888889,0.000009626689883024397
17013.888888888887,0.000006144709414623861
17038.88888888889,0.000009836447612432409
17063.88888888889,0.000005862179541349377
17088.888888888887,0.000009301852812448885
17113.88888888889,0.00000549658060866598
17138.888888888887,0.000009381199438829313
17163.88888888889,0.000005632150228418453
17188.888888888887,0.00000933784788559322
17213.88888888889,0.000005417275294350432
17238.88888888889,0.000009018874409516542
17263.88888888889,0.000005162080644049993
17288.88888888889,0.000008843542758540934
17313.888888888887,0.000005248414173264493
17338.88888888889,0.000008823836097793247
17363.888888888887,0.000005097926839781053
17388.88888888889,0.000008505910438882935
17413.88888888889,0.000004968045247633057
17438.88888888889,0.000008407302659607652
17463.88888888889,0.000004802817702653783
17488.888888888887,0.000008215212953910367
17513.88888888889,0.000004729930022540074
17538.888888888887,0.000008211721458817323
17563.88888888889,0.000004512839106851629
17588.888888888887,0.000007938123942619058
17613.88888888889,0.000004301586571830995
17638.88888888889,0.000007860984218233114
17663.888888888887,0.00000411783389098197
17688.88888888889,0.000007647599249871462
17713.888888888887,0.000004035447064731912
17738.88888888889,0.000007594768802743346
17763.888888888887,0.000003864227541949816
17788.88888888889,0.000007206869756970491
17813.88888888889,0.0000036287993026018484
17838.888888888887,0.0000070799031959278835
17863.88888888889,0.0000036621129302361055
17888.888888888887,0.00000701734052155345
17913.88888888889,0.000003555321146153645
17938.888888888887,0.000006682833632254415
17963.88888888889,0.0000031431790337155263
17988.88888888889,0.0000064850935614924055
18013.888888888887,0.000003293107106117077
18038.88888888889,0.000006680095935296393
18063.888888888887,0.000003054852027783994
18088.88888888889,0.000006214860073017192
18113.888888888887,0.0000027464214171768475
18138.88888888889,0.000006301764089222672
18163.88888888889,0.000002887723769218198
18188.88888888889,0.0000062833967591213735
18213.88888888889,0.0000027191488201072644
18238.888888888887,0.0000060241202917143966
18263.88888888889,0.0000025166754968886096
18288.888888888887,0.000005896491890311495
18313.88888888889,0.0000026219957567352736
18338.88888888889,0.000005911750194265153
18363.88888888889,0.0000025187660195324924
18388.88888888889,0.0000056622847772747065
18413.888888888887,0.000002437143184153001
18438.88888888889,0.000005610656606647169
18463.888888888887,0.000002327122875733778
18488.88888888889,0.0000054762677834663265
18513.888888888887,0.000002302824935185299
18538.88888888889,0.0000055120378763540145
18563.88888888889,0.000002151351860213424
18588.888888888887,0.000005306752256517555
18613.88888888889,0.000002006256029751796
18638.888888888887,0.000005279336301899917
18663.88888888889,0.0000018861733463992891
18688.888888888887,0.000005131361963339742
18713.88888888889,0.000001856555605250776
18738.88888888889,0.0000051287119995357955
18763.888888888887,0.0000017464923225407603
18788.88888888889,0.000004826559158344068
18813.888888888887,0.0000015790364831236303
18838.88888888889,0.0000047589524401203676
18863.888888888887,0.0000016520225534222277
18888.88888888889,0.000004747661787263269
18913.88888888889,0.00000159985763126258
18938.888888888887,0.0000044921348023585495
18963.88888888889,0.0000012745045601114668
18988.888888888887,0.000004357275379840431
19013.88888888889,0.0000014532855061588634
19038.888888888887,0.000004573672548247032
19063.88888888889,0.0000012836620424394596
19088.88888888889,0.000004196725925886824
19113.88888888889,0.0000010505214769196414
19138.88888888889,0.000004315285210942932
19163.888888888887,0.0000012194847749391613
19188.88888888889,0.000004339091381755367
19213.888888888887,0.0000011091171780996945
19238.88888888889,0.000004147411145627444
19263.88888888889,0.0000009667565716853233
19288.88888888889,0.000004073579965346852
19313.88888888889,0.0000011003085276239943
19338.888888888887,0.000004128644645495783
19363.88888888889,0.0000010463228046209139
19388.888888888887,0.000003944752003937069
19413.88888888889,0.0000010122018863079063
19438.88888888889,0.000003938348444920692
19463.88888888889,0.0000009534339899808231
19488.88888888889,0.000003856681715763699
19513.888888888887,0.0000009731315004923857
19538.88888888889,0.000003928368056627107
19563.888888888887,0.0000008790753309728672
19588.88888888889,0.000003782996502721403
19613.888888888887,0.0000007914089832361526
19638.88888888889,0.0000037994117600970156
19663.88888888889,0.0000007267733015403621
19688.888888888887,0.0000037087596982399162
19713.88888888889,0.0000007439541767073621
19738.888888888887,0.000003751036695032184
19763.88888888889,0.0000006888747550171104
19788.888888888887,0.0000035251266796709757
19813.88888888889,0.0000005835886169869298
19838.88888888889,0.0000035127341546647983
19863.888888888887,0.0000006962199137205971
19888.88888888889,0.000003551558092285134
19913.888888888887,0.0000006982187115145422
19938.88888888889,0.0000033718669525395484
19963.888888888887,0.0000004563972408888617
19988.88888888889,0.000003301357144325223
20013.88888888889,0.0000006713034381711225
20038.88888888889,0.000003548948813048014
20063.88888888889,0.0000005738664736743004
20088.888888888887,0.0000032624970582872947
20113.88888888889,0.0000004207544619383441
20138.888888888887,0.0000034252016425373455
20163.88888888889,0.0000006311318541118993
20188.88888888889,0.0000035039207813003515
20213.88888888889,0.0000005901918811446194
20238.88888888889,0.000003390437847805572
20263.888888888887,0.0000005205365964933151
20288.88888888889,0.0000033842983504506208
20313.888888888887,0.000000700786044305346
20338.88888888889,0.000003496080569931337
20363.88888888889,0.0000007122835967710017
20388.88888888889,0.0000033916327917271616
20413.88888888889,0.0000007424927697119443
20438.888888888887,0.000003447555661173496
20463.88888888889,0.0000007511258182102409
20488.888888888887,0.0000034344876926883927
20513.88888888889,0.0000008314069745996022
20538.888888888887,0.000003559721712287356
20563.88888888889,0.0000008084179330403174
20588.88888888889,0.00000348728914389973
20613.888888888887,0.000000790414921736371
20638.88888888889,0.0000035611492041898174
20663.888888888887,0.0000007919418514301668
20688.88888888889,0.000003537325056646168
20713.888888888887,0.0000008656619387981124
20738.88888888889,0.000003633175682526968
20763.88888888889,0.0000008715515662505169
20788.88888888889,0.000003484792302277384
20813.88888888889,0.0000008304410890058733
20838.888888888887,0.000003528676201014491
20863.88888888889,0.0000009845644608486026
20888.888888888887,0.000003615994017103219
20913.88888888889,0.000001036922154362685
20938.88888888889,0.000003503386098557826
20963.88888888889,0.0000008669354378820771
20988.88888888889,0.0000034864486657681937
21013.888888888887,0.0000011090314122608191
21038.88888888889,0.0000037553591154537713
21063.888888888887,0.0000010659680029778684
21088.88888888889,0.0000035375121538727683
21113.88888888889,0.0000009702749230733332
21138.88888888889,0.0000037252105340446207
21163.88888888889,0.0000012012812047323962
21188.888888888887,0.000003834586199236156
21213.88888888889,0.000001201777795722947
21238.888888888887,0.0000037684409965876853
21263.88888888889,0.0000011733245044442953
21288.88888888889,0.0000037975212889840293
21313.88888888889,0.0000013695615319608834
21338.88888888889,0.000003932373527693045
21363.888888888887,0.0000014107446846267635
21388.88888888889,0.000003868346682533996
21413.888888888887,0.0000014675016328791202
21438.88888888889,0.000003948132858200282
21463.888888888887,0.0000015035892566572784
21488.88888888889,0.000003962991718120534
21513.88888888889,0.000001604145306588478
21538.888888888887,0.000004102234164804486
21563.88888888889,0.0000016096829391631928
21588.888888888887,0.000004060041148168381
21613.88888888889,0.0000016186990308142413
21638.888888888887,0.000004150634486332905
21663.88888888889,0.0000016444138770665973
21688.88888888889,0.000004151921431549965
21713.88888888889,0.0000017346262779494026
21738.88888888889,0.000004262073389993404
21763.888888888887,0.000001761838090530432
21788.88888888889,0.000004149758705773721
21813.888888888887,0.0000017461434254073538
21838.88888888889,0.000004212736950393037
21863.88888888889,0.0000019075947623736766
21888.88888888889,0.000004314120762183293
21913.88888888889,0.000001976694466998552
21938.888888888887,0.000004233649382179294
21963.88888888889,0.0000018439606190856495
21988.888888888887,0.0000042392727748197245
22013.88888888889,0.0000020866487273618617
22038.88888888889,0.000004504969193686037
22063.88888888889,0.000002069835536522291
22088.88888888889,0.000004327057530062461
22113.888888888887,0.0000020051853331093383
22138.88888888889,0.000004518953602872244
22163.888888888887,0.0000022374335808539314
22188.88888888889,0.000004639356012026141
22213.88888888889,0.0000022592090909157037
22238.88888888889,0.000004600469509341565
22263.88888888889,0.0000022536333341705017
22288.888888888887,0.000004647857216433238
22313.88888888889,0.000002452383995432683
22338.888888888887,0.00000479180193080353
22363.88888888889,0.0000025091640665220183
22388.888888888887,0.000004753013795877337
22413.88888888889,0.0000025796329117255823
22438.88888888889,0.0000048444391747004545
22463.888888888887,0.0000026306956661947822
22488.88888888889,0.000004874900038975838
22513.888888888887,0.0000027401027080653506
22538.88888888889,0.000005017692179976052
22563.888888888887,0.0000027614458335545322
22588.88888888889,0.000004992805127557176
22613.88888888889,0.0000027844140548793916
22638.88888888889,0.000005088199383163072
22663.88888888889,0.0000028207631259657973
22688.888888888887,0.000005100444655514735
22713.88888888889,0.000002913735402954032
22738.888888888887,0.0000052106789967254485
22763.88888888889,0.0000029464271062984437
22788.88888888889,0.000005115679373890458
22813.88888888889,0.000002938012919173616
22838.88888888889,0.000005179257596799047
22863.888888888887,0.000003088943095308494
22888.88888888889,0.000005274753776429719
22913.888888888887,0.0000031534769038277233
22938.88888888889,0.000005201942789190284
22963.88888888889,0.0000030316890369253002
22988.88888888889,0.000005204588334306592
23013.88888888889,0.0000032509132190661205
23038.888888888887,0.000005442474654726581
23063.88888888889,0.0000032306003439064312
23088.888888888887,0.000005272051597948746
23113.88888888889,0.0000031643250590907
23138.88888888889,0.0000054379538929616444
23163.88888888889,0.0000033667637362455594
23188.88888888889,0.000005536128363292647
23213.888888888887,0.000003374233792374781
23238.88888888889,0.000005487192117792361
23263.888888888887,0.0000033539842601015835
23288.88888888889,0.000005514977121201525
23313.888888888887,0.0000035187412372739146
23338.88888888889,0.00000562984225327412
23363.88888888889,0.0000035516924907774694
23388.888888888887,0.0000055750171310542385
23413.88888888889,0.000003595729058281094
23438.888888888887,0.000005637828778493059
23463.88888888889,0.0000036208507618873398
23488.888888888887,0.00000564282132708982
23513.88888888889,0.000003698722921274822
23538.88888888889,0.000005749647219888132
23563.88888888889,0.0000036947847843471493
23588.88888888889,0.00000570122686083252
23613.888888888887,0.000003691432843400122
23638.88888888889,0.000005762884402793489
23663.888888888887,0.0000036995420229501974
23688.88888888889,0.000005747859180171844
23713.88888888889,0.0000037587197414534756
23738.88888888889,0.00000582269557125592
23763.88888888889,0.000003761657372924887
23788.888888888887,0.000005709123591213228
23813.88888888889,0.0000037270023212077064
23838.888888888887,0.0000057415052987508375
23863.88888888889,0.000003838221409813158
23888.88888888889,0.000005802379505537303
23913.88888888889,0.000003870572048203513
23938.88888888889,0.000005709305749501681
23963.888888888887,0.0000037326612292165606
23988.88888888889,0.000005684961017715651
24013.888888888887,0.0000039081175824406955
24038.88888888889,0.000005876716863806308
24063.88888888889,0.000003864160455391286
24088.88888888889,0.000005693789109750824
24113.88888888889,0.00000377852298028003
24138.888888888887,0.000005820373913945076
24163.88888888889,0.000003939439213285212
24188.888888888887,0.0000058849905124613855
24213.88888888889,0.000003921483954671956
24238.888888888887,0.000005815510213391661
24263.88888888889,0.000003877808069319144
24288.88888888889,0.0000058165042016167234
24313.88888888889,0.00000400425392022008
24338.88888888889,0.00000589818885488036
24363.888888888887,0.000004009642053270923
24388.88888888889,0.000005823356336254193
24413.888888888887,0.000004025348745217983
24438.88888888889,0.000005856551530181164
24463.88888888889,0.000004023784181406143
24488.88888888889,0.0000058358368308919495
24513.88888888889,0.0000040709495667812234
24538.888888888887,0.000005908534958853906
24563.88888888889,0.000004042408295656941
24588.888888888887,0.000005837398321828502
24613.88888888889,0.000004013849698836225
24638.88888888889,0.000005867491520650248
24663.88888888889,0.00000399509146808974
24688.88888888889,0.000005826405239384158
24713.888888888887,0.000004022251629987039
24738.88888888889,0.0000058675387937245915
24763.888888888887,0.000003996200006906037
24788.88888888889,0.000005734371148813366
24813.88888888889,0.0000039348765490387905
24838.88888888889,0.000005735118467242728
24863.88888888889,0.000004006536165501728
24888.888888888887,0.000005760251647002335
24913.88888888889,0.000004004763612064366
24938.888888888887,0.000005642908406322533
24963.88888888889,0.000003845576396654948
24988.88888888889,0.000005587077616109326
25013.88888888889,0.000003973974822546467
25038.88888888889,0.000005729112012575754
25063.888888888887,0.000003899315254463076
25088.88888888889,0.000005524777491716648
25113.888888888887,0.000003785420017221597
25138.88888888889,0.000005604962983296602
25163.888888888887,0.00000389726900773546
25188.88888888889,0.000005627007884090318
25213.88888888889,0.000003843344651865976
25238.88888888889,0.000005525340011303115
25263.88888888889,0.0000037645198489588694
25288.888888888887,0.00000548771680586313
25313.88888888889,0.000003841905471757556
25338.888888888887,0.000005524462374895123
25363.88888888889,0.000003807175569470189
25388.88888888889,0.000005415928098218004
25413.88888888889,0.0000037817804674489253
25438.88888888889,0.000005406820894782172
25463.888888888887,0.000003740532688034648
25488.88888888889,0.000005347441809355757
25513.888888888887,0.0000037447212426489074
25538.88888888889,0.0000053745016797002165
25563.88888888889,0.0000036791816295789204
25588.88888888889,0.000005268575602235259
25613.88888888889,0.0000036139934040946287
25638.888888888887,0.000005257083749654612
25663.88888888889,0.00000355835285681394
25688.888888888887,0.000005180582314467941
25713.88888888889,0.0000035455665456929353
25738.88888888889,0.000005181088162276026
25763.88888888889,0.0000034839934579533605
25788.88888888889,0.0000050215949281007255
25813.888888888887,0.0000033911679895304303
25838.88888888889,0.000004987388405597315
25863.888888888887,0.00000342202170200423
25888.88888888889,0.00000497613905148242
25913.88888888889,0.0000033865101489727323
25938.88888888889,0.000004834951076615468
25963.88888888889,0.000003207329565713124
25988.888888888887,0.000004751333488206555
26013.88888888889,0.0000032952887427661892
26038.888888888887,0.000004851888655732495
26063.88888888889,0.000003197134370802601
26088.888888888887,0.00000463364653890963
26113.88888888889,0.0000030643551216513742
26138.88888888889,0.000004680144882751591
26163.88888888889,0.0000031412331955582573
26188.88888888889,0.000004674165162477095
26213.888888888887,0.0000030662246213175592
26238.88888888889,0.000004555820401819233
26263.888888888887,0.0000029691530956110768
26288.88888888889,0.000004497777019940585
26313.88888888889,0.0000030178401302372038
26338.88888888889,0.000004510253584388835
26363.88888888889,0.0000029639986327545387
26388.888888888887,0.000004388971007740494
26413.88888888889,0.0000029200013609287367
26438.888888888887,0.000004360774078060459
26463.88888888889,0.0000028625126591297345
26488.88888888889,0.000004286552947929678
26513.88888888889,0.000002848348489958852
26538.88888888889,0.0000042932923318694804
26563.888888888887,0.00000277030536888212
26588.88888888889,0.0000041770972545318585
26613.888888888887,0.0000026932039010052478
26638.88888888889,0.000004149400645525603
26663.88888888889,0.0000026254232063926963
26688.88888888889,0.000004061993846837808
26713.88888888889,0.0000025975001189948443
26738.888888888887,0.000004046499420429228
26763.88888888889,0.000002524202778797502
26788.888888888887,0.000003883051358233303
26813.88888888889,0.000002422480828823126
26838.88888888889,0.0000038363378289663075
26863.88888888889,0.000002435182199889141
26888.88888888889,0.000003810261396619552
26913.888888888887,0.0000023866636995606427
26938.88888888889,0.0000036642510354845115
26963.888888888887,0.000002205452570569477
26988.88888888889,0.000003571038563077167
27013.88888888889,0.000002271815731980098
27038.88888888889,0.0000036484650569601484
27063.88888888889,0.000002165779663609868
27088.88888888889,0.000003430299536644199
27113.88888888889,0.0000020278768704251604
27138.888888888887,0.0000034578982719413176
27163.88888888889,0.000002083993702495235
27188.888888888887,0.000003436758693409203
27213.88888888889,0.000001999394239726726
27238.88888888889,0.0000033121720524054155
27263.88888888889,0.0000018941789485804605
27288.88888888889,0.000003243496438987137
27313.888888888887,0.000001924459873903217
27338.88888888889,0.0000032410349388722892
27363.888888888887,0.0000018599848605749258
27388.88888888889,0.000003114428620776266
27413.88888888889,0.000001805228633022793
27438.88888888889,0.0000030748214758791192
27463.88888888889,0.0000017387253181677664
27488.888888888887,0.0000029927816376229543
27513.88888888889,0.0000017135354639652434
27538.888888888887,0.0000029868485511563847
27563.88888888889,0.0000016298158516114825
27588.88888888889,0.000002867219723201586
27613.88888888889,0.0000015479497839088197
27638.88888888889,0.0000028312823454612612
27663.888888888887,0.0000014758386734925466
27688.88888888889,0.00000274107833053705
27713.888888888887,0.0000014417671845290414
27738.88888888889,0.0000027191491107636523
27763.88888888889,0.0000013664307292327038
27788.88888888889,0.0000025611515612755653
27813.88888888889,0.0000012664375450555099
27838.88888888889,0.0000025135438441736824
27863.88888888889,0.0000012739556509711036
27888.888888888887,0.0000024859325831183554
27913.88888888889,0.0000012263249542510124
27938.88888888889,0.0000023488950449124246
27963.88888888889,0.0000010573742863506652
27988.88888888889,0.0000022620080244450946
28013.88888888889,0.00000112008590669177
28038.88888888889,0.0000023352850651026102
28063.888888888887,0.0000010242740067223366
28088.88888888889,0.000002135348228682332
28113.888888888887,0.0000009006586410009731
28138.88888888889,0.000002165742380766389
28163.88888888889,0.0000009585922480237485
28188.88888888889,0.0000021521842732408203
28213.88888888889,0.0000008872322401209942
28238.888888888887,0.0000020444806621000566
28263.88888888889,0.0000007978358245175343
28288.888888888887,0.0000019899211440854714
28313.88888888889,0.0000008358439023137265
28338.88888888889,0.000001998703818228975
28363.88888888889,0.0000007869382447900364
28388.88888888889,0.0000018927378064859113
28413.888888888887,0.0000007482902417699222
28438.88888888889,0.0000018688852752024587
28463.888888888887,0.0000006998634693999861
28488.88888888889,0.000001806137472248892
28513.88888888889,0.000000691101860406107
28538.88888888889,0.000001815207202771063
28563.88888888889,0.0000006285129483529772
28588.888888888887,0.0000017186558194381973
28613.88888888889,0.0000005682602641776668
28638.888888888887,0.0000017010174495624142
28663.88888888889,0.0000005175832662462909
28688.88888888889,0.0000016332724819267952
28713.88888888889,0.0000005025096665445261
28738.88888888889,0.0000016295807254707029
28763.88888888889,0.00000044883207261925406
28788.88888888889,0.0000014993323396161884
28813.888888888887,0.00000037266007080205554
28838.88888888889,0.000001472455187556676
28863.88888888889,0.0000003963813912655212
28888.88888888889,0.0000014635182621347553
28913.88888888889,0.00000036884419296612236
28938.88888888889,0.00000135301091530593
28963.88888888889,0.00000022853762171592962
28988.888888888887,0.0000012886066766970572
29013.88888888889,0.00000030386090088541096
29038.888888888887,0.0000013732242953867768
29063.88888888889,0.00000023135857363243417
29088.88888888889,0.000001202980241421514
29113.88888888889,0.00000013296098955173363
29138.88888888889,0.0000012474612087753911
29163.888888888887,0.00000020320504501292191
29188.88888888889,0.0000012505910667037767
29213.888888888887,0.00000015279974419080133
29238.88888888889,0.0000011663321226595968
29263.88888888889,0.00000008516535210389975
29288.88888888889,0.0000011312529388796122
29313.88888888889,0.0000001362761177237104
29338.888888888887,0.0000011556126902068087
29363.88888888889,0.0000001062864591894197
29388.888888888887,0.00000107253427317211
29413.88888888889,0.0000000859786319917788
29438.88888888889,0.0000010662411824569062
29463.88888888889,0.00000005679554204718329
29488.88888888889,0.0000010235033067740318
29513.888888888887,0.00000006513688033393805
29538.88888888889,0.000001048202710185464
29563.888888888887,0.00000002344782257246436
29588.88888888889,0.0000009742317166328007
29613.88888888889,-0.000000015678663478624344
29638.88888888889,0.0000009747648914704143
29663.88888888889,-0.00000004537550801764212
29688.88888888889,0.000000929025203433298
29713.88888888889,-0.000000041448755316864094
29738.888888888887,0.0000009438107204662316
29763.88888888889,-0.00000007333310625412537
29788.88888888889,0.0000008410670737646342
29813.88888888889,-0.0000001251995391804428
29838.888888888894,0.0000008359946253033712
29863.888888888887,-0.00000008335531131997698
29888.88888888889,0.0000008477548547602964
29913.88888888889,-0.00000008847661780997385
29938.888888888887,0.0000007658904146445877
29963.888888888887,-0.00000019778693727268148
29988.88888888889,0.0000007274085707109634
30013.888888888894,-0.00000010500684011205408
30038.888888888887,0.0000008288538284606517
30063.88888888889,-0.000000149469730370555
30088.88888888889,0.0000006929338693950626
30113.888888888887,-0.00000021716888465306283
30138.888888888887,0.0000007585720549485586
30163.88888888889,-0.00000012697934059779925
30188.88888888889,0.0000007860297948081296
30213.888888888887,-0.00000014883067778193038
30238.88888888889,0.0000007329270672595811
30263.88888888889,-0.00000018647949517891504
30288.888888888887,0.0000007260393588559566
30313.888888888887,-0.0000001126388824435054
30338.88888888889,0.0000007755361686179185
30363.88888888889,-0.00000011426897450483864
30388.888888888887,0.000000724497049020556
30413.88888888889,-0.00000010653679693994889
30438.88888888889,0.0000007455629296160282
30463.888888888887,-0.00000010686295426332038
30488.888888888887,0.000000732322744001479
30513.88888888889,-0.00000007180096939229941
30538.88888888889,0.000000782282174816018
30563.888888888887,-0.00000008374604432148658
30588.88888888889,0.000000739347541189872
30613.88888888889,-0.00000009352838348242187
30638.888888888887,0.0000007662237642147574
30663.888888888887,-0.00000009480790241767068
30688.88888888889,0.000000749374319264362
30713.88888888889,-0.00000006524108142613727
30738.888888888887,0.0000007887538129303096
30763.88888888889,-0.00000007012708946874113
30788.88888888889,0.0000007175000729109371
30813.888888888887,-0.00000009404162182313769
30838.888888888887,0.0000007373640940055992
30863.88888888889,-0.00000003130786518923401
30888.88888888889,0.0000007715333210089881
30913.888888888887,-0.000000013241023610888192
30938.88888888889,0.0000007176672018882613
30963.88888888889,-0.00000009325915595326251
30988.888888888894,0.0000007030592332757379
31013.888888888887,0.000000014851906815493976
31038.88888888889,0.0000008184464774796396
31063.88888888889,-0.000000006427312682077968
31088.888888888887,0.0000007105957939845808
31113.88888888889,-0.000000050225236414291885
31138.88888888889,0.0000007907110481930602
31163.888888888894,0.00000005249331747059216
31188.888888888887,0.0000008338876285041152
31213.88888888889,0.00000004940503717243416
31238.88888888889,0.000000801155592311531
31263.888888888887,0.00000003036799989253325
31288.88888888889,0.0000008105489395227039
31313.88888888889,0.0000001149302781833228
31338.888888888894,0.0000008723048019465551
31363.888888888887,0.00000012794207027155835
31388.88888888889,0.0000008386896328538285
31413.88888888889,0.00000014902048817155844
31438.888888888887,0.0000008720478221757588
31463.88888888889,0.0000001619585081602537
31488.88888888889,0.0000008723350262140883
31513.888888888894,0.0000002077244320997096
31538.888888888887,0.0000009314800628601461
31563.88888888889,0.00000020880608198048378
31588.88888888889,0.0000009026576395232411
31613.888888888887,0.0000002114825350396643
31638.88888888889,0.0000009392838449251428
31663.88888888889,0.00000022182524972436113
31688.888888888894,0.0000009345721270204166
31713.888888888887,0.00000026068718317340256
31738.88888888889,0.0000009824494409116369
31763.88888888889,0.0000002666934464379267
31788.888888888887,0.0000009263807623227649
31813.888888888887,0.00000025506580203504825
31838.88888888889,0.0000009560754836712704
31863.888888888894,0.00000032432717333996663
31888.888888888887,0.0000009984916629068863
31913.88888888889,0.0000003517642632733242
31938.88888888889,0.0000009587741034433606
31963.888888888887,0.0000002875042008909645
31988.888888888887,0.0000009554700475256084
32013.88888888889,0.0000003996004942496967
32038.888888888894,0.0000010740807008247089
32063.888888888887,0.00000039036704913009146
32088.88888888889,0.0000009832258642816782
32113.88888888889,0.0000003602136116054311
32138.888888888887,0.0000010689257183837952
32163.888888888887,0.00000046716787638345636
32188.88888888889,0.000001119685788086855
32213.88888888889,0.00000047483870768694203
32238.888888888887,0.000001099567820794789
32263.88888888889,0.0000004672058211419028
32288.88888888889,0.0000011185742343489125
32313.888888888887,0.0000005566759715414094
32338.888888888887,0.000001186889596827001
32363.88888888889,0.0000005786886596581553
32388.88888888889,0.0000011649936835222974
32413.888888888887,0.0000006079767511657508
32438.88888888889,0.0000012057355278649595
32463.88888888889,0.0000006292748726544062
32488.888888888887,0.0000012146896308795618
32513.888888888887,0.0000006811319672728189
32538.88888888889,0.0000012785466110276644
32563.88888888889,0.0000006903072828912116
32588.888888888887,0.0000012587258122476186
32613.88888888889,0.0000007002881823314766
32638.88888888889,0.0000013000286753772627
32663.888888888887,0.0000007167448039524515
32688.888888888887,0.000001301636616046764
32713.88888888889,0.0000007590141215541024
32738.88888888889,0.0000013518370338694297
32763.888888888887,0.0000007691444996460461
32788.88888888889,0.0000013033615076096794
32813.88888888889,0.0000007620521398354896
32838.88888888889,0.0000013348533600687773
32863.88888888889,0.0000008296239781824255
32888.88888888889,0.0000013765969057999428
32913.88888888889,0.0000008568866480818116
32938.88888888889,0.00000134049618361054
32963.88888888889,0.0000007971394679895383
32988.88888888889,0.0000013370857223637955
33013.88888888889,0.0000009018614546274506
33038.88888888889,0.0000014470722489168253
33063.88888888889,0.0000008914213629473977
33088.88888888889,0.000001358980258769904
33113.88888888889,0.0000008603811598728583
33138.88888888889,0.0000014359303635025356
33163.88888888889,0.0000009567913050734234
33188.88888888889,0.0000014786892665874518
33213.88888888889,0.0000009588487259737377
33238.88888888889,0.0000014541734874029544
33263.88888888889,0.0000009452820892708047
33288.88888888889,0.0000014651828781353515
33313.88888888889,0.0000010221100341656353
33338.88888888889,0.0000015219894007323376
33363.88888888889,0.0000010345508647535695
33388.88888888889,0.0000014927091076533117
33413.88888888889,0.0000010530438352418514
33438.88888888889,0.0000015217128706002114
33463.88888888889,0.0000010633485014732713
33488.88888888889,0.000001519866506649592
33513.88888888889,0.0000011019860088889999
33538.88888888889,0.000001569266673939751
33563.88888888889,0.0000010997950874447326
33588.88888888889,0.0000015390237881884872
33613.88888888889,0.0000010979061852989247
33638.88888888888,0.0000015662654413439725
33663.88888888889,0.0000011018100471993364
33688.88888888889,0.0000015557833854540348
33713.88888888889,0.0000011296275213013018
33738.88888888889,0.000001590879448398752
33763.88888888889,0.0000011266858612746233
33788.88888888889,0.000001532897935252464
33813.88888888888,0.0000011077714761054125
33838.88888888889,0.0000015505248331937338
33863.88888888889,0.0000011588210706570123
33888.88888888889,0.0000015771839545486444
33913.88888888889,0.0000011720246886337549
33938.88888888889,0.0000015310575369742452
33963.88888888889,0.000001103660780321647
33988.88888888888,0.0000015154262733574342
34013.88888888889,0.000001190120755056867
34038.88888888889,0.0000016066520727164857
34063.88888888889,0.000001168288259911776
34088.88888888889,0.0000015114481275446678
34113.88888888889,0.0000011273986657567292
34138.88888888889,0.0000015720082946479863
34163.88888888888,0.0000012063621330771213
34188.88888888889,0.0000016002458615993476
34213.88888888889,0.0000011966507276195415
34238.88888888889,0.0000015656276750597442
34263.88888888889,0.0000011721256039098904
34288.88888888889,0.000001564290724065387
34313.88888888889,0.0000012328702636565936
34338.88888888888,0.0000016064844776675358
34363.88888888889,0.0000012329137655253675
34388.88888888889,0.0000015671819295626221
34413.88888888889,0.0000012386425134458534
34438.88888888889,0.0000015828804327266965
34463.88888888889,0.0000012366085004877903
34488.88888888889,0.0000015691312658105971
34513.88888888889,0.000001261328772983461
34538.88888888889,0.000001603679738781949
34563.88888888889,0.0000012472194956814064
34588.88888888889,0.000001562504600594039
34613.88888888889,0.0000012331067142934415
34638.88888888889,0.000001575564572586785
34663.88888888889,0.0000012241735314333368
34688.88888888889,0.0000015526275689570213
34713.88888888889,0.0000012372809847782662
34738.88888888889,0.0000015722908854876039
34763.88888888889,0.0000012206210024956476
34788.88888888889,0.0000015036594420703153
34813.88888888889,0.0000011887498316820455
34838.88888888889,0.0000015062046352376512
34863.88888888889,0.000001222041032367116
34888.88888888889,0.0000015161218818171562
34913.88888888889,0.0000012191568687924814
34938.88888888889,0.0000014572861624095879
34963.88888888889,0.0000011390479679462828
34988.88888888889,0.0000014262845613455255
35013.88888888889,0.000001204248516240014
35038.88888888889,0.000001495469676093819
35063.88888888889,0.0000011667515675828355
35088.88888888889,0.0000013882072067428197
35113.88888888889,0.000001110938621540214
35138.88888888889,0.0000014275511359684856
35163.88888888889,0.0000011673818867130592
35188.88888888889,0.0000014356564637107994
35213.88888888889,0.0000011397703614246524
35238.88888888889,0.0000013844001203189293
35263.88888888889,0.0000010975896471698832
35288.88888888889,0.0000013639072153903697
35313.88888888889,0.0000011355825628722727
35338.88888888889,0.0000013845168109760664
35363.88888888889,0.0000011159563755303026
35388.88888888889,0.000001327607919598961
35413.88888888889,0.0000011015147634019229
35438.88888888889,0.0000013226092239193576
35463.88888888889,0.0000010796742464513898
35488.88888888888,0.0000012895059948725418
35513.88888888889,0.0000010832626513579413
35538.88888888889,0.0000013022068889867455
35563.88888888889,0.000001050128739077394
35588.88888888889,0.0000012431308940019647
35613.88888888889,0.0000010171425437466297
35638.88888888889,0.00000123581704492004
35663.88888888888,0.000000989360224856739
35688.88888888889,0.0000011947345499585538
35713.88888888889,0.000000982624443368607
35738.88888888889,0.0000011942968454192737
35763.88888888889,0.0000009478825708786331
35788.88888888889,0.0000011108573816365208
35813.88888888889,0.0000008996033229458078
35838.88888888888,0.0000010955486906549794
35863.88888888889,0.0000009131396827566363
35888.88888888889,0.0000010871890916419602
35913.88888888889,0.000000893171339111376
35938.88888888889,0.0000010149643263623886
35963.88888888889,0.0000008011657270934336
35988.88888888889,0.0000009693615987682591
36013.88888888888,0.0000008469675838451707
36038.88888888889,0.0000010190728694237094
36063.88888888889,0.0000007964541264282587
36088.88888888889,0.0000009027516776338729
36113.88888888889,0.0000007295525967787597
36138.88888888889,0.0000009258596664896146
36163.88888888889,0.0000007691441625823359
36188.88888888888,0.0000009198981851810117
36213.88888888889,0.0000007300802935539252
36238.88888888889,0.000000858896371580542
36263.88888888889,0.0000006777556469383939
36288.88888888889,0.0000008273740708109045
36313.88888888889,0.0000007019110586092836
36338.88888888889,0.000000835651060571152
36363.88888888889,0.0000006721441672130624
36388.88888888889,0.0000007708708058551395
36413.88888888889,0.0000006478432355017105
36438.88888888889,0.0000007558470369595227
36463.88888888889,0.0000006170803925620305
36488.88888888889,0.0000007144931073455041
36513.88888888889,0.0000006109869552517466
36538.88888888889,0.0000007170475375684049
36563.88888888889,0.0000005704190388922115
36588.88888888889,0.0000006516911243981127
36613.88888888889,0.0000005303048211668937
36638.88888888889,0.000000635918403490976
36663.88888888889,0.0000004954449410732309
36688.88888888889,0.000000588371360521478
36713.88888888889,0.0000004806029147985669
36738.88888888889,0.0000005794775728151791
36763.88888888889,0.0000004391283225935183
36788.88888888889,0.0000004921385201583917
36813.88888888889,0.00000038530057211438873
36838.88888888889,0.0000004697148368038029
36863.88888888889,0.0000003897385223439187
36888.88888888889,0.0000004533338389123287
36913.88888888889,0.0000003625717917010718
36938.88888888889,0.00000037700851995836615
36963.88888888889,0.0000002675238701677074
36988.88888888889,0.0000003255547567082573
37013.88888888889,0.0000003027129140686924
37038.88888888889,0.0000003642576065221448
37063.88888888889,0.0000002467698927421935
37088.88888888889,0.00000024582612678791804
37113.88888888889,0.0000001755329976926845
37138.88888888889,0.00000025954331639432837
37163.88888888889,0.00000020482250384645795
37188.88888888889,0.0000002455310179616532
37213.88888888889,0.0000001598048149364928
37238.88888888889,0.00000017985525468944275
37263.88888888889,0.00000010217233392673108
37288.88888888889,0.00000014194663933153606
37313.88888888889,0.00000011713747416486342
37338.88888888888,0.00000014219497224132738
37363.88888888889,0.00000008118611538598941
37388.88888888889,0.00000007314967276350615
37413.88888888889,0.00000005066919639418188
37438.88888888889,0.000000051654280186497203
37463.88888888889,0.000000014376442258878797
37488.88888888889,0.000000005354110932387357
37513.88888888888,0.000000001998939458403015
37538.88888888889,0.0000000012341587751762972
37563.88888888889,-0.00000004271028375413266
37588.88888888889,-0.00000006709828070938784
37613.88888888889,-0.00000008648146310186178
37638.88888888889,-0.00000008758791447682768
37663.88888888889,-0.00000012461956577780597
37688.88888888888,-0.00000013763305006797566
37713.88888888889,-0.00000014324212238570055
37738.88888888889,-0.00000015037059597489133
37763.88888888889,-0.00000018667949297501707
37788.88888888889,-0.00000023675570415271352
37813.88888888889,-0.0000002407225132561308
37838.88888888889,-0.0000002604966016228616
37863.88888888888,-0.0000002390495328352671
37888.88888888889,-0.0000002782747592355861
37913.88888888889,-0.0000002664422238396469
37938.88888888889,-0.0000003515545412557941
37963.88888888889,-0.000000357044995125122
37988.88888888889,-0.0000004007180249843145
38013.88888888889,-0.00000032353416301589277
38038.88888888889,-0.00000036361024458031466
38063.88888888889,-0.0000003755094535318193
38088.88888888889,-0.00000047456292939784817
38113.88888888889,-0.0000004409080269773824
38138.88888888889,-0.0000004592384386103987
38163.88888888889,-0.00000041046053778082126
38188.88888888889,-0.00000046961935074030237
38213.88888888889,-0.0000004495395016235193
38238.88888888889,-0.0000005278190449153897
38263.88888888889,-0.0000004999376643777254
38288.88888888889,-0.0000005591823832862275
38313.88888888889,-0.0000004807110982607554
38338.88888888889,-0.0000005533498821375105
38363.88888888889,-0.0000005091302766047079
38388.88888888889,-0.0000006128957183992867
38413.88888888889,-0.0000005317613862576565
38438.88888888889,-0.0000006265977372521547
38463.88888888889,-0.0000005592796283870882
38488.88888888889,-0.0000006635003553245866
38513.88888888889,-0.0000005634556650147005
38538.88888888889,-0.0000006597537658414865
38563.88888888889,-0.000000597997357854041
38588.88888888889,-0.0000007168844693428156
38613.88888888889,-0.00000063129824035002
38638.88888888889,-0.0000007279895206657727
38663.88888888889,-0.0000006588876599877835
38688.88888888889,-0.0000007669465496018546
38713.88888888889,-0.0000006678277733040971
38738.88888888889,-0.0000007703116085000516
38763.88888888889,-0.0000007004260014209507
38788.88888888889,-0.0000008434722471584166
38813.88888888889,-0.0000007426361814388827
38838.88888888889,-0.0000008567609854903679
38863.88888888889,-0.0000007322135064935509
38888.88888888889,-0.0000008649308953501134
38913.88888888889,-0.0000007493149705162239
38938.88888888889,-0.0000009253197943426272
38963.88888888889,-0.0000008261686017529968
38988.88888888889,-0.0000009631686168631859
39013.88888888889,-0.0000007854746506552601
39038.88888888889,-0.00000091925077638777
39063.88888888889,-0.000000825975755125441
39088.88888888889,-0.0000010159313597046804
39113.88888888889,-0.0000008790905021704987
39138.88888888889,-0.0000009926772999158118
39163.88888888889,-0.0000008415908845371689
39188.88888888889,-0.0000009941563936521902
39213.88888888889,-0.0000008700665874439295
39238.88888888889,-0.0000010407482589069872
39263.88888888889,-0.0000009094755251126685
39288.88888888889,-0.0000010621499213492314
39313.88888888889,-0.0000008827510649123127
39338.88888888889,-0.0000010479506511451575
39363.88888888888,-0.0000009013140918057161
39388.88888888889,-0.0000010961270915377241
39413.88888888889,-0.000000914330464230062
39438.88888888889,-0.0000011005457374313465
39463.88888888889,-0.0000009318767917321225
39488.88888888889,-0.0000011270855448941575
39513.88888888889,-0.0000009269643970188923
39538.88888888888,-0.0000011146805463102538
39563.88888888889,-0.0000009508369114286097
39588.88888888889,-0.0000011602466687410384
39613.88888888889,-0.0000009733075214679587
39638.88888888889,-0.0000011615281692023416
39663.88888888889,-0.000000989993822697599
39688.88888888889,-0.0000011890387061619379
39713.88888888888,-0.000000988727833162173
39738.88888888889,-0.0000011823980357039687
39763.88888888889,-0.0000010098459002350069
39788.88888888889,-0.0000012417391426211566
39813.88888888889,-0.0000010393539349173864
39838.88888888889,-0.00000124343713081565
39863.88888888889,-0.0000010187176633369432
39888.88888888889,-0.0000012404006914934484
39913.88888888889,-0.0000010237492791276281
39938.88888888889,-0.000001286076262818625
39963.88888888889,-0.0000010848500371363201
39988.88888888889,-0.0000013101714209096116
40013.88888888889,-0.000001033981031905995
40038.88888888889,-0.0000012561553359713429
40063.88888888889,-0.0000010598177637710648
40088.88888888889,-0.0000013353072956245882
40113.88888888889,-0.000001097000854599628
40138.88888888889,-0.000001299894287321024
40163.88888888889,-0.000001047926899921947
40188.88888888889,-0.0000012878530921689446
40213.88888888889,-0.0000010610921055143052
40238.88888888889,-0.000001318002689876252
40263.88888888889,-0.000001084442516008366
40288.88888888889,-0.000001324137856251184
40313.88888888889,-0.0000010445775966427817
40338.88888888889,-0.0000012958787467542976
40363.88888888889,-0.000001047592345093662
40388.88888888889,-0.0000013270366505668818
40413.88888888889,-0.000001045156580614659
40438.88888888889,-0.0000013162863587989904
40463.88888888889,-0.0000010468991200607292
40488.88888888889,-0.0000013266870759753857
40513.88888888889,-0.0000010270927857103374
40538.88888888889,-0.0000012998637539674007
40563.88888888889,-0.0000010348116419311992
40588.88888888889,-0.0000013285803959206532
40613.88888888889,-0.0000010412965423256537
40638.88888888889,-0.0000013149980842008802
40663.88888888889,-0.000001042353368951865
40688.88888888889,-0.0000013266261353894748
40713.88888888889,-0.000001026638832390958
40738.88888888889,-0.0000013060323345026603
40763.88888888889,-0.000001032761772989943
40788.88888888889,-0.0000013485647587518912
40813.88888888889,-0.000001046855802711022
40838.88888888889,-0.0000013362801447591721
40863.88888888889,-0.0000010139177595291926
40888.88888888889,-0.00000132045663603364
40913.88888888889,-0.0000010057902857241174
40938.88888888889,-0.0000013509688274737641
40963.88888888889,-0.000001051219891801125
40988.88888888889,-0.0000013617115501851629
41013.88888888889,-0.0000009907969333866617
41038.88888888889,-0.000001298679570105321
41063.88888888889,-0.000001003866072490922
41088.88888888889,-0.0000013628668240617259
41113.88888888889,-0.0000010280427722442198
41138.88888888889,-0.0000013184017428891082
41163.88888888889,-0.0000009709238188992941
41188.88888888889,-0.0000012969523741634958
41213.88888888888,-0.00000097345304483909
41238.88888888889,-0.0000013158352356601455
41263.88888888889,-0.0000009862909371438633
41288.88888888889,-0.0000013125844817718502
41313.88888888889,-0.0000009393692324000114
41338.88888888889,-0.0000012767695600768292
41363.88888888889,-0.000000933762374755176
41388.88888888888,-0.0000012982483612589135
41413.88888888889,-0.0000009233681368403523
41438.88888888889,-0.000001280052235985707
41463.88888888889,-0.0000009172979398286429
41488.88888888889,-0.000001282521128187497
41513.88888888889,-0.00000089088749066768
41538.88888888889,-0.0000012496654144822372
41563.88888888889,-0.0000008910843587450756
41588.88888888889,-0.0000012702873204428755
41613.88888888889,-0.0000008903399255633104
41638.88888888889,-0.0000012505329587408909
41663.88888888889,-0.0000008845189420902955
41688.88888888889,-0.0000012550169492531182
41713.88888888889,-0.0000008629424352868398
41738.88888888889,-0.0000012289470856519102
41763.88888888889,-0.0000008625168763654045
41788.88888888889,-0.0000012631254930894897
41813.88888888889,-0.0000008693957578298495
41838.88888888889,-0.0000012447992483455295
41863.88888888889,-0.0000008317923363421187
41888.88888888889,-0.000001223670846428604
41913.88888888889,-0.0000008177939332387751
41938.88888888889,-0.0000012462215570607782
41963.88888888889,-0.000000854552583584578
41988.88888888889,-0.0000012502012081139213
42013.88888888889,-0.0000007906527932366458
42038.88888888889,-0.000001183929152270835
42063.88888888889,-0.0000007967453128365776
42088.88888888889,-0.000001238825738214544
42113.88888888889,-0.0000008132004296612649
42138.88888888889,-0.0000011900509551132643
42163.88888888889,-0.0000007524681013837409
42188.88888888889,-0.000001163476488486026
42213.88888888889,-0.0000007484995432349706
42238.88888888889,-0.0000011750539119503856
42263.88888888889,-0.0000007545215463533594
42288.88888888889,-0.0000011658462155672566
42313.88888888889,-0.0000007036228002466061
42338.88888888889,-0.0000011254382226155712
42363.88888888889,-0.0000006922855821933638
42388.88888888889,-0.0000011400893749069496
42413.88888888889,-0.0000006765573654643475
42438.88888888889,-0.0000011169587084136623
42463.88888888889,-0.0000006651570640947568
42488.88888888889,-0.0000011139524538350543
42513.88888888889,-0.000000634502450358454
42538.88888888889,-0.0000010773922580753492
42563.88888888889,-0.000000629659367534785
42588.88888888889,-0.0000010924977551507453
42613.88888888889,-0.0000006242995131966467
42638.88888888889,-0.000001069213261706281
42663.88888888889,-0.0000006144316810896555
42688.88888888889,-0.0000010695567251861604
42713.88888888889,-0.0000005900893593757672
42738.88888888889,-0.000001041283665514925
42763.88888888889,-0.0000005866791421560436
42788.88888888889,-0.0000010710381250778056
42813.88888888889,-0.0000005904376492171792
42838.88888888889,-0.0000010509625638643882
42863.88888888889,-0.0000005526484121443076
42888.88888888889,-0.0000010293610877010195
42913.88888888889,-0.0000005379514878001146
42938.88888888889,-0.0000010495834956714134
42963.88888888889,-0.0000005720446718537886
42988.88888888889,-0.0000010530040748246705
43013.88888888889,-0.000000510985797896879
43038.88888888889,-0.000000990124092714595
43063.88888888888,-0.0000005173341297570744
43088.88888888889,-0.0000010434445820717286
43113.88888888889,-0.0000005340073514492616
43138.88888888889,-0.000000998379703576191
43163.88888888889,-0.0000004779544202637709
43188.88888888889,-0.0000009753790504163362
43213.88888888889,-0.00000047657255652922004
43238.88888888888,-0.0000009890696672787413
43263.88888888889,-0.0000004854220090333428
43288.88888888889,-0.00000098374056056727
43313.88888888889,-0.00000044046454283908076
43338.88888888889,-0.0000009489156054254266
43363.88888888889,-0.0000004338320636065873
43388.88888888889,-0.0000009674211973731417
43413.88888888889,-0.0000004234839836581017
43438.88888888889,-0.0000009501614388618407
43463.88888888889,-0.00000041767857328345315
43488.88888888889,-0.0000009526810764715066
43513.88888888889,-0.00000039374102756006835
43538.88888888889,-0.0000009233499183025629
43563.88888888889,-0.0000003948803386499833
43588.88888888889,-0.0000009439509047748373
43613.88888888889,-0.0000003957988807812285
43638.88888888889,-0.0000009278590877848103
43663.88888888889,-0.0000003925322997755387
43688.88888888889,-0.0000009345758338330512
43713.88888888889,-0.00000037568460253822877
43738.88888888889,-0.0000009141407228963061
43763.88888888889,-0.0000003791740936787136
43788.88888888889,-0.0000009492280688139232
43813.88888888889,-0.00000038922254952389324
43838.88888888889,-0.0000009364624713459335
43863.88888888889,-0.0000003599170346202385
43888.88888888889,-0.0000009227892230345702
43913.88888888889,-0.0000003526207821291649
43938.88888888889,-0.0000009485682397336603
43963.88888888889,-0.0000003916221655853036
43988.88888888889,-0.0000009585204343576237
44013.88888888889,-0.0000003399249459690168
44038.88888888889,-0.000000905160291386764
44063.88888888889,-0.0000003525214546939992
44088.88888888889,-0.0000009626563977072067
44113.88888888889,-0.0000003746949448490966
44138.88888888889,-0.0000009259915083603687
44163.88888888889,-0.0000003276083790915152
44188.88888888889,-0.0000009105857234903425
44213.88888888889,-0.00000033257054865565294
44238.88888888889,-0.0000009298585357253586
44263.88888888889,-0.0000003473570402423576
44288.88888888889,-0.0000009311561497415966
44313.88888888889,-0.0000003106629271609762
44338.88888888889,-0.0000009040022781459101
44363.88888888889,-0.00000031063079264370685
44388.88888888889,-0.0000009280919019971634
44413.88888888889,-0.0000003070748204603291
44438.88888888889,-0.0000009178929751829656
44463.88888888889,-0.0000003079045720610907
44488.88888888889,-0.0000009268344436375031
44513.88888888889,-0.0000002913779102442504
44538.88888888889,-0.0000009052822689259443
44563.88888888889,-0.0000002990599312635567
44588.88888888889,-0.0000009319069824709203
44613.88888888889,-0.00000030670226003337575
44638.88888888889,-0.0000009233693083476879
44663.88888888889,-0.00000031044835679949756
44688.88888888889,-0.000000936911286997244
44713.88888888889,-0.00000030152324814736176
44738.88888888889,-0.0000009247903662856771
44763.88888888889,-0.0000003125348893018298
44788.88888888889,-0.0000009660424209467777
44813.88888888889,-0.00000032975157004955236
44838.88888888889,-0.0000009615389700012855
44863.88888888889,-0.0000003099519869653733
44888.88888888889,-0.0000009570229844158007
44913.88888888888,-0.0000003114858750929983
44938.88888888889,-0.0000009900890058922585
44963.88888888889,-0.0000003573556022207214
44988.88888888889,-0.0000010086207766768496
45013.88888888889,-0.0000003170856153200674
45038.88888888889,-0.0000009670334393252489
45063.88888888889,-0.0000003386067275457094
45088.88888888889,-0.0000010317108314339407
45113.88888888889,-0.00000036940014846997826
45138.88888888889,-0.000001006562648342424
45163.88888888889,-0.0000003345526951026301
45188.88888888889,-0.0000010022932324105227
45213.88888888889,-0.0000003496513270029311
45238.88888888889,-0.000001031149750696514
45263.88888888889,-0.00000037449517575893765
45288.88888888889,-0.0000010432854691266868
45313.88888888889,-0.0000003502771084296086
45338.88888888889,-0.0000010281606608320004
45363.88888888889,-0.0000003613510775046791
45388.88888888889,-0.0000010624764721356428
45413.88888888889,-0.0000003691874537192774
45438.88888888889,-0.0000010639455279015664
45463.88888888889,-0.00000038128907520196265
45488.88888888889,-0.0000010839398127959754
45513.88888888889,-0.0000003766996361509456
45538.88888888889,-0.0000010746006740003367
45563.88888888889,-0.0000003953596092731715
45588.88888888889,-0.000001111606005910204
45613.88888888889,-0.0000004139105898026685
45638.88888888889,-0.0000011145942331314274
45663.88888888889,-0.00000042850482184775274
45688.88888888889,-0.0000011386133400570486
45713.88888888889,-0.00000043086936729608283
45738.88888888889,-0.0000011379183728621456
45763.88888888889,-0.0000004523109207177356
45788.88888888889,-0.0000011880631598515379
45813.88888888889,-0.0000004790620962147329
45838.88888888889,-0.0000011938224426799593
45863.88888888889,-0.000000470372262473262
45888.88888888889,-0.0000011997719386869221
45913.88888888889,-0.0000004817209833252178
45938.88888888889,-0.0000012408604361802134
45963.88888888889,-0.0000005348644132041613
45988.88888888889,-0.0000012679068341903132
46013.88888888889,-0.00000050541252649694
46038.88888888889,-0.0000012370906508074597
46063.88888888889,-0.0000005346767670832975
46088.88888888889,-0.0000013075054161593158
46113.88888888889,-0.0000005721909663858327
46138.88888888889,-0.0000012914227403015843
46163.88888888889,-0.000000546735950512911
46188.88888888889,-0.0000012951665206983876
46213.88888888889,-0.0000005685734405513898
46238.88888888889,-0.0000013299178280856694
46263.88888888889,-0.0000005994371929940456
46288.88888888889,-0.0000013485064922491574
46313.88888888889,-0.0000005829114466671115
46338.88888888889,-0.0000013403908503129003
46363.88888888889,-0.0000005998740493229349
46388.88888888889,-0.00000137954218315528
46413.88888888889,-0.0000006134157037873678
46438.88888888889,-0.0000013867787478361038
46463.88888888889,-0.000000630738492324312
46488.88888888889,-0.000001411633771652987
46513.88888888889,-0.0000006317060401439534
46538.88888888889,-0.0000014079935009014832
46563.88888888889,-0.0000006548256687999299
46588.88888888889,-0.0000014488276318669335
46613.88888888889,-0.0000006776580452338976
46638.88888888889,-0.00000145664393058631
46663.88888888889,-0.0000006964451593205467
46688.88888888889,-0.000001484524536188303
46713.88888888889,-0.0000007034717015574898
46738.88888888889,-0.000001488679802541526
46763.88888888889,-0.0000007289046024538948
46788.88888888889,-0.00000154147075681621
46813.88888888889,-0.0000007590035584481569
46838.88888888889,-0.0000015513904330077821
46863.88888888889,-0.0000007554068102155753
46888.88888888889,-0.000001561989974696587
46913.88888888889,-0.0000007709541680611665
46938.88888888889,-0.000001605769704315918
46963.88888888889,-0.0000008262681185922105
46988.88888888889,-0.0000016363395580754059
47013.88888888889,-0.0000008026974454011793
47038.88888888889,-0.000001611557238989647
47063.88888888889,-0.0000008353646567815787
47088.88888888889,-0.0000016836910579076658
47113.88888888889,-0.0000008757224085886861
47138.88888888889,-0.0000016728431655455012
47163.88888888889,-0.0000008560084399089618
47188.88888888889,-0.000001681224594651809
47213.88888888889,-0.0000008814703567061599
47238.88888888889,-0.0000017189832737241062
47263.88888888889,-0.0000009156192710690902
47288.88888888889,-0.0000017414191817444191
47313.88888888889,-0.0000009042355402222313
47338.88888888889,-0.0000017379374090964461
47363.88888888889,-0.0000009248903913849915
47388.88888888889,-0.0000017798961591264373
47413.88888888889,-0.0000009421288946764861
47438.88888888889,-0.0000017909519511860594
47463.88888888889,-0.0000009628036150566288
47488.88888888889,-0.0000018188484807168948
47513.88888888889,-0.0000009674744128052026
47538.88888888889,-0.0000018190307808918504
47563.88888888889,-0.0000009932309661397909
47588.88888888889,-0.0000018618599340047837
47613.88888888889,-0.000001018418419374001
47638.88888888889,-0.000001872452982887296
47663.88888888889,-0.0000010392841705009204
47688.88888888889,-0.0000019019798027652968
47713.88888888889,-0.0000010485698582751724
47738.88888888889,-0.00000190842030889371
47763.88888888889,-0.0000010753094319415624
47788.88888888889,-0.0000019610730761510098
47813.88888888889,-0.0000011057194675423432
47838.88888888889,-0.0000019718605106522347
47863.88888888889,-0.0000011036418692267347
47888.88888888889,-0.000001983339565247988
47913.88888888889,-0.0000011193971205525344
47938.88888888889,-0.0000020256626571679703
47963.88888888889,-0.0000011725082240676699
47988.88888888889,-0.0000020550414860931454
48013.88888888889,-0.0000011496995400150922
48038.88888888889,-0.000002030899564076094
48063.88888888889,-0.0000011802785770953506
48088.88888888889,-0.000002099098063146343
48113.88888888889,-0.0000012174980641432853
48138.88888888889,-0.0000020870984678289517
48163.88888888889,-0.0000011968640727388902
48188.88888888889,-0.000002093285404569656
48213.88888888889,-0.0000012189482310187572
48238.88888888889,-0.0000021268679106789534
48263.88888888889,-0.0000012489699725559689
48288.88888888889,-0.000002145512661311244
48313.88888888889,-0.000001234822312623507
48338.88888888889,-0.0000021386296171765906
48363.88888888889,-0.000001251039487337735
48388.88888888889,-0.000002175193469344805
48413.88888888889,-0.000001263597875444944
48438.88888888889,-0.0000021815892909948786
48463.88888888889,-0.0000012790971810616725
48488.88888888889,-0.0000022039627629588665
48513.88888888889,-0.000001278829936390835
48538.88888888889,-0.0000021992996250830288
48563.88888888889,-0.0000012986374455792316
48588.88888888889,-0.000002235599822153489
48613.88888888889,-0.0000013176817179605393
48638.88888888889,-0.0000022405055812857455
48663.88888888889,-0.0000013322912084667848
48688.88888888889,-0.000002263474111696695
48713.88888888889,-0.000001335718795569818
48738.88888888889,-0.0000022642263592942413
48763.88888888889,-0.0000013560082492425352
48788.88888888889,-0.000002309248342324821
48813.88888888889,-0.0000013793913147264192
48838.88888888889,-0.00000231374164205711
48863.88888888889,-0.000001371850367526406
48888.88888888889,-0.000002319394932115415
48913.88888888889,-0.000001381384860499324
48938.88888888889,-0.000002354182332631183
48963.88888888889,-0.000001426516367031283
48988.88888888889,-0.0000023767993353462913
49013.88888888889,-0.0000013990555018938977
49038.88888888889,-0.0000023481645314848976
49063.88888888889,-0.000001422859101207763
49088.88888888889,-0.0000024081248206631045
49113.88888888889,-0.0000014528675162939209
49138.88888888889,-0.0000023910525941417404
49163.88888888889,-0.0000014276549389347082
49188.88888888889,-0.000002391730765882727
49213.88888888889,-0.0000014433776771571871
49238.88888888889,-0.0000024184547826600067
49263.88888888889,-0.0000014668281922425308
49288.88888888889,-0.0000024310809809691136
49313.88888888889,-0.0000014478435279574597
49338.88888888889,-0.0000024189766656412814
49363.88888888889,-0.00000145805949980371
49388.88888888889,-0.00000244882720279449
49413.88888888889,-0.0000014647382775567763
49438.88888888889,-0.0000024495146893066533
49463.88888888889,-0.0000014741795428818705
49488.88888888889,-0.0000024656223924779397
49513.88888888889,-0.0000014682975426616451
49538.88888888889,-0.000002455512658317005
49563.88888888889,-0.0000014816917128790408
49588.88888888889,-0.000002484901677535234
49613.88888888889,-0.000001494220202458152
49638.88888888889,-0.000002483729409474833
49663.88888888889,-0.0000015022139283615843
49688.88888888889,-0.000002499778488429527
49713.88888888889,-0.0000014993449615197108
49738.88888888889,-0.0000024943468515115086
49763.88888888889,-0.0000015126656163211294
49788.88888888889,-0.0000025312110147890365
49813.88888888889,-0.0000015283559657852663
49838.88888888889,-0.0000025286006530844674
49863.88888888889,-0.0000015143761979974357
49888.88888888889,-0.0000025273563573069424
49913.88888888889,-0.0000015165002171801945
49938.88888888889,-0.0000025533525316312478
49963.88888888889,-0.0000015522712437654462
49988.88888888889,-0.0000025676036099486765
50013.88888888889,-0.0000015182743893227268
50038.88888888889,-0.00000253242353420724
50063.88888888889,-0.0000015332278768820373
50088.88888888889,-0.0000025819945375094022
50113.88888888889,-0.0000015536555335593505
50138.88888888889,-0.0000025571977066984886
50163.88888888889,-0.0000015210375547969335
50188.88888888889,-0.0000025494543343107523
50213.88888888889,-0.000001527398830747373
50238.88888888889,-0.0000025662238460899545
50263.88888888889,-0.000001541044890362997
50288.88888888889,-0.0000025694636338613464
50313.88888888889,-0.0000015136849025321197
50338.88888888889,-0.0000025485466521590894
50363.88888888889,-0.0000015142841740534152
50388.88888888889,-0.0000025680635995506407
50413.88888888889,-0.0000015113709259662045
50438.88888888889,-0.0000025593005403834468
50463.88888888889,-0.0000015110269193652215
50488.88888888889,-0.0000025654412367792645
50513.88888888889,-0.0000014958194498593258
50538.88888888889,-0.00000254620964312835
50563.88888888889,-0.0000014992504309141452
50588.88888888889,-0.0000025652488833127762
50613.88888888889,-0.0000015019023200668613
50638.88888888889,-0.00000255472541321744
50663.88888888889,-0.0000015001730571118088
50688.88888888889,-0.0000025609170422047356
50713.88888888889,-0.0000014882005159311262
50738.88888888889,-0.000002546674775283364
50763.88888888889,-0.00000149216672840069
50788.88888888889,-0.000002573277181339151
50813.88888888889,-0.00000149824841311208
50838.88888888889,-0.000002561853706284367
50863.88888888889,-0.000001476329375194041
50888.88888888889,-0.0000025525031221995675
50913.88888888889,-0.0000014701242609937992
50938.88888888889,-0.0000025691413245709782
50963.88888888889,-0.0000014962784464778167
50988.88888888889,-0.0000025749992742518657
51013.88888888889,-0.0000014559032575078845
51038.88888888889,-0.000002533722643693892
51063.88888888889,-0.0000014628836098040665
51088.88888888889,-0.0000025741580076399373
51113.88888888889,-0.0000014752265065087755
51138.88888888889,-0.0000025433090595772256
51163.88888888889,-0.0000014371429781778744
51188.88888888889,-0.0000025294205907577805
51213.88888888889,-0.0000014367414764571151
51238.88888888889,-0.000002539130498080411
51263.88888888889,-0.0000014437186894866727
51288.88888888889,-0.000002536339704262147
51313.88888888889,-0.0000014115046877982707
51338.88888888889,-0.0000025103782008706332
51363.88888888889,-0.0000014065037288180093
51388.88888888889,-0.000002523813902977068
51413.88888888889,-0.0000013983773736736538
51438.88888888889,-0.0000025101306786456945
51463.88888888889,-0.00000139293998735468
51488.88888888889,-0.0000025111337869088146
51513.88888888889,-0.000001373307871643803
51538.88888888889,-0.000002487759240388243
51563.88888888889,-0.0000013718813294261167
51588.88888888889,-0.0000025016332811933495
51613.88888888889,-0.000001369854559118977
51638.88888888889,-0.000002486944923552059
51663.88888888889,-0.0000013636156233065577
51688.88888888889,-0.000002488489800001048
51713.88888888889,-0.0000013476803895073886
51738.88888888889,-0.000002470522905140271
51763.88888888889,-0.0000013473501163652202
51788.88888888889,-0.0000024919030721104463
51813.88888888889,-0.0000013487315078108963
51838.88888888889,-0.000002476436744558441
51863.88888888889,-0.0000013234853379895384
51888.88888888889,-0.0000024634904460807405
51913.88888888889,-0.0000013133398690801101
51938.88888888889,-0.000002475079926345103
51963.88888888889,-0.000001334054448687283
51988.88888888889,-0.0000024765056039210975
52013.88888888889,-0.0000012909947468831007
52038.88888888889,-0.000002432653452899558
52063.88888888889,-0.000001293471993069062
52088.88888888889,-0.0000024673262537522334
52113.88888888889,-0.0000013008822030702305
52138.88888888889,-0.0000024333025423484145
52163.88888888889,-0.00000126002493616717
52188.88888888889,-0.0000024158512210714633
52213.88888888889,-0.0000012553302020101853
52238.88888888889,-0.000002420851005657809
52263.88888888889,-0.0000012578317452049959
52288.88888888889,-0.0000024140683787532424
52313.88888888889,-0.0000012226166627993251
52338.88888888889,-0.0000023848293033701395
52363.88888888889,-0.00000121372078498716
52388.88888888889,-0.0000023938438666881723
52413.88888888889,-0.0000012019208579516771
52438.88888888889,-0.0000023767131871466063
52463.88888888889,-0.000001192833102070523
52488.88888888889,-0.000002374002690652688
52513.88888888889,-0.0000011701491826610066
52538.88888888889,-0.000002347847245287582
52563.88888888889,-0.0000011652911444670622
52588.88888888889,-0.000002358036352845261
52613.88888888889,-0.000001160089190044289
52638.88888888889,-0.0000023407205160808076
52663.88888888889,-0.0000011509767390283088
52688.88888888889,-0.0000023393584482889196
52713.88888888889,-0.000001132887978760877
52738.88888888889,-0.0000023195890872518277
52763.88888888889,-0.0000011303471019186162
52788.88888888889,-0.000002338032036197646
52813.88888888889,-0.0000011294313797538535
52838.88888888889,-0.000002321060830867694
52863.88888888889,-0.0000011035324603003716
52888.88888888889,-0.0000023074007695633725
52913.88888888889,-0.0000010925332702971247
52938.88888888889,-0.00000231728641741924
52963.88888888889,-0.0000011113744473600917
52988.88888888889,-0.000002317999282963612
53013.88888888889,-0.0000010694627656793187
53038.88888888889,-0.0000022756094155695905
53063.88888888889,-0.000001071794437201845
53088.88888888889,-0.0000023091543508435564
53113.88888888889,-0.0000010790660296411403
53138.88888888889,-0.0000022768544767348686
53163.88888888889,-0.000001040513157857248
53188.88888888889,-0.0000022611578629483375
53213.88888888889,-0.0000010370673679815923
53238.88888888889,-0.0000022671922002004408
53263.88888888889,-0.0000010409911681552586
53288.88888888889,-0.0000022624507498569812
53313.88888888889,-0.0000010088946031938661
53338.88888888889,-0.000002236208899608627
53363.88888888889,-0.000001002533800864569
53388.88888888889,-0.0000022473756955410096
53413.88888888889,-0.0000009936817677580478
53438.88888888889,-0.0000022334874740792543
53463.88888888889,-0.000000987708685507016
53488.88888888889,-0.0000022338824232637222
53513.88888888889,-0.0000009687868427477042
53538.88888888889,-0.000002211760355530501
53563.88888888889,-0.0000009673510363850113
53588.88888888889,-0.0000022251167264286664
53613.88888888889,-0.000000965765503346816
53638.88888888889,-0.0000022118828588713058
53663.88888888889,-0.0000009604375343919003
53688.88888888889,-0.000002214194652960799
53713.88888888889,-0.0000009466394685908597
53738.88888888889,-0.0000021989424108248556
53763.88888888889,-0.0000009481046407966431
53788.88888888889,-0.0000022205685932252806
53813.88888888889,-0.0000009508186800122331
53838.88888888889,-0.0000022078186276974776
53863.88888888889,-0.0000009297750598324939
53888.88888888889,-0.000002198781888784751
53913.88888888889,-0.0000009230701338847069
53938.88888888889,-0.0000022119579221602237
53963.88888888889,-0.0000009448328708305809
53988.88888888889,-0.000002216481395533876
54013.88888888889,-0.0000009082766079249183
54038.88888888889,-0.0000021795263895896255
54063.88888888889,-0.0000009143036143743899
54088.88888888889,-0.000002215614179013059
54113.88888888889,-0.0000009248295911312709
54138.88888888889,-0.0000021881085969788217
54163.88888888889,-0.0000008914047961994243
54188.88888888889,-0.0000021768096920560254
54213.88888888889,-0.0000008916671763170569
54238.88888888889,-0.000002186148574168101
54263.88888888889,-0.0000008990633486583022
54288.88888888889,-0.000002185280711941573
54313.88888888889,-0.0000008716736998870545
54338.88888888889,-0.0000021634667961567544
54363.88888888889,-0.000000869142957382607
54388.88888888889,-0.0000021779600498650353
54413.88888888889,-0.0000008642282458559691
54438.88888888889,-0.0000021681664512662735
54463.88888888889,-0.000000862117130573381
54488.88888888889,-0.0000021723204413071073
54513.88888888889,-0.0000008474895496490831
54538.88888888889,-0.00000215467984254758
54563.88888888889,-0.0000008499039305664979
54588.88888888889,-0.0000021716059275256328
54613.88888888889,-0.0000008522844330283164
54638.88888888889,-0.0000021627630195641956
54663.88888888889,-0.0000008510646543058442
54688.88888888889,-0.000002169094251547321
54713.88888888889,-0.0000008418952108790734
54738.88888888889,-0.000002158729458745512
54763.88888888889,-0.0000008478129365219189
54788.88888888889,-0.0000021840939201656084
54813.88888888889,-0.0000008547510907952471
54838.88888888889,-0.0000021762153288307218
54863.88888888889,-0.0000008392707722126858
54888.88888888889,-0.0000021726308294667263
54913.88888888889,-0.0000008378072371417744
54938.88888888889,-0.000002190210766750411
54963.88888888889,-0.0000008637395056965147
54988.88888888889,-0.0000021998715373783284
55013.88888888889,-0.0000008339085335595797
55038.88888888889,-0.0000021698465400010747
55063.88888888889,-0.0000008453482611692209
55088.88888888889,-0.00000221038316516875
55113.88888888889,-0.0000008611202784170047
55138.88888888889,-0.0000021897050312968958
55163.88888888889,-0.000000834961285445246
55188.88888888889,-0.000002185100006268925
55213.88888888889,-0.0000008413722911715382
55238.88888888889,-0.0000022003111201929215
55263.88888888889,-0.000000854892576729327
55288.88888888889,-0.000002206038364427343
55313.88888888889,-0.0000008349585878253407
55338.88888888889,-0.000002191488510216999
55363.88888888889,-0.0000008391809260821503
55388.88888888889,-0.000002212308920723771
55413.88888888889,-0.0000008411989407264286
55438.88888888889,-0.0000022096187082265573
55463.88888888889,-0.0000008459766194235385
55488.88888888889,-0.000002220559836452196
55513.88888888889,-0.0000008386200831544954
55538.88888888889,-0.000002210332701979567
55563.88888888889,-0.0000008478038895365358
55588.88888888889,-0.000002233701481779704
55613.88888888889,-0.0000008569243743483668
55638.88888888889,-0.000002231907489935736
55663.88888888889,-0.00000086237980223558
55688.88888888889,-0.0000022447135092917847
55713.88888888889,-0.0000008601305410138593
55738.88888888889,-0.0000022413752442940194
55763.88888888889,-0.0000008725056122038666
55788.88888888889,-0.000002272354662880005
55813.88888888889,-0.0000008853324320323708
55838.88888888889,-0.00000227079432568722
55863.88888888889,-0.0000008766302452833941
55888.88888888889,-0.0000022736858333871623
55913.88888888889,-0.0000008812251148793138
55938.88888888889,-0.000002296311078842095
55963.88888888889,-0.0000009117538473102371
55988.88888888889,-0.000002311260702159146
56013.88888888889,-0.0000008884859126201405
56038.88888888889,-0.000002287761242669717
56063.88888888889,-0.0000009047804179207475
56088.88888888889,-0.0000023320039514995727
56113.88888888889,-0.0000009247781200816263
56138.88888888889,-0.000002316818794145803
56163.88888888889,-0.0000009043020767762755
56188.88888888889,-0.0000023171352090400887
56213.88888888889,-0.0000009148976083395155
56238.88888888889,-0.000002336059782503952
56263.88888888889,-0.0000009321635026093844
56288.88888888889,-0.0000023457871527465812
56313.88888888889,-0.0000009168525074709777
56338.88888888889,-0.000002335506924966424
56363.88888888889,-0.0000009246926158112956
56388.88888888889,-0.0000023593927354070843
56413.88888888889,-0.0000009302014287726479
56438.88888888889,-0.0000023602267491540374
56463.88888888889,-0.00000093818098600984
56488.88888888889,-0.000002374172333619029
56513.88888888889,-0.0000009341940550022798
56538.88888888889,-0.0000023673735356499748
56563.88888888889,-0.0000009461346046624186
56588.88888888889,-0.000002393143199608261
56613.88888888889,-0.0000009579009823124096
56638.88888888889,-0.000002394265339988877
56663.88888888889,-0.000000965908697692086
56688.88888888889,-0.0000024094422714782127
56713.88888888889,-0.0000009664702125267155
56738.88888888889,-0.000002409052887397678
56763.88888888889,-0.000000981295601887311
56788.88888888889,-0.000002441740943659454
56813.88888888889,-0.0000009961467457575424
56838.88888888889,-0.0000024426931573007238
56863.88888888889,-0.000000990478817186613
56888.88888888889,-0.0000024484352412201815
56913.88888888889,-0.0000009976231858388473
56938.88888888889,-0.000002472757388183311
56963.88888888889,-0.0000010295333578991261
56988.88888888889,-0.0000024898689621188907
57013.88888888889,-0.0000010097586613522225
57038.88888888889,-0.000002469956233541737
57063.88888888889,-0.0000010281831877012593
57088.88888888889,-0.0000025153682681189338
57113.88888888889,-0.0000010499678109177069
57138.88888888889,-0.0000025033002526431147
57163.88888888889,-0.0000010329154209731684
57188.88888888889,-0.0000025064445463574003
57213.88888888889,-0.000001045754312478664
57238.88888888889,-0.000002527281399489212
57263.88888888889,-0.0000010650666275591192
57288.88888888889,-0.000002539401193102364
57313.88888888889,-0.0000010528247760266396
57338.88888888889,-0.0000025319443406335296
57363.88888888889,-0.0000010629429860742334
57388.88888888889,-0.0000025576560502837964
57413.88888888889,-0.000001070730326624414
57438.88888888889,-0.0000025608471110327713
57463.88888888889,-0.000001080792514374096
57488.88888888889,-0.0000025767132150189553
57513.88888888889,-0.0000010790792113191117
57538.88888888889,-0.0000025722425880392308
57563.88888888889,-0.0000010926980629211158
57588.88888888889,-0.000002599329638641734
57613.88888888889,-0.0000011059738758145699
57638.88888888889,-0.000002602165867005013
57663.88888888889,-0.0000011152861456587004
57688.88888888889,-0.000002618404265186669
57713.88888888889,-0.0000011172406406689817
57738.88888888889,-0.000002619448961516113
57763.88888888889,-0.000001132919107416086
57788.88888888889,-0.0000026521722609196274
57813.88888888889,-0.0000011479713282191994
57838.88888888889,-0.000002653660344353881
57863.88888888889,-0.0000011431947601892034
57888.88888888889,-0.0000026599802955828977
57913.88888888889,-0.0000011504715515808783
57938.88888888889,-0.0000026834659583307996
57963.88888888889,-0.000001181079286372011
57988.88888888889,-0.000002699853983267886
58013.88888888889,-0.0000011616765029920373
58038.88888888889,-0.000002680234553187333
58063.88888888889,-0.0000011788414606694886
58088.88888888889,-0.0000027233048289776463
58113.88888888889,-0.000001198699144167037
58138.88888888889,-0.000002710407675410309
58163.88888888889,-0.0000011809482904912016
58188.88888888889,-0.000002712134464122329
58213.88888888889,-0.0000011916598239292142
58238.88888888889,-0.0000027303864018612956
58263.88888888889,-0.000001208373604288937
58288.88888888889,-0.000002740109839916016
58313.88888888889,-0.0000011942504196671422
58338.88888888889,-0.0000027304311380760282
58363.88888888889,-0.0000012015258603614853
58388.88888888889,-0.000002752785807302871
58413.88888888889,-0.000001206300738632038
58438.88888888889,-0.000002752973436548345
58463.88888888889,-0.0000012130418691747025
58488.88888888889,-0.0000027653251353232378
58513.88888888889,-0.0000012081162894528319
58538.88888888889,-0.000002757678146503295
58563.88888888889,-0.0000012179392847588844
58588.88888888889,-0.000002780639431598786
58613.88888888889,-0.000001227292153460624
58638.88888888889,-0.0000027797818300534516
58663.88888888889,-0.0000012325678568902987
58688.88888888889,-0.000002791817185210377
58713.88888888889,-0.0000012307063999017487
58738.88888888889,-0.0000027891765266296886
58763.88888888889,-0.0000012422421276081508
58788.88888888889,-0.0000028170899735169286
58813.88888888889,-0.0000012527504307247028
58838.88888888889,-0.0000028144847910027693
58863.88888888889,-0.0000012443554142649305
58888.88888888889,-0.0000028170422452511445
58913.88888888889,-0.000001247591787878477
58938.88888888889,-0.0000028357253842870023
58963.88888888889,-0.0000012731141747490682
58988.88888888889,-0.0000028477523545955563
59013.88888888889,-0.000001250563409493921
59038.88888888889,-0.000002825089678859527
59063.88888888889,-0.0000012633864971967057
59088.88888888889,-0.000002862969124661774
59113.88888888889,-0.000001278621648115319
59138.88888888889,-0.000002846672005896167
59163.88888888889,-0.0000012577713681682923
59188.88888888889,-0.000002844794255496552
59213.88888888889,-0.0000012643690778801897
59238.88888888889,-0.000002858665733684873
59263.88888888889,-0.0000012768452468669977
59288.88888888889,-0.0000028645018248507625
59313.88888888889,-0.0000012594633993501247
59338.88888888889,-0.0000028513850347522407
59363.88888888889,-0.0000012628384991053565
59388.88888888889,-0.00000286947877592425
59413.88888888889,-0.0000012637851429797564
59438.88888888889,-0.0000028659516284612607
59463.88888888889,-0.0000012665985369419985
59488.88888888889,-0.000002874276894715422
59513.88888888889,-0.0000012579992616501556
59538.88888888889,-0.0000028630508213112194
59563.88888888889,-0.000001263702068765582
59588.88888888889,-0.0000028816183985647115
59613.88888888889,-0.0000012688754404965863
59638.8888888889,-0.0000028768120075017833
59663.8888888889,-0.0000012698755360585068
59688.88888888888,-0.0000028844084107859658
59713.88888888889,-0.0000012639219333365759
59738.88888888889,-0.0000028777766902798874
59763.88888888889,-0.0000012709897203588838
59788.88888888889,-0.000002900541430816972
59813.8888888889,-0.0000012765349377552582
59838.8888888889,-0.0000028933411209131066
59863.88888888888,-0.0000012639238209377623
59888.88888888889,-0.0000028914747580710554
59913.88888888889,-0.0000012623794560795432
59938.88888888889,-0.000002904561065442124
59963.88888888889,-0.0000012819362515958943
59988.8888888889,-0.000002911217397372212
60013.8888888889,-0.0000012550662382704303
60038.88888888888,-0.0000028842351111890707
60063.88888888888,-0.0000012622295317843424
60088.88888888889,-0.000002915543379167218
60113.88888888889,-0.0000012713260744146027
60138.88888888889,-0.000002894170069378532
60163.8888888889,-0.0000012455871993832801
60188.8888888889,-0.0000028868324739583784
60213.88888888888,-0.0000012461458265278225
60238.88888888888,-0.0000028943281946691712
60263.88888888889,-0.0000012522991688079799
60288.88888888889,-0.000002894105817441428
60313.88888888889,-0.0000012293847657662837
60338.8888888889,-0.0000028752331948656007
60363.8888888889,-0.0000012265137787625946
60388.88888888888,-0.0000028867045713809603
60413.88888888888,-0.0000012212138773559644
60438.88888888889,-0.000002877021728631135
60463.88888888889,-0.0000012176580121980862
60488.88888888889,-0.0000028788896786480223
60513.8888888889,-0.0000012029462879148412
60538.8888888889,-0.0000028616671663428406
60563.88888888888,-0.000001202174590542171
60588.88888888888,-0.000002873551365745186
60613.88888888889,-0.0000012009243506305722
60638.88888888889,-0.0000028626104824347465
60663.88888888889,-0.0000011955574199529195
60688.88888888889,-0.000002863780222739365
60713.8888888889,-0.0000011836084210514741
60738.88888888888,-0.0000028513688108411372
60763.88888888888,-0.0000011845632383877813
60788.88888888889,-0.000002867507068682329
60813.88888888889,-0.000001183789932079904
60838.88888888889,-0.000002854492613391102
60863.88888888889,-0.0000011658828078520145
60888.8888888889,-0.0000028473053217403788
60913.88888888888,-0.0000011588405051110584
60938.88888888888,-0.0000028542918131257977
60963.88888888889,-0.0000011721213606374903
60988.88888888889,-0.0000028554273479031167
61013.88888888889,-0.0000011409163500619712
61038.88888888889,-0.0000028243018703744127
61063.8888888889,-0.0000011428484856246257
61088.88888888888,-0.0000028497018884632297
61113.88888888888,-0.0000011466319860264917
61138.88888888889,-0.000002824216104091448
61163.88888888889,-0.0000011171438341062156
61188.88888888889,-0.0000028127722357940144
61213.88888888889,-0.0000011132173287631275
61238.8888888889,-0.000002815638193931491
61263.88888888888,-0.0000011149539185240087
61288.88888888888,-0.0000028114159635883595
61313.88888888889,-0.000001088685885219931
61338.88888888889,-0.0000027891279850145168
61363.88888888889,-0.000001082066738877785
61388.88888888889,-0.000002796627766699089
61413.8888888889,-0.0000010732640569610652
61438.88888888888,-0.0000027836401976788494
61463.88888888888,-0.0000010662947207418227
61488.88888888889,-0.0000027821028456553876
61513.88888888889,-0.0000010485771133605937
61538.88888888889,-0.0000027620525575589028
61563.88888888889,-0.0000010445757407939738
61588.8888888889,-0.000002770555711295586
61613.88888888888,-0.0000010402187478053548
61638.88888888888,-0.000002756803697989696
61663.88888888889,-0.0000010318238281570302
61688.88888888889,-0.0000027548909407038025
61713.88888888889,-0.000001017187496010763
61738.88888888889,-0.000002739981717514439
61763.8888888889,-0.0000010152906060323375
61788.88888888888,-0.0000027527393422488444
61813.88888888888,-0.0000010113677890721817
61838.88888888889,-0.0000027370014290539757
61863.88888888889,-0.0000009911629363923424
61888.88888888889,-0.0000027274275231636835
61913.88888888889,-0.0000009814762655935283
61938.8888888889,-0.0000027311094548121417
61963.8888888889,-0.0000009911872969059488
61988.88888888888,-0.0000027293043332043965
62013.88888888889,-0.0000009580699054101416
62038.88888888889,-0.000002696351395714558
62063.88888888889,-0.0000009570320069762772
62088.88888888889,-0.0000027180327131226534
62113.8888888889,-0.0000009575530655059339
62138.8888888889,-0.0000026903262984045995
62163.88888888888,-0.0000009260871893790323
62188.88888888889,-0.0000026764696376968544
62213.88888888889,-0.0000009192847709726948
62238.88888888889,-0.000002676231975584642
62263.88888888889,-0.0000009180280571285948
62288.8888888889,-0.0000026693351786732933
62313.8888888889,-0.0000008896165417660029
62338.88888888888,-0.0000026447795185013945
62363.88888888889,-0.0000008803465938456156
62388.88888888889,-0.000002649366536600084
62413.88888888889,-0.0000008690233803676506
62438.88888888889,-0.0000026340110985678677
62463.8888888889,-0.000000859549588838604
62488.8888888889,-0.0000026299607798208058
62513.88888888888,-0.0000008396835107227218
62538.88888888889,-0.0000026079323853789305
62563.88888888889,-0.0000008333291277029531
62588.88888888889,-0.0000026139610878050945
62613.88888888889,-0.0000008267831526076463
62638.8888888889,-0.0000025983395421924627
62663.8888888889,-0.0000008163555247353571
62688.88888888888,-0.000002594402868760781
62713.88888888889,-0.000000800135499412491
62738.88888888889,-0.0000025781720689455057
62763.88888888889,-0.0000007966598947195536
62788.88888888889,-0.0000025889400947498586
62813.8888888889,-0.0000007910561492519008
62838.8888888889,-0.000002572038106718466
62863.88888888888,-0.0000007702054947156256
62888.88888888889,-0.0000025618608405775234
62913.88888888889,-0.0000007597851188201332
62938.88888888889,-0.0000025643068704006566
62963.88888888889,-0.0000007681331177789019
62988.8888888889,-0.000002561878498230641
63013.8888888889,-0.000000735507361016019
63038.88888888888,-0.0000025296401147123504
63063.88888888889,-0.0000007342305077262523
63088.88888888889,-0.000002550507908205546
63113.88888888889,-0.0000007345038988137986
63138.88888888889,-0.000002523684672128823
63163.8888888889,-0.0000007042845118210295
63188.8888888889,-0.000002510794246513015
63213.88888888888,-0.0000006981261377880799
63238.88888888889,-0.0000025111069972272304
63263.88888888889,-0.0000006976348652099063
63288.88888888889,-0.0000025053926575591134
63313.88888888889,-0.0000006710053199743271
63338.8888888889,-0.000002482599608555347
63363.8888888889,-0.0000006632147844243264
63388.88888888888,-0.000002488500108865921
63413.88888888889,-0.0000006536389620670491
63438.88888888889,-0.0000024750992249078507
63463.88888888889,-0.0000006460337707014929
63488.88888888889,-0.000002472952612686541
63513.8888888889,-0.0000006284406353085359
63538.8888888889,-0.0000024533797224890463
63563.88888888888,-0.0000006241892103187041
63588.88888888889,-0.000002461396839903429
63613.88888888889,-0.0000006198836126625196
63638.88888888889,-0.000002448295503665321
63663.88888888889,-0.0000006117790645188137
63688.8888888889,-0.0000024466485815111128
63713.8888888889,-0.0000005982083406408378
63738.88888888888,-0.0000024332582824193594
63763.88888888889,-0.0000005972477359339479
63788.88888888889,-0.000002446067342454228
63813.88888888889,-0.0000005938743421474157
63838.88888888889,-0.0000024317932010298193
63863.8888888889,-0.0000005760362284945586
63888.8888888889,-0.0000024245634224762114
63913.88888888888,-0.0000005683081107932253
63938.88888888888,-0.000002429095672162873
63963.88888888889,-0.0000005784821202059476
63988.88888888889,-0.000002429069613674173
64013.88888888889,-0.0000005491798142909232
64038.8888888889,-0.0000024002303278258807
64063.8888888889,-0.0000005502445645788612
64088.88888888888,-0.0000024227484420880074
64113.88888888888,-0.0000005525555992758058
64138.88888888889,-0.0000023989002944091453
64163.88888888889,-0.0000005255127171199803
64188.88888888889,-0.0000023887836455571687
64213.8888888889,-0.000000521675608045058
64238.8888888889,-0.0000023911971733792114
64263.88888888888,-0.0000005233541804372521
64288.88888888888,-0.000002387929995295579
64313.88888888889,-0.00000049961474091198
64338.88888888889,-0.0000023678998515297423
64363.88888888889,-0.0000004942052547196596
64388.8888888889,-0.00000237592958085564
64413.8888888889,-0.0000004870713936622195
64438.88888888888,-0.0000023650866798341497
64463.88888888888,-0.0000004818609806722662
64488.88888888889,-0.000002365305261653461
64513.88888888889,-0.00000046691968003109707
64538.88888888889,-0.000002348511061400771
64563.88888888889,-0.0000004650677019046867
64588.8888888889,-0.000002358791943546379
64613.88888888888,-0.0000004632383352465297
64638.88888888888,-0.0000023484211657542886
64663.88888888889,-0.0000004576665673106106
64688.88888888889,-0.000002349284394354001
64713.88888888889,-0.00000044695895184965195
64738.88888888889,-0.000002338968713377909
64763.8888888889,-0.00000044878791638502946
64788.88888888888,-0.0000023541547031769028
64813.88888888888,-0.00000044800543586021035
64838.88888888889,-0.000002342907830188423
64863.88888888889,-0.00000043361921409079685
64888.88888888889,-0.0000023391410375328547
64913.88888888889,-0.00000042917033482581246
64938.8888888889,-0.000002346446951628778
64963.88888888888,-0.00000044194011228348984
64988.88888888888,-0.0000023496534700129246
65013.88888888889,-0.00000041682984641688847
65038.88888888889,-0.000002325167606676004
65063.88888888889,-0.00000042132007282980055
65088.88888888889,-0.0000023505383888178244
65113.8888888889,-0.00000042693162094487036
65138.88888888888,-0.0000023309728502951543
65163.88888888888,-0.00000040444413151874414
65188.88888888889,-0.000002325112333778634
65213.88888888889,-0.0000004045007606645612
65238.88888888889,-0.0000023312849144474512
65263.88888888889,-0.00000041006670370435927
65288.8888888889,-0.0000023322374247403133
65313.88888888888,-0.00000039101769511162843
65338.88888888888,-0.0000023168318183941494
65363.88888888889,-0.00000038990726825005595
65388.88888888889,-0.000002328963027320441
65413.88888888889,-0.00000038719291350908236
65438.88888888889,-0.000002322673659627128
65463.8888888889,-0.00000038638652455347255
65488.8888888889,-0.0000023272756883851997
65513.88888888888,-0.00000037608869751792895
65538.88888888889,-0.0000023152334915899075
65563.88888888889,-0.00000037859893153857627
65588.88888888889,-0.0000023297184665871384
65613.88888888889,-0.00000038112642619658743
65638.88888888889,-0.000002323895489375616
65663.88888888889,-0.0000003798449454972541
65688.88888888889,-0.000002328961281605757
65713.88888888889,-0.0000003735924478664998
65738.88888888889,-0.0000023232222101654543
65763.88888888889,-0.0000003796238621234238
65788.88888888889,-0.0000023421149899505167
65813.88888888889,-0.00000038262813761846814
65838.88888888889,-0.000002334959243732726
65863.88888888889,-0.0000003726122252967201
65888.88888888889,-0.000002335453218371697
65913.88888888889,-0.00000037210262826548046
65938.88888888889,-0.0000023460756659599014
65963.88888888889,-0.00000038786681444413773
65988.88888888889,-0.0000023527449664051403
66013.88888888889,-0.00000036698196526074867
66038.88888888889,-0.0000023324926639034516
66063.88888888889,-0.00000037466092628335446
66088.88888888889,-0.0000023603540431071934
66113.88888888889,-0.00000038302918614618875
66138.88888888889,-0.0000023443356313990193
66163.88888888889,-0.0000003641961061617849
66188.88888888889,-0.00000234170252144672
66213.88888888889,-0.00000036698122962697255
66238.88888888889,-0.0000023503385915280006
66263.88888888889,-0.00000037499038940680407
66288.88888888889,-0.000002353926624509839
66313.88888888889,-0.0000003588911314800214
66338.88888888889,-0.0000023412946252854283
66363.88888888889,-0.0000003601254299212542
66388.88888888889,-0.0000023554841024342466
66413.88888888889,-0.0000003596656683590993
66438.88888888889,-0.0000023514916560607446
66463.88888888889,-0.0000003609258134584792
66488.88888888889,-0.0000023580734842543194
66513.88888888889,-0.0000003527840122252712
66538.88888888889,-0.0000023482396733776056
66563.88888888889,-0.0000003570807205477422
66588.88888888889,-0.00000236432968780953
66613.88888888889,-0.0000003613245265210452
66638.88888888889,-0.0000023603886387668638
66663.88888888889,-0.0000003616624975055771
66688.88888888889,-0.0000023669951165761205
66713.88888888889,-0.00000035719540414369533
66738.88888888889,-0.0000023631826084891117
66763.88888888889,-0.00000036481519161135623
66788.88888888889,-0.0000023832257518563438
66813.88888888889,-0.000000369073586359292
66838.88888888889,-0.000002377668507191899
66863.88888888889,-0.0000003609753709277186
66888.88888888889,-0.0000023800458697209592
66913.88888888889,-0.00000036209703679901395
66938.88888888889,-0.000002391774978072192
66963.88888888889,-0.0000003787266857901983
66988.88888888889,-0.000002399843282985259
67013.88888888889,-0.00000036004748604767656
67038.88888888889,-0.0000023818938941211343
67063.88888888889,-0.00000036911072598400096
67088.88888888889,-0.00000241056092376013
67113.88888888889,-0.00000037861737878230883
67138.88888888889,-0.0000023965271327419657
67163.88888888889,-0.00000036195423414042693
67188.88888888889,-0.0000023957461061652197
67213.88888888889,-0.00000036618823950895774
67238.88888888889,-0.000002405660594728687
67263.88888888889,-0.0000003755254083248616
67288.88888888889,-0.0000024108373548603623
67313.88888888889,-0.0000003613720387374286
67338.88888888889,-0.000002400049941897464
67363.88888888889,-0.00000036409144477111965
67388.88888888889,-0.0000024155076359111405
67413.88888888889,-0.00000036512098922081293
67438.88888888889,-0.0000024130849172188107
67463.88888888889,-0.00000036775346701212186
67488.88888888889,-0.000002420983250095432
67513.88888888889,-0.00000036110209311601693
67538.88888888889,-0.000002412699436460386
67563.88888888889,-0.000000366539526508447
67588.88888888889,-0.0000024297529601646772
67613.88888888889,-0.00000037182746992492355
67638.88888888889,-0.0000024269897278550445
67663.88888888889,-0.00000037305051603375716
67688.88888888889,-0.00000243436956171017
67713.88888888889,-0.000000369535761768347
67738.88888888889,-0.0000024315959457066327
67763.88888888889,-0.0000003778008759169893
67788.88888888889,-0.0000024517979373417376
67813.88888888889,-0.00000038222665721399096
67838.88888888889,-0.0000024466611239226665
67863.88888888889,-0.0000003747636954098965
67888.88888888889,-0.0000024495587698236676
67913.88888888889,-0.0000003760557252263652
67938.88888888889,-0.0000024608559219263526
67963.88888888889,-0.00000039190909739694746
67988.88888888889,-0.0000024685593453810384
68013.88888888889,-0.00000037352250092936856
68038.88888888889,-0.0000024508915692500466
68063.88888888889,-0.0000003818706404423722
68088.88888888889,-0.000002478181746923269
68113.88888888889,-0.0000003901980449860787
68138.88888888889,-0.000002463673791641696
68163.88888888889,-0.0000003731262248063416
68188.88888888889,-0.0000024620824496945914
68213.88888888889,-0.000000376052974759844
68238.88888888889,-0.0000024704337457936987
68263.88888888889,-0.0000003837730842004561
68288.88888888889,-0.000002474161006960074
68313.88888888889,-0.0000003684175109430754
68338.88888888889,-0.0000024620041361167466
68363.88888888889,-0.0000003693463004328379
68388.88888888889,-0.0000024754084435585355
68413.88888888889,-0.00000036846630480091846
68438.88888888889,-0.0000024711091199947077
68463.88888888889,-0.0000003689847953847192
68488.88888888889,-0.000002476814015217599
68513.88888888889,-0.0000003602721059259295
68538.88888888889,-0.0000024665147317914915
68563.88888888889,-0.00000036329006580793077
68588.88888888889,-0.0000024809882666065874
68613.88888888889,-0.00000036607641673569447
68638.88888888889,-0.0000024758728176532685
68663.88888888889,-0.00000036468573227921297
68688.88888888889,-0.00000248057451157635
68713.88888888889,-0.0000003587017043393814
68738.88888888889,-0.0000024754760987732993
68763.88888888889,-0.0000003643182147072821
68788.88888888889,-0.0000024926352069076785
68813.88888888889,-0.0000003657691338698754
68838.88888888889,-0.000002484854188633534
68863.88888888889,-0.0000003559521870588611
68888.88888888889,-0.000002485392827988875
68913.88888888889,-0.00000035463691849813017
68938.88888888889,-0.0000024936108222739506
68963.88888888889,-0.00000036717944640329847
68988.88888888889,-0.000002498517135629541
69013.88888888889,-0.0000003467338269835807
69038.88888888889,-0.0000024789033445937747
69063.88888888889,-0.0000003522930234201027
69088.88888888889,-0.000002502893981848331
69113.88888888889,-0.0000003576196025978362
69138.88888888889,-0.0000024861852494506564
69163.88888888889,-0.0000003385242703934921
69188.88888888889,-0.0000024823111381966356
69213.88888888889,-0.0000003387985723080078
69238.88888888889,-0.0000024878832109997973
69263.88888888889,-0.00000034379007329832234
69288.88888888889,-0.000002489155236373719
69313.88888888889,-0.0000003263067249736906
69338.88888888889,-0.000002474814420283522
69363.88888888889,-0.00000032473398769994333
69388.88888888889,-0.00000248556050719273
69413.88888888889,-0.0000003214028163611715
69438.88888888889,-0.0000024789203287856054
69463.88888888889,-0.0000003194130930861405
69488.88888888889,-0.000002482108005130712
69513.88888888889,-0.0000003083530553116276
69538.88888888889,-0.0000024695557558906955
69563.88888888889,-0.0000003087645001897954
69588.88888888889,-0.0000024813074370744204
69613.88888888889,-0.00000030891829072565713
69638.88888888889,-0.0000024737205672753504
69663.88888888889,-0.00000030480497903440096
69688.88888888889,-0.0000024756452121632577
69713.88888888889,-0.0000002962307457110569
69738.88888888889,-0.0000024680908414786984
69763.88888888889,-0.00000029905366827343016
69788.88888888889,-0.0000024820558179872165
69813.88888888889,-0.00000029732776818391926
69838.88888888889,-0.000002471383339086586
69863.88888888889,-0.00000028485033398695236
69888.88888888889,-0.0000024692198368203577
69913.88888888889,-0.0000002805295598040658
69938.88888888889,-0.0000024739248207783504
69963.88888888889,-0.00000028926659023653656
69988.88888888889,-0.000002475463728668359
70013.88888888889,-0.0000002660890554562201
70038.88888888889,-0.0000024531666504845617
70063.88888888889,-0.0000002680814308320123
70088.88888888889,-0.0000024730367131908793
70113.88888888889,-0.00000026949371756401774
70138.88888888889,-0.000002453118236989127
70163.88888888889,-0.00000024728654057781796
70188.88888888889,-0.000002445827706143433
70213.88888888889,-0.0000002437174539959841
70238.88888888889,-0.0000024473818609482834
70263.88888888889,-0.0000002446751747875453
70288.88888888889,-0.0000024448382660580137
70313.88888888889,-0.00000022363056717544794
70338.88888888889,-0.0000024268482958778037
70363.88888888889,-0.0000002180604461443636
70388.88888888889,-0.000002433426033787711
70413.88888888889,-0.00000021072259648313718
70438.88888888889,-0.0000024228731489994715
70463.88888888889,-0.00000020464013172905027
70488.88888888889,-0.000002421963664067661
70513.88888888889,-0.00000018963777104197277
70538.88888888889,-0.000002405576402964016
70563.88888888889,-0.00000018588725536616835
70588.88888888889,-0.0000024130906057795443
70613.88888888889,-0.00000018191209516515983
70638.88888888889,-0.0000024015741661997936
70663.88888888889,-0.000000173666595104649
70688.88888888889,-0.0000023993783813125447
70713.88888888889,-0.00000016120591594948053
70738.88888888889,-0.000002388147178455924
70763.88888888889,-0.0000001600965917614161
70788.88888888889,-0.000002397884456772914
70813.88888888889,-0.00000015423248078683116
70838.88888888889,-0.000002383450985909974
70863.88888888889,-0.00000013831156042698467
70888.88888888889,-0.000002377922807994537
70913.88888888889,-0.00000013043148183733422
70938.88888888889,-0.000002378698618965558
70963.88888888889,-0.00000013506485996295226
70988.88888888889,-0.0000023766845165251738
71013.88888888889,-0.00000010905879643807737
71038.88888888889,-0.000002351738616956922
71063.88888888889,-0.00000010767203395545266
71088.88888888889,-0.0000023678301155349857
71113.88888888889,-0.00000010561738017500488
71138.88888888889,-0.0000023452528190581745
71163.88888888889,-0.00000008096357451137237
71188.88888888889,-0.0000023353559583938477
71213.88888888889,-0.00000007448799466125422
71238.88888888889,-0.000002333960962719317
71263.88888888889,-0.00000007258637757523445
71288.88888888889,-0.0000023288861883408174
71313.88888888889,-0.00000004934758757180191
71338.88888888889,-0.000002308727515609732
71363.88888888889,-0.000000041363041658470934
71388.88888888889,-0.000002312827604988854
71413.88888888889,-0.000000031774138209428315
71438.88888888889,-0.0000023001982496495543
71463.88888888889,-0.000000023504890922509958
71488.88888888889,-0.0000022971706579166806
71513.88888888889,-0.000000006578529054834803
71538.88888888889,-0.000002279018664452792
71563.88888888889,-0.0000000007856462147515231
71588.88888888889,-0.0000022844625453544154
71613.88888888889,0.000000005139057179803785
71638.88888888889,-0.000002271211747562063
71663.88888888889,0.000000015311385936911392
71688.88888888889,-0.0000022671136092888844
71713.88888888889,0.000000029460535122538545
71738.88888888889,-0.000002254396671341752
71763.88888888889,0.0000000323253908085519
71788.88888888889,-0.0000022620775372850233
71813.88888888889,0.000000040205745399646275
71838.88888888889,-0.0000022459633186588945
71863.88888888889,0.0000000575477212549913
71888.88888888889,-0.000002239057554476176
71913.88888888889,0.00000006705627897396482
71938.88888888889,-0.0000022377983814880764
71963.88888888889,0.00000006469517122020818
71988.88888888889,-0.0000022339893648304354
72013.88888888889,0.00000009187303029456473
72038.88888888889,-0.0000022079865773516616
72063.88888888889,0.00000009509466325496874
72088.88888888889,-0.000002221796341350668
72113.88888888889,0.0000000992148001532911
72138.88888888889,-0.0000021978663897748163
72163.88888888889,0.00000012509366409396705
72188.88888888889,-0.0000021865330586123832
72213.88888888889,0.0000001333722343677124
72238.88888888889,-0.0000021832372383290277
72263.88888888889,0.00000013716024871435195
72288.88888888889,-0.00000217654145706625
72313.88888888889,0.00000016176554140656663
72338.88888888889,-0.0000021549989588365293
72363.88888888889,0.00000017142486452570438
72388.88888888889,-0.000002157333167662756
72413.88888888889,0.00000018261251244489074
72438.88888888889,-0.0000021432490402428783
72463.88888888889,0.00000019247770821628762
72488.88888888889,-0.0000021386817794510904
72513.88888888889,0.00000021078347378633566
72538.88888888889,-0.000002119304096881436
72563.88888888889,0.00000021807667138773468
72588.88888888889,-0.0000021232379037172677
72613.88888888889,0.00000022539498911733347
72638.88888888889,-0.0000021088247261769055
72663.88888888889,0.0000002369007146008073
72688.88888888889,-0.0000021034584993806504
72713.88888888889,0.0000002520841226871795
72738.88888888889,-0.0000020899588926148738
72763.88888888889,0.0000002559505181132238
72788.88888888889,-0.000002096412068164355
72813.88888888889,0.00000026497722904750276
72838.88888888889,-0.0000020795498438808124
72863.88888888889,0.0000002827531286886398
72888.88888888889,-0.0000020723420914858792
72913.88888888889,0.00000029274129320633335
72938.88888888889,-0.0000020702997776123055
72963.88888888889,0.0000002913192946873977
72988.88888888889,-0.0000020661098869556582
73013.88888888889,0.00000031819966173074477
73038.88888888889,-0.0000020406165686104316
73063.88888888889,0.00000032157774665364514
73088.88888888889,-0.000002053940370894125
73113.88888888889,0.00000032589885279321607
73138.88888888889,-0.000002030594093316296
73163.88888888889,0.00000035098976014502625
73188.88888888889,-0.00000201994567494701
73213.88888888889,0.00000035886284011077407
73238.88888888889,-0.00000201705365721061
73263.88888888889,0.00000036216467380612016
73288.88888888889,-0.0000020111856504634318
73313.88888888889,0.00000038564108972849453
73338.88888888889,-0.000001990833320864027
73363.88888888889,0.00000039433714049685875
73388.88888888889,-0.0000019941128703848676
73413.88888888889,0.0000004043827552813184
73438.88888888889,-0.000001981362885095095
73463.88888888889,0.00000041302164954792886
73488.88888888889,-0.0000019781191193946057
73513.88888888889,0.0000004298384497225527
73538.88888888889,-0.0000019604053755895023
73563.88888888889,0.0000004357285807721212
73588.88888888889,-0.000001965749316878984
73613.88888888889,0.0000004415406451574455
73638.88888888889,-0.0000019530609829399026
73663.88888888889,0.00000045151545879917876
73688.88888888889,-0.000001949275022727903
73713.88888888889,0.00000046493524497037697
73738.88888888889,-0.0000019377565469991254
73763.88888888889,0.00000046708539769291235
73788.88888888889,-0.000001945665904612426
73813.88888888889,0.00000047465297314808197
73838.88888888889,-0.0000019305942993153025
73863.88888888889,0.0000004904100179281556
73888.88888888889,-0.0000019254758396591853
73913.88888888889,0.0000004985721677730481
73938.88888888889,-0.000001924892142568524
73963.88888888889,0.0000004959394452885846
73988.88888888889,-0.0000019223746003937947
74013.88888888889,0.000000520595752062647
74038.88888888889,-0.00000189922774596063
74063.88888888889,0.0000005223724675040842
74088.88888888889,-0.0000019137488014298043
74113.88888888889,0.0000005253336290422794
74138.88888888889,-0.0000018924295466238306
74163.88888888889,0.0000005483056995103652
74188.88888888889,-0.0000018837182000908115
74213.88888888889,0.000000554617692438697
74238.88888888889,-0.0000018823034875214972
74263.88888888889,0.0000005564642484578997
74288.88888888889,-0.0000018781435620063291
74313.88888888889,0.0000005780423859569339
74338.88888888889,-0.0000018596799225001348
74363.88888888889,0.0000005851537181467137
74388.88888888889,-0.0000018644691244240619
74413.88888888889,0.0000005935828104597363
74438.88888888889,-0.0000018534683405846408
74463.88888888889,0.0000006006440467221097
74488.88888888889,-0.0000018518568827285975
74513.88888888889,0.0000006157292069541853
74538.88888888889,-0.0000018360137765682794
74563.88888888889,0.0000006200419040425231
74588.88888888889,-0.0000018429283308307731
74613.88888888889,0.0000006242257746258417
74638.88888888889,-0.0000018320713013331158
74663.88888888889,0.0000006325779837723644
74688.88888888889,-0.0000018299649622299796
74713.88888888889,0.0000006441499886822299
74738.88888888889,-0.0000018205275722493752
74763.88888888889,0.0000006444705955566121
74788.88888888889,-0.000001830045828210558
74813.88888888889,0.0000006504213796443281
74838.88888888889,-0.000001816952369226854
74863.88888888889,0.000000663953654944649
74888.88888888889,-0.000001814183170578687
74913.88888888889,0.0000006699943138066544
74938.88888888889,-0.0000018154209204812588
74963.88888888889,0.0000006657443694102483
74988.88888888889,-0.0000018150313148002084
75013.88888888889,0.0000006876996612170672
75038.88888888889,-0.000001794772312102566
75063.88888888889,0.0000006872607103414197
75088.88888888889,-0.0000018111882547078295
75113.88888888889,0.0000006881295588900826
75138.88888888889,-0.0000017926719702021643
75163.88888888889,0.0000007081638202510732
75188.88888888889,-0.0000017867939161586577
75213.88888888889,0.0000007119657279286429
75238.88888888889,-0.0000017878724509756694
75263.88888888889,0.0000007113044979689676
75288.88888888889,-0.0000017865230608204996
75313.88888888889,0.000000729864044757278
75338.88888888889,-0.0000017711211945936611
75363.88888888889,0.000000734183147166334
75388.88888888889,-0.0000017786763137905837
75413.88888888889,0.0000007397356680538536
75438.88888888889,-0.00000177071155293973
75463.88888888889,0.0000007439245519602622
75488.88888888889,-0.0000017720481508831654
75513.88888888889,0.0000007559794035216783
75538.88888888889,-0.0000017593782555280768
75563.88888888889,0.000000757420748787041
75588.88888888889,-0.0000017691580107559446
75613.88888888889,0.0000007587208845638571
75638.88888888889,-0.0000017613621887679898
75663.88888888889,0.0000007642615027503297
75688.88888888889,-0.0000017620965120368481
75713.88888888889,0.0000007728897122305511
75738.88888888889,-0.0000017557925953148867
75763.88888888889,0.0000007703889874921543
75788.88888888889,-0.0000017678680610533348
75813.88888888889,0.0000007738643836852077
75838.88888888889,-0.0000017575389319457457
75863.88888888889,0.0000007844809088997096
75888.88888888889,-0.0000017577431272730593
75913.88888888889,0.0000007878711962838736
75938.88888888889,-0.0000017612620271112434
75963.88888888889,0.0000007816446241371011
75988.88888888889,-0.0000017632622646424068
76013.88888888889,0.0000008007677287924508
76038.88888888889,-0.0000017459314973766737
76063.88888888889,0.0000007981605063545061
76088.88888888889,-0.00000176411791374953
76113.88888888889,0.0000007971875086720814
76138.88888888889,-0.0000017480393068591837
76163.88888888889,0.0000008147654311230212
76188.88888888889,-0.0000017444338009653393
76213.88888888889,0.0000008167195237884783
76238.88888888889,-0.0000017472615339020336
76263.88888888889,0.0000008144021068634544
76288.88888888889,-0.0000017477841496305047
76313.88888888889,0.0000008309943844153622
76338.88888888889,-0.0000017343226355048813
76363.88888888889,0.0000008337238974753802
76388.88888888889,-0.0000017433843388925396
76413.88888888889,0.0000008377511864221532
76438.88888888889,-0.000001737046279481902
76463.88888888889,0.0000008405444109627069
76488.88888888889,-0.0000017398126002099445
76513.88888888889,0.0000008511560027901766
76538.88888888889,-0.0000017286941225158614
76563.88888888889,0.00000085138472805113
76588.88888888889,-0.0000017396668003932803
76613.88888888889,0.0000008515150160537388
76638.88888888889,-0.0000017332041408746335
76663.88888888889,0.0000008559911301997403
76688.88888888889,-0.0000017350401055882259
76713.88888888889,0.0000008634325576739599
76738.88888888889,-0.000001730129431720684
76763.88888888889,0.000000859841812639317
76788.88888888889,-0.0000017430696446218974
76813.88888888889,0.0000008625321585853385
76838.88888888889,-0.0000017338462952043443
76863.88888888889,0.0000008718752062542023
76888.88888888889,-0.0000017354367605193488
76913.88888888889,0.0000008741700079362147
76938.88888888889,-0.0000017397496532289836
76963.88888888889,0.000000867413048943888
76988.88888888889,-0.0000017427467018382714
77013.88888888889,0.0000008850746870958659
77038.88888888889,-0.0000017270415968440034
77063.88888888889,0.0000008815321757005279
77088.88888888889,-0.0000017458516581303485
77113.88888888889,0.0000008798279345079152
77138.88888888889,-0.0000017311518949458815
77163.88888888889,0.0000008959632054050815
77188.88888888889,-0.0000017288884663901882
77213.88888888889,0.0000008969453859641874
77238.88888888889,-0.0000017326643415582765
77263.88888888889,0.0000008937316622326108
77288.88888888889,-0.0000017343597653596277
77313.88888888889,0.0000009090308967785177
77338.88888888889,-0.0000017222284687257172
77363.88888888889,0.0000009107399863150789
77388.88888888889,-0.0000017322891192605994
77413.88888888889,0.000000913735856755693
77438.88888888889,-0.000001727126319961414
77463.88888888889,0.0000009155665503524091
77488.88888888889,-0.000001730927351228928
77513.88888888889,0.0000009251336867688309
77538.88888888889,-0.0000017209847482657636
77563.88888888889,0.0000009245207490682361
77588.88888888889,-0.000001732800558595926
77613.88888888889,0.0000009238535643163459
77638.88888888889,-0.0000017272963335202007
77663.88888888889,0.000000927663784233701
77688.88888888889,-0.000001729831574648344
77713.88888888889,0.0000009343658418092815
77738.88888888889,-0.00000172584942581544
77763.88888888889,0.0000009301905725678239
77788.88888888889,-0.0000017391316231574194
77813.88888888889,0.0000009326858843028418
77838.88888888889,-0.0000017303812556157538
77863.88888888889,0.0000009414594113188457
77888.88888888889,-0.0000017326168628706284
77913.88888888889,0.0000009434715675382677
77938.88888888889,-0.000001736871186430733
77963.88888888889,0.0000009371127520640954
77988.88888888889,-0.0000017398721459116473
78013.88888888889,0.0000009544087811175217
78038.88888888889,-0.0000017246386050384643
78063.88888888889,0.0000009511494258873654
78088.88888888889,-0.0000017428080001380408
78113.88888888889,0.0000009500770523640512
78138.88888888889,-0.000001728044449089694
78163.88888888889,0.0000009663016142802405
78188.88888888889,-0.0000017255439030972042
78213.88888888889,0.00000096796735249427
78238.88888888889,-0.0000017285629883012632
78263.88888888889,0.0000009656434711846629
78288.88888888889,-0.0000017295913266046625
78313.88888888889,0.0000009815754877795513
78338.88888888889,-0.0000017168260277866665
78363.88888888889,0.0000009842852715102879
78388.88888888889,-0.0000017258386655338853
78413.88888888889,0.0000009883632856588775
78438.88888888889,-0.0000017197106902955284
78463.88888888889,0.0000009914157679258295
78488.88888888889,-0.0000017223504749086516
78513.88888888889,0.0000010021793521719502
78538.88888888889,-0.000001711337711096661
78563.88888888889,0.0000010029863881655388
78588.88888888889,-0.0000017217496293131518
78613.88888888889,0.0000010037883999558517
78638.88888888889,-0.00000171495128520327
78663.88888888889,0.0000010091841300408078
78688.88888888889,-0.0000017159692184964825
78713.88888888889,0.0000010173606268537583
78738.88888888889,-0.0000017107450964726212
78763.88888888889,0.000001014743823191111
78788.88888888889,-0.0000017222895047908082
78813.88888888889,0.0000010191025412442656
78838.88888888889,-0.0000017120112427715384
78863.88888888889,0.0000010292720202809136
78888.88888888889,-0.0000017130059521974772
78913.88888888889,0.0000010328380408708426
78938.88888888889,-0.000001715455716366776
78963.88888888889,0.0000010285654639119457
78988.88888888889,-0.0000017168510018095162
79013.88888888889,0.0000010470636973014535
79038.88888888889,-0.000001700613475374979
79063.88888888889,0.0000010454785379643283
79088.88888888889,-0.0000017168598041017447
79113.88888888889,0.0000010462658805998615
79138.88888888889,-0.0000017008827688513861
79163.88888888889,0.0000010636661789131807
79188.88888888889,-0.0000016971654903663591
79213.88888888889,0.0000010669235510629704
79238.88888888889,-0.0000016986190281009783
79263.88888888889,0.0000010662384566373362
79288.88888888889,-0.0000016983181507779221
79313.88888888889,0.0000010834204287046845
79338.88888888889,-0.0000016843915746633797
79363.88888888889,0.000001087598540783219
79388.88888888889,-0.0000016919763488054684
79413.88888888889,0.000001093103851879107
79438.88888888889,-0.0000016846082873112067
79463.88888888889,0.0000010976143303143004
79488.88888888889,-0.0000016859170506311472
79513.88888888889,0.0000011097259215997468
79538.88888888889,-0.0000016737352972473474
79563.88888888889,0.0000011120260594577047
79588.8888888889,-0.0000016827209945446953
79613.88888888889,0.0000011143191533946606
79638.88888888889,-0.0000016746354847274603
79663.88888888889,0.000001121294700645592
79688.88888888889,-0.0000016741691903909839
79713.88888888889,0.0000011309333036724212
79738.88888888889,-0.0000016677302827616813
79763.8888888889,0.000001129865333071578
79788.88888888889,-0.0000016775604176899606
79813.88888888889,0.0000011361066503123851
79838.88888888889,-0.0000016657255772489776
79863.88888888889,0.000001147746886198675
79888.88888888889,-0.0000016653998733406894
79913.88888888889,0.0000011529944308197315
79938.88888888889,-0.0000016659090036341695
79963.88888888889,0.0000011509968493861322
79988.88888888889,-0.0000016654791539227887
80013.88888888889,0.000001170994365029543
80038.88888888889,-0.0000016479145488190738
80063.88888888889,0.00000117145034006505
80088.88888888889,-0.0000016618550646718688
80113.88888888889,0.000001174556119254433
80138.88888888889,-0.000001644159093094899
80163.88888888889,0.0000011937054220645393
80188.88888888889,-0.000001638633540412826
80213.88888888889,0.0000011992032271646025
80238.88888888889,-0.0000016378515581561004
80263.88888888889,0.0000012008891565606916
80288.88888888889,-0.000001635463609872545
80313.88888888889,0.0000012201465047212423
80338.88888888889,-0.0000016195378236272262
80363.88888888889,0.0000012266726381326976
80388.88888888889,-0.0000016248134020457883
80413.88888888889,0.0000012345381288358936
80438.88888888889,-0.0000016152689734649783
80463.88888888889,0.0000012414743881805634
80488.88888888889,-0.0000016142888763504004
80513.88888888889,0.0000012559251501009783
80538.88888888889,-0.00000159996214388336
80563.88888888889,0.0000012607014463483779
80588.88888888889,-0.000001606571309764604
80613.88888888889,0.0000012654474716988773
80638.88888888889,-0.0000015962682087256042
80663.88888888889,0.0000012749265054790015
80688.88888888889,-0.0000015934439472342632
80713.88888888889,0.0000012868929690768027
80738.88888888889,-0.0000015849818757462941
80763.88888888889,0.0000012881522997165717
80788.88888888889,-0.0000015923937708439695
80813.88888888889,0.000001296956811280836
80838.88888888889,-0.0000015783910394251421
80863.88888888889,0.0000013106425125197774
80888.88888888889,-0.000001576259277324965
80913.88888888889,0.0000013180089653008764
80938.88888888889,-0.0000015744883876678273
80963.88888888889,0.0000013185701732698618
80988.88888888889,-0.0000015720370973859588
81013.88888888889,0.0000013402223399960889
81038.88888888889,-0.0000015530895061122152
81063.88888888889,0.0000013426963987317464
81088.88888888889,-0.000001564860944380797
81113.88888888889,0.0000013479325728926739
81138.88888888889,-0.0000015457200503998791
81163.88888888889,0.0000013684976709615881
81188.88888888889,-0.0000015388310166120078
81213.88888888889,0.000001375725276142603
81238.88888888889,-0.000001536428352322261
81263.88888888889,0.0000013791123840700692
81288.88888888889,-0.0000015327157716349404
81313.88888888889,0.0000013996419101491853
81338.88888888889,-0.0000015156888086842457
81363.88888888889,0.0000014075642487121343
81388.88888888889,-0.000001519699610819103
81413.88888888889,0.0000014167152488919754
81438.88888888889,-0.0000015091294562896707
81463.88888888889,0.0000014248932791449676
81488.88888888889,-0.0000015071166019620108
81513.88888888889,0.00000144041327376776
81538.88888888889,-0.0000014919737794105714
81563.88888888889,0.0000014463167143929923
81588.88888888889,-0.0000014976121938126141
81613.88888888889,0.0000014521137772227632
81638.88888888889,-0.0000014865291535492986
81663.88888888889,0.000001462664996676466
81688.88888888889,-0.0000014828121448484666
81713.88888888889,0.0000014755188302295608
81738.88888888889,-0.0000014737893578864458
81763.88888888889,0.0000014776658732174042
81788.88888888889,-0.0000014802423455861913
81813.88888888889,0.0000014876214955439337
81838.88888888889,-0.0000014654817834802714
81863.88888888889,0.0000015019931018933619
81888.88888888889,-0.0000014629053022297
81913.88888888889,0.0000015101713253251603
81938.88888888889,-0.0000014601582687401304
81963.88888888889,0.000001512046737150996
81988.88888888889,-0.000001456906462804497
82013.88888888889,0.0000015342153212305476
82038.88888888889,-0.0000014376936521287575
82063.88888888889,0.0000015376431834468463
82088.88888888889,-0.0000014483479064963944
82113.88888888889,0.000001544041717371769
82138.88888888889,-0.000001428689065274824
82163.88888888889,0.0000015651727378607205
82188.88888888889,-0.000001421270321655399
82213.88888888889,0.0000015733653777605383
82238.88888888889,-0.0000014179919916035288
82263.88888888889,0.0000015777829320828829
82288.88888888889,-0.0000014136010770826601
82313.88888888889,0.0000015990186714720522
82338.88888888889,-0.0000013960255116352016
82363.88888888889,0.0000016078421776200003
82388.88888888889,-0.0000013992625302883255
82413.88888888889,0.0000016178552877388341
82438.88888888889,-0.0000013880835487700693
82463.88888888889,0.0000016269082121489475
82488.88888888889,-0.0000013854099891741356
82513.88888888889,0.0000016431780278658437
82538.88888888889,-0.0000013697797733858152
82563.88888888889,0.0000016499090773614
82588.88888888889,-0.0000013747719775913936
82613.88888888889,0.0000016564667233431862
82638.88888888889,-0.0000013632224507009738
82663.88888888889,0.0000016677946965693025
82688.88888888889,-0.0000013589478207176597
82713.88888888889,0.0000016812178871283834
82738.88888888889,-0.0000013497287048025441
82763.88888888889,0.0000016838858778456256
82788.88888888889,-0.0000013556507278966734
82813.88888888889,0.0000016945691145853203
82838.88888888889,-0.000001340612393763152
82863.88888888889,0.0000017091383237577418
82888.88888888889,-0.0000013381542540713554
82913.88888888889,0.000001717547432722455
82938.88888888889,-0.000001335093952503641
82963.88888888889,0.0000017200497162139783
82988.88888888889,-0.0000013318021105934719
83013.88888888889,0.0000017419628772774587
83038.88888888889,-0.0000013131797822474311
83063.88888888889,0.0000017454433622887677
83088.88888888889,-0.0000013237145510824888
83113.8888888889,0.000001751986398845773
83138.88888888889,-0.0000013046272755445898
83163.88888888889,0.0000017725661125567171
83188.88888888889,-0.0000012978910362004825
83213.88888888889,0.0000017804783178920758
83238.88888888889,-0.0000012950706640424414
83263.88888888889,0.0000017845690525319924
83288.8888888889,-0.0000012914364941885026
83313.88888888889,0.0000018050655752333
83338.88888888889,-0.0000012748375601834283
83363.88888888889,0.0000018132426065076146
83388.88888888889,-0.000001278926438974537
83413.88888888889,0.0000018224915880882264
83438.88888888889,-0.0000012688275590200249
83463.8888888889,0.0000018307270055473168
83488.88888888889,-0.0000012672450211415054
83513.88888888889,0.0000018460096096184486
83538.88888888889,-0.0000012529116910631188
83563.88888888889,0.0000018517928588313026
83588.88888888889,-0.0000012590785496424672
83613.88888888889,0.000001857321451304017
83638.88888888889,-0.0000012488780425368162
83663.88888888889,0.0000018676444519805102
83688.88888888889,-0.000001245851857900604
83713.88888888889,0.0000018798815011322745
83738.88888888889,-0.000001238205458831132
83763.88888888889,0.0000018813506594828056
83788.88888888889,-0.0000012453271460710624
83813.88888888889,0.0000018911033015100998
83838.88888888889,-0.0000012316604380835372
83863.88888888889,0.0000019042955554660068
83888.88888888889,-0.0000012308900245727727
83913.88888888889,0.000001911445633995257
83938.88888888889,-0.0000012289955928501684
83963.88888888889,0.0000019131800692573364
83988.88888888889,-0.0000012270296663174918
84013.88888888889,0.0000019335776764162205
84038.88888888889,-0.000001210231736825662
84063.88888888889,0.000001935956925436244
84088.88888888889,-0.0000012217815450465963
84113.88888888889,0.000001941618222867092
84138.88888888889,-0.0000012042467814055158
84163.88888888889,0.000001960767808117936
84188.88888888889,-0.0000011990491615154752
84213.88888888889,0.000001967639100319829
84238.88888888889,-0.0000011974209186416118
84263.88888888889,0.0000019707693832415885
84288.88888888889,-0.0000011951466631909824
84313.88888888889,0.00000199003019596411
84338.88888888889,-0.0000011800003409945248
84363.88888888889,0.0000019971706863852745
84388.88888888889,-0.0000011853193819799657
84413.88888888889,0.000002005372873092881
84438.88888888889,-0.0000011765691636522746
84463.88888888889,0.0000020126018596133832
84488.88888888889,-0.000001176263431768021
84513.88888888889,0.000002026793844756014
84538.88888888889,-0.0000011633311278735903
84563.88888888889,0.000002031585874862074
84588.88888888889,-0.0000011707316689424374
84613.88888888889,0.0000020360918524531257
84638.88888888889,-0.0000011618874884433694
84663.88888888889,0.000002045453336263492
84688.88888888889,-0.0000011600959479718398
84713.88888888889,0.0000020565675491468483
84738.88888888889,-0.0000011539954372086214
84763.88888888889,0.0000020568962486589015
84788.88888888889,-0.0000011623084132938999
84813.88888888889,0.000002065764709735518
84838.88888888889,-0.0000011500136738451516
84863.88888888889,0.000002077604774886055
84888.88888888889,-0.000001150970629026915
84913.88888888889,0.000002083472955938248
84938.88888888889,-0.00000115033583125701
84963.88888888889,0.000002084355865461518
84988.88888888889,-0.000001149843919856508
85013.88888888889,0.0000021031109211921972
85038.88888888889,-0.0000011350722386449519
85063.88888888889,0.0000021041768616392176
85088.88888888889,-0.0000011479361052835202
85113.88888888889,0.0000021086697650218866
85138.88888888889,-0.0000011323059851964246
85163.88888888889,0.000002126041461547601
85188.88888888889,-0.0000011290823913601145
85213.88888888889,0.0000021314355822532605
85238.88888888889,-0.0000011291646748734507
85263.88888888889,0.000002133093980782874
85288.88888888889,-0.000001128835550145979
85313.88888888889,0.0000021505525977794093
85338.88888888889,-0.0000011157847188414394
85363.88888888889,0.000002156020465937658
85388.88888888889,-0.0000011230458258904008
85413.88888888889,0.000002162490372104031
85438.88888888889,-0.0000011163922439827445
85463.88888888889,0.00000216798799135276
85488.88888888889,-0.000001118148662104801
85513.88888888889,0.0000021803433378764225
85538.88888888889,-0.00000110741346626142
85563.88888888889,0.000002183381270670637
85588.88888888889,-0.000001116860000038855
85613.88888888889,0.000002186105780399572
85638.88888888889,-0.0000011101628445420175
85663.88888888889,0.0000021937704912655676
85688.88888888889,-0.0000011103725774397333
85713.88888888889,0.00000220306541010018
85738.88888888889,-0.0000011065367873097642
85763.88888888889,0.00000220160358299637
85788.88888888889,-0.0000011167110447463102
85813.88888888889,0.000002209008159503867
85838.88888888889,-0.0000011063708309499987
85863.88888888889,0.0000022190048045711563
85888.88888888889,-0.000001109553439571087
85913.88888888889,0.0000022231891043666963
85938.88888888889,-0.0000011105817880885382
85963.88888888889,0.0000022229175740129392
85988.88888888889,-0.0000011118531650922137
86013.88888888889,0.0000022398605197260224
86038.88888888889,-0.0000010992662302644618
86063.88888888889,0.000002239551219362923
86088.88888888889,-0.0000011135014037488844
86113.88888888889,0.000002242940959851225
86138.88888888889,-0.0000010996830368537047
86163.88888888889,0.000002258744074890018
86188.88888888889,-0.0000010982175409068873
86213.88888888889,0.0000022629879805613484
86238.88888888889,-0.0000010996737218604835
86263.88888888889,0.0000022636263679043367
86288.88888888889,-0.0000011008250102584327
86313.88888888889,0.0000022798686873937157
86338.88888888889,-0.000001089280385890845
86363.88888888889,0.0000022843551330531398
86388.88888888889,-0.0000010977976749870777
86413.88888888889,0.0000022898897638068405
86438.88888888889,-0.0000010924472226836457
86463.88888888889,0.0000022945457924805623
86488.88888888889,-0.0000010953902962462791
86513.88888888889,0.0000023060389378048995
86538.88888888889,-0.0000010858961227988573
86563.88888888889,0.000002308357560654173
86588.88888888889,-0.0000010963867700386487
86613.88888888889,0.000002310385644133106
86638.8888888889,-0.0000010907831278217373
86663.88888888889,0.0000023174766350386733
86688.88888888889,-0.000001091918231610478
86713.88888888889,0.000002326096008697931
86738.88888888889,-0.0000010892579105359346
86763.88888888889,0.000002323984069851903
86788.88888888889,-0.0000011002202373600056
86813.8888888889,0.000002331055321880271
86838.88888888889,-0.0000010907695517925475
86863.88888888889,0.0000023403176114822344
86888.88888888889,-0.0000010951518618629308
86913.88888888889,0.0000023438808516296206
86938.88888888889,-0.0000010968697408131334
86963.88888888889,0.0000023434585907367023
86988.8888888889,-0.0000010989859162702231
87013.88888888889,0.000002359547138564011
87038.88888888889,-0.0000010877217184734889
87063.88888888889,0.0000023587350070908286
87088.88888888889,-0.000001102563370380949
87113.88888888889,0.000002361817011076184
87138.88888888889,-0.000001089850767632683
87163.8888888889,0.0000023767797461271556
87188.88888888889,-0.0000010895260407206564
87213.88888888889,0.000002380508123289715
87238.88888888889,-0.0000010918282280503178
87263.88888888889,0.00000238067801427988
87288.88888888889,-0.0000010940088881472576
87313.88888888889,0.000002396189219489031
87338.8888888889,-0.0000010835891539606735
87363.88888888889,0.00000240009794461038
87388.88888888889,-0.0000010930635478967332
87413.88888888889,0.0000024050365792227524
87438.88888888889,-0.0000010887701711315145
87463.88888888889,0.000002409133558645138
87488.88888888889,-0.000001092709832839489
87513.88888888889,0.0000024200058448275996
87538.88888888889,-0.0000010842991502446608
87563.88888888889,0.000002421807722363667
87588.88888888889,-0.0000010957157128288486
87613.88888888889,0.0000024233212210234
87638.88888888889,-0.000001091092366678481
87663.88888888889,0.00000243001705735324
87688.88888888889,-0.0000010930434732880911
87713.88888888889,0.0000024381487315761063
87738.88888888889,-0.0000010914326444844136
87763.88888888889,0.0000024355899146399906
87788.88888888889,-0.000001103039429128927
87813.88888888889,0.00000244256914716523
87838.88888888889,-0.000001094281842473066
87863.88888888889,0.0000024513912542101224
87888.88888888889,-0.0000010996192612022782
87913.88888888889,0.0000024546814847425935
87938.88888888889,-0.0000011017226124732105
87963.88888888889,0.0000024545201011694218
87988.88888888889,-0.0000011043032859259228
88013.88888888889,0.000002470259573783551
88038.88888888889,-0.0000010938902899049197
88063.88888888889,0.0000024695208131753077
88088.88888888889,-0.0000011088017728422273
88113.88888888889,0.0000024729607510654006
88138.88888888889,-0.0000010965483581149016
88163.88888888889,0.0000024878531954541927
88188.88888888889,-0.0000010966328964912009
88213.88888888889,0.000002491917229896501
88238.88888888889,-0.000001098965712431621
88263.88888888889,0.0000024925578370194046
88288.88888888889,-0.000001101269839542951
88313.88888888889,0.0000025083740473608174
88338.88888888889,-0.000001090980970896993
88363.88888888889,0.0000025128119465200882
88388.88888888889,-0.0000011003560995703765
88413.88888888889,0.0000025183332466038877
88438.88888888889,-0.0000010959900316187543
88463.88888888889,0.000002523110051777522
88488.88888888889,-0.000001099746672172941
88513.88888888889,0.000002534653519070673
88538.88888888889,-0.0000010911906662691706
88563.88888888889,0.0000025372615859442504
88588.88888888889,-0.00000110228745731078
88613.88888888889,0.0000025396052705239924
88638.88888888889,-0.0000010973756243704003
88663.88888888889,0.0000025472619109567773
88688.88888888889,-0.0000010988778822440537
88713.88888888889,0.00000255625656997438
88738.88888888889,-0.000001097064534993919
88763.88888888889,0.000002554573947488592
88788.88888888889,-0.0000011081030455439844
88813.88888888889,0.000002562751708623523
88838.88888888889,-0.0000010988579033366364
88863.88888888889,0.000002572379217191667
88888.88888888889,-0.0000011040319833899304
88913.88888888889,0.000002576574504642437
88938.88888888889,-0.0000011054752946382251
88963.88888888889,0.0000025777730738862914
88988.88888888889,-0.0000011075520012227003
89013.88888888889,0.000002594193736937811
89038.88888888889,-0.0000010971008417293149
89063.88888888889,0.0000025944537671573897
89088.88888888889,-0.000001111309078982714
89113.88888888889,0.0000025990796945762895
89138.88888888889,-0.0000010988237695297443
89163.88888888889,0.0000026146399692006383
89188.88888888889,-0.000001098737017812823
89213.88888888889,0.0000026196636151443187
89238.88888888889,-0.000001100631063177815
89263.88888888889,0.0000026212934518543562
89288.88888888889,-0.000001102690019738617
89313.88888888889,0.0000026378427124829074
89338.88888888889,-0.0000010922577564631553
89363.88888888889,0.000002643132682056404
89388.88888888889,-0.0000011013662968295534
89413.88888888889,0.0000026494697191736805
89438.88888888889,-0.000001096840169134694
89463.88888888889,0.000002655076304813875
89488.88888888889,-0.0000011004098214861813
89513.88888888889,0.000002667371866493795
89538.88888888889,-0.0000010917662249809723
89563.88888888889,0.0000026707998408426192
89588.88888888889,-0.0000011026696475902042
89613.88888888889,0.000002673936833064161
89638.88888888889,-0.0000010976320252709115
89663.88888888889,0.000002682483472904451
89688.88888888889,-0.0000010988834278080617
89713.88888888889,0.000002692247617730459
89738.88888888889,-0.0000010970822712508266
89763.88888888889,0.000002691330855286722
89788.88888888889,-0.0000011077817732019213
89813.88888888889,0.0000027006027223386297
89838.88888888889,-0.0000010982596139186285
89863.88888888889,0.000002710949963846687
89888.88888888889,-0.0000011034671636434012
89913.88888888889,0.000002715985779833119
89938.88888888889,-0.0000011044202048449137
89963.88888888889,0.00000271851167843451
89988.88888888889,-0.0000011061202336293263
90013.88888888889,0.0000027356403442535537
90038.88888888889,-0.0000010957009659584571
90063.88888888889,0.0000027369663613274753
90088.88888888889,-0.0000011092406568824487
90113.88888888889,0.000002742904823049841
90138.88888888889,-0.0000010964804391111471
90163.8888888889,0.0000027593331366482232
90188.88888888889,-0.000001096123680044414
90213.88888888889,0.0000027655709282647933
90238.88888888889,-0.0000010974232069749235
90263.88888888889,0.0000027685066652516355
90288.88888888889,-0.000001099017078232123
90313.88888888889,0.000002786177657032596
90338.8888888889,-0.0000010881575449595005
90363.88888888889,0.0000027927577126440895
90388.88888888889,-0.000001096674373757267
90413.88888888889,0.0000028004004488657586
90438.88888888889,-0.000001091609528547366
90463.88888888889,0.0000028073696414221416
90488.88888888889,-0.0000010945806039330819
90513.8888888889,0.000002820988030949323
90538.88888888889,-0.000001085403710243682
90563.88888888889,0.0000028258251953960922
90588.88888888889,-0.0000010956630465130957
90613.88888888889,0.0000028303562857878717
90638.88888888889,-0.0000010900362064081293
90663.88888888889,0.0000028403971024104635
90688.8888888889,-0.0000010905846647979445
90713.88888888889,0.000002851523571933967
90738.88888888889,-0.0000010883627943325536
90763.88888888889,0.0000028519343127086927
90788.88888888889,-0.0000010983323626145847
90813.88888888889,0.000002862828323957345
90838.88888888889,-0.0000010881766450143715
90863.8888888889,0.000002874377359463054
90888.88888888889,-0.000001093124278872537
90913.88888888889,0.000002880670102678451
90938.88888888889,-0.0000010933642640154062
90963.88888888889,0.0000028848647322110565
90988.88888888889,-0.0000010945400261697102
91013.88888888889,0.000002902976039775851
91038.8888888889,-0.0000010840822182167642
91063.88888888889,0.000002905543573517022
91088.88888888889,-0.0000010969933976756607
91113.88888888889,0.0000029128784591048174
91138.88888888889,-0.0000010840774515852303
91163.88888888889,0.0000029301729838060453
91188.88888888889,-0.0000010836758534971125
91213.88888888889,0.000002937515611201036
91238.88888888889,-0.0000010847118989687488
91263.88888888889,0.0000029415482847294783
91288.88888888889,-0.0000010862686805612753
91313.88888888889,0.000002960046221911483
91338.88888888889,-0.000001075500604352797
91363.88888888889,0.000002967521932628614
91388.88888888889,-0.0000010840474033990688
91413.88888888889,0.00000297599051690689
91438.88888888889,-0.0000010791430324896822
91463.88888888889,0.0000029837632788964896
91488.88888888889,-0.0000010822957896561292
91513.88888888889,0.00000299807941717134
91538.88888888889,-0.000001073426417308454
91563.88888888889,0.0000030036362925756066
91588.88888888889,-0.0000010839499366976924
91613.88888888889,0.0000030088232145786264
91638.88888888889,-0.000001078678636634578
91663.88888888889,0.0000030195874614058482
91688.88888888889,-0.0000010795042937328247
91713.88888888889,0.000003031283285714892
91738.88888888889,-0.000001077860154019561
91763.88888888889,0.0000030322121904458044
91788.88888888889,-0.0000010881130971807096
91813.88888888889,0.000003043925784540491
91838.88888888889,-0.0000010783201798147957
91863.88888888889,0.0000030558919974499332
91888.88888888889,-0.00000108399257658931
91913.88888888889,0.0000030626788403154137
91938.88888888889,-0.0000010844770750306765
91963.88888888889,0.000003067813143076137
91988.88888888889,-0.0000010860447265947926
92013.88888888889,0.000003086237037042139
92038.88888888889,-0.0000010764084754644188
92063.88888888889,0.000003089419544188843
92088.88888888889,-0.0000010895131006272152
92113.88888888889,0.0000030975873039906787
92138.88888888889,-0.0000010771849909829712
92163.88888888889,0.0000031152612691709436
92188.88888888889,-0.000001077423047446402
92213.88888888889,0.0000031232830917105048
92238.88888888889,-0.0000010788174558129526
92263.88888888889,0.0000031280568555391852
92288.88888888889,-0.0000010808887809243828
92313.88888888889,0.000003147106516054876
92338.88888888889,-0.0000010706917739078392
92363.88888888889,0.000003155263692766752
92388.88888888889,-0.0000010796961815717765
92413.88888888889,0.0000031644090467963792
92438.88888888889,-0.0000010753145374131634
92463.88888888889,0.0000031728945140141462
92488.88888888889,-0.0000010789639275365914
92513.88888888889,0.000003187872612109288
92538.88888888889,-0.0000010706669737459151
92563.88888888889,0.000003194151614760443
92588.88888888889,-0.0000010816959579162955
92613.88888888889,0.0000032000296279477425
92638.88888888889,-0.000001076988947135149
92663.88888888889,0.000003211579432615963
92688.88888888889,-0.0000010782896617822502
92713.88888888889,0.0000032239201726014244
92738.88888888889,-0.0000010774174328265218
92763.88888888889,0.0000032254383266483444
92788.88888888889,-0.0000010881640408744175
92813.88888888889,0.0000032380377750218514
92838.88888888889,-0.0000010789526962984297
92863.88888888889,0.0000032504698364022033
92888.88888888889,-0.000001085605221051722
92913.88888888889,0.000003257764393804763
92938.88888888889,-0.0000010866309698709387
92963.88888888889,0.000003263809155162889
92988.88888888889,-0.0000010889342401121382
93013.88888888889,0.0000032824795028751907
93038.88888888889,-0.0000010805127088620026
93063.88888888889,0.0000032861444154708153
93088.88888888889,-0.0000010942837487259993
93113.88888888889,0.000003294953002663803
93138.88888888889,-0.0000010830682202200848
93163.88888888889,0.0000033127587870662722
93188.88888888889,-0.0000010845485163279989
93213.88888888889,0.0000033211364565133294
93238.88888888889,-0.000001086981567199885
93263.88888888889,0.0000033262585878990336
93288.88888888889,-0.0000010903186158373046
93313.88888888889,0.000003345410001687199
93338.88888888889,-0.0000010815094093619138
93363.88888888889,0.0000033537276082906686
93388.88888888889,-0.0000010918664974379766
93413.88888888889,0.0000033629701370330167
93438.88888888889,-0.0000010889576895767306
93463.88888888889,0.00000337153518992217
93488.88888888889,-0.0000010941134125364016
93513.88888888889,0.0000033865001305422027
93538.88888888889,-0.0000010874395584004048
93563.88888888889,0.0000033927847733483674
93588.88888888889,-0.0000011000734456700911
93613.88888888889,0.0000033986099381433377
93638.88888888889,-0.0000010970500343709944
93663.88888888889,0.0000034101891206450574
93688.8888888889,-0.000001099964724637914
93713.88888888889,0.0000034224148566242008
93738.88888888889,-0.0000011010081455431475
93763.88888888889,0.000003423763600851615
93788.88888888889,-0.0000011133932407147995
93813.88888888889,0.00000343651431822245
93838.88888888889,-0.0000011058797388940889
93863.8888888889,0.0000034487104221270215
93888.88888888889,-0.000001114606682284247
93913.88888888889,0.000003455848054834121
93938.88888888889,-0.0000011172293659100774
93963.88888888889,0.000003462188152392187
93988.88888888889,-0.0000011212730317566866
94013.88888888889,0.0000034805616140332063
94038.8888888889,-0.0000011150064389564562
94063.88888888889,0.0000034842243443744536
94088.88888888889,-0.0000011303347347002557
94113.88888888889,0.000003493267158427571
94138.88888888889,-0.000001121035744011678
94163.88888888889,0.0000035108886295986963
94188.88888888889,-0.0000011244931814591297
94213.8888888889,0.000003519383436234591
94238.88888888889,-0.000001128625897184321
94263.88888888889,0.0000035247013432382346
94288.88888888889,-0.0000011338087482215542
94313.88888888889,0.0000035438990191316577
94338.88888888889,-0.0000011268836515032632
94363.88888888889,0.000003552401091955204
94388.8888888889,-0.0000011390245084896833
94413.88888888889,0.0000035618490643596346
94438.88888888889,-0.000001137940739193155
94463.88888888889,0.000003570680566777895
94488.88888888889,-0.0000011448928110002754
94513.88888888889,0.0000035858956155543353
94538.88888888889,-0.0000011400665156369172
94563.8888888889,0.0000035925102011002963
94588.88888888889,-0.0000011544891642678579
94613.88888888889,0.0000035986633113438415
94638.88888888889,-0.0000011532833588123736
94663.88888888889,0.000003610704460976777
94688.88888888889,-0.0000011579165384301149
94713.88888888889,0.0000036232865399110636
94738.8888888889,-0.0000011609581933580415
94763.88888888889,0.000003624959086678814
94788.88888888889,-0.0000011750603308158247
94813.88888888889,0.0000036383770949388605
94838.88888888889,-0.0000011693123824763063
94863.88888888889,0.000003650862050008641
94888.88888888889,-0.0000011801991883775287
94913.8888888889,0.000003658360218095069
94938.88888888889,-0.0000011845250877939861
94963.88888888889,0.0000036654987505269077
94988.88888888889,-0.0000011904438292908992
95013.88888888889,0.0000036840670332161096
95038.88888888889,-0.0000011864990856480517
95063.88888888889,0.0000036881802303323497
95088.88888888889,-0.0000012036123986369773
95113.88888888889,0.000003697876681529877
95138.88888888889,-0.0000011964944357512053
95163.88888888889,0.0000037157012908739517
95188.88888888889,-0.0000012022566313607541
95213.88888888889,0.0000037246493302944828
95238.88888888889,-0.0000012084804752454659
95263.88888888889,0.000003730452050376698
95288.88888888889,-0.000001215960558909046
95313.88888888889,0.0000037499478720004475
95338.88888888889,-0.0000012114273306718104
95363.88888888889,0.0000037588345869199458
95388.88888888889,-0.0000012259303705519642
95413.88888888889,0.0000037686467724284967
95438.88888888889,-0.0000012273002090168461
95463.88888888889,0.0000037778653858566713
95488.88888888889,-0.0000012367337935970113
95513.88888888889,0.000003793422540754321
95538.88888888889,-0.0000012344807955866344
95563.88888888889,0.0000038004294846682996
95588.88888888889,-0.0000012514680778341614
95613.88888888889,0.0000038069551968611393
95638.88888888889,-0.0000012528796671240627
95663.88888888889,0.000003819498956003642
95688.88888888889,-0.0000012600564311959772
95713.88888888889,0.000003832480363952229
95738.88888888889,-0.0000012659348989085828
95763.88888888889,0.00000383452579266752
95788.88888888889,-0.0000012826028783496923
95813.88888888889,0.0000038486885047817054
95838.88888888889,-0.0000012794525703352377
95863.88888888889,0.0000038615740260983245
95888.88888888889,-0.0000012933232758083335
95913.88888888889,0.000003869583355076145
95938.88888888889,-0.0000013001511953714129
95963.88888888889,0.0000038777223547725725
95988.88888888889,-0.0000013087088748253706
96013.88888888889,0.000003896758158150604
96038.88888888889,-0.0000013078028235913308
96063.88888888889,0.000003901654249238717
96088.88888888889,-0.000001327384260285669
96113.88888888889,0.000003912415458051655
96138.88888888889,-0.0000013230622484261545
96163.88888888889,0.000003930944183716534
96188.88888888889,-0.0000013316930667084392
96213.88888888889,0.00000394092562183701
96238.88888888889,-0.0000013405153622692012
96263.88888888889,0.0000039478812676740915
96288.88888888889,-0.0000013507374050369947
96313.88888888889,0.000003968442528812233
96338.88888888889,-0.0000013489748820205705
96363.88888888889,0.000003978564701467846
96388.88888888889,-0.0000013661707978229742
96413.88888888889,0.000003989680914751048
96438.88888888889,-0.0000013702632817302884
96463.88888888889,0.000004000311176755034
96488.88888888889,-0.0000013824017162100688
96513.88888888889,0.000004017318638638301
96538.88888888889,-0.0000013828961171746812
96563.88888888889,0.000004025896076065294
96588.88888888889,-0.0000014025970440645352
96613.88888888889,0.000004034039003064649
96638.88888888889,-0.0000014067407363427264
96663.88888888889,0.000004048393364985969
96688.88888888889,-0.0000014165611768035546
96713.88888888889,0.0000040631331514884295
96738.88888888889,-0.0000014253703184419209
96763.88888888889,0.000004066946020397921
96788.88888888889,-0.0000014447083636071056
96813.88888888889,0.000004083286240463835
96838.88888888889,-0.0000014442646267820436
96863.88888888889,0.000004098028602905757
96888.88888888889,-0.0000014612625378607191
96913.88888888889,0.00000410801450256848
96938.88888888889,-0.0000014707720539242075
96963.88888888889,0.000004118622866533528
96988.88888888889,-0.0000014821944676057797
97013.88888888889,0.000004139599395935889
97038.88888888889,-0.0000014846047866612366
97063.88888888889,0.000004146730608889371
97088.88888888889,-0.0000015070114662840695
97113.88888888889,0.000004159993395536077
97138.88888888889,-0.000001505901965126455
97163.88888888889,0.000004180647231066814
97188.88888888889,-0.00000151790481250913
97213.8888888889,0.000004193049361500556
97238.88888888889,-0.0000015299178941496905
97263.88888888889,0.000004202514819473535
97288.88888888889,-0.0000015435626374848965
97313.88888888889,0.0000042254768275462595
97338.88888888889,-0.000001545338542907615
97363.88888888889,0.000004238133895828611
97388.8888888889,-0.0000015660985670518102
97413.88888888889,0.000004251827075973935
97438.88888888889,-0.000001573871159177287
97463.88888888889,0.000004265118263901968
97488.88888888889,-0.0000015897671337139485
97513.88888888889,0.000004284810410259965
97538.88888888889,-0.0000015941439484024045
97563.8888888889,0.000004296176736362511
97588.88888888889,-0.00000161778798402068
97613.88888888889,0.00000430715058352682
97638.88888888889,-0.0000016259646826721763
97663.88888888889,0.000004324538495747987
97688.88888888889,-0.0000016398049973442852
97713.88888888889,0.000004342274755986253
97738.8888888889,-0.0000016529881963212034
97763.88888888889,0.000004349112555201984
97788.88888888889,-0.0000016765049957179201
97813.88888888889,0.000004368930813791749
97838.88888888889,-0.0000016803183415792233
97863.88888888889,0.0000043868788084378
97888.88888888889,-0.0000017020476508200488
97913.8888888889,0.000004400245199986941
97938.88888888889,-0.0000017158799106020695
97963.88888888889,0.000004414796849872005
97988.88888888889,-0.000001731839146312808
98013.88888888889,0.000004439276720447083
98038.88888888889,-0.0000017392595503817887
98063.88888888889,0.00000445028778872647
98088.8888888889,-0.0000017662197171475214
98113.88888888889,0.000004467800374108322
98138.88888888889,-0.0000017700553032184985
98163.88888888889,0.000004492443653969502
98188.88888888889,-0.0000017871852537876265
98213.88888888889,0.000004509241343653159
98238.88888888889,-0.0000018041622440456706
98263.8888888889,0.000004523313901216852
98288.88888888889,-0.0000018230176033195988
98313.88888888889,0.000004550911105960509
98338.88888888889,-0.0000018301328668091088
98363.88888888889,0.0000045684641536425374
98388.88888888889,-0.0000018562901860086356
98413.88888888889,0.000004587231862140939
98438.8888888889,-0.0000018695971952809032
98463.88888888889,0.0000046058188287734225
98488.88888888889,-0.0000018911439978452904
98513.88888888889,0.000004630971857100263
98538.88888888889,-0.0000019013344938478838
98563.88888888889,0.00000464803664645963
98588.88888888889,-0.0000019309173584503014
98613.8888888889,0.000004664886466665408
98638.88888888889,-0.0000019451811947845954
98663.88888888889,0.000004688491703985775
98688.88888888889,-0.0000019651765603700966
98713.88888888889,0.000004712540309093072
98738.88888888889,-0.0000019849630672474916
98763.88888888889,0.00000472584207411586
98788.8888888889,-0.000002015001459687582
98813.88888888889,0.000004752710852429232
98838.88888888889,-0.0000020255282029424393
98863.88888888889,0.0000047775609013367415
98888.88888888889,-0.0000020545944974248442
98913.88888888889,0.000004798122007709793
98938.88888888889,-0.000002075510328269914
98963.88888888889,0.0000048205515914556685
98988.88888888889,-0.000002098940549366546
99013.88888888889,0.000004852596020787914
99038.88888888889,-0.0000021144922688343115
99063.88888888889,0.000004871659559757546
99088.88888888889,-0.0000021493477138090356
99113.88888888889,0.000004897719839691561
99138.88888888889,-0.0000021616820318204333
99163.88888888889,0.00000493078276941894
99188.88888888889,-0.0000021877412323956236
99213.88888888889,0.000004956531823863131
99238.88888888889,-0.0000022137449826598044
99263.88888888889,0.000004979905743995872
99288.88888888889,-0.0000022421468597322303
99313.88888888889,0.000005016990031192492
99338.88888888889,-0.0000022592216069039495
99363.88888888889,0.0000050444466410670685
99388.88888888889,-0.0000022957107754795203
99413.88888888889,0.000005073473865246925
99438.88888888889,-0.000002319799380146037
99463.88888888889,0.000005102735656237201
99488.88888888889,-0.00000235258198588717
99513.88888888889,0.0000051389462583095735
99538.88888888889,-0.0000023745138626463103
99563.88888888889,0.00000516753932977565
99588.88888888889,-0.000002416336981170275
99613.88888888889,0.000005196357096615145
99638.88888888889,-0.0000024433608858398514
99663.88888888889,0.000005232567781510156
99688.88888888889,-0.0000024765815653804424
99713.88888888889,0.0000052696400443252855
99738.88888888889,-0.0000025104558785127296
99763.88888888889,0.000005296468555293643
99788.88888888889,-0.0000025549375664013496
99813.88888888889,0.000005337853010933813
99838.88888888889,-0.0000025805422079194784
99863.88888888889,0.000005377505299053453
99888.88888888889,-0.0000026257963328113476
99913.88888888889,0.000005413636344098194
99938.88888888889,-0.000002663147866677207
99963.88888888889,0.000005452845354136926
99988.88888888889,-0.0000027039346721657864
100013.88888888889,0.000005501937686336333
100038.88888888889,-0.000002738068347385436
100063.88888888889,0.000005539157716061283
100088.88888888889,-0.0000027918896772227697
100113.88888888889,0.000005584559735316574
100138.88888888889,-0.00000282443396892873
100163.88888888889,0.000005637590838158957
100188.88888888889,-0.0000028718456874798903
100213.88888888889,0.000005684649427628585
100238.88888888889,-0.0000029200659339423396
100263.88888888889,0.00000573056955421869
100288.88888888889,-0.000002972034540249524
100313.88888888889,0.000005791359740436874
100338.88888888889,-0.000003013991191735954
100363.88888888889,0.000005843984131281843
100388.88888888889,-0.0000030767382803720267
100413.88888888889,0.000005899680799004159
100438.88888888889,-0.0000031286196608970585
100463.88888888889,0.000005957275376333726
100488.88888888889,-0.000003190855719426011
100513.88888888889,0.0000060235670880093295
100538.88888888889,-0.000003244068892183094
100563.88888888889,0.000006084197327504981
100588.88888888889,-0.00000331915246221115
100613.88888888889,0.0000061471228016696244
100638.88888888889,-0.000003381580026218245
100663.88888888889,0.000006219875313018264
100688.88888888889,-0.0000034524845164973783
100713.88888888889,0.000006295880612849913
100738.8888888889,-0.000003526926489527682
100763.88888888889,0.000006364317950424692
100788.88888888889,-0.000003614590731615408
100813.88888888889,0.000006450721769191148
100838.88888888889,-0.0000036865241730410503
100863.88888888889,0.0000065383622644965556
100888.88888888889,-0.0000037820545837341513
100913.8888888889,0.000006626238520324179
100938.88888888889,-0.000003873105264728949
100963.88888888889,0.0000067217549193365755
100988.88888888889,-0.00000397209257418929
101013.88888888889,0.000006831196313727972
101038.88888888889,-0.000004069695432429299
101063.88888888889,0.000006934118572443637
101088.8888888889,-0.000004191967966082899
101113.88888888889,0.000007051232874921709
101138.88888888889,-0.000004299412708741457
101163.88888888889,0.00000718209843508788
101188.88888888889,-0.000004428831966718505
101213.88888888889,0.0000073146093118037214
101238.88888888889,-0.000004566756685253637
101263.8888888889,0.000007454440849485877
101288.88888888889,-0.000004717647668073255
101313.88888888889,0.000007618659487507173
101338.88888888889,-0.000004868945553626602
101363.88888888889,0.000007785873647803143
101388.88888888889,-0.000005053023403922552
101413.88888888889,0.000007969011551312022
101438.8888888889,-0.000005240183353016903
101463.88888888889,0.00000816906812883822
101488.88888888889,-0.000005454006978711234
101513.88888888889,0.00000839540572195041
101538.88888888889,-0.0000056780264250377854
101563.88888888889,0.000008636944843765093
101588.88888888889,-0.00000594674222242908
101613.8888888889,0.000008905630306532686
101638.88888888889,-0.00000623012345202234
101663.88888888889,0.000009214287089776008
101688.88888888889,-0.000006555018118525879
101713.88888888889,0.000009562640502114306
101738.88888888889,-0.000006924323838086721
101763.88888888889,0.000009948455081287833
101788.8888888889,-0.000007357006215569228
101813.88888888889,0.00001040907322913398
101838.88888888889,-0.000007837463866122718
101863.88888888889,0.00001094232923826155
101888.88888888889,-0.000008423472288354716
101913.88888888889,0.000011568867429367913
101938.88888888889,-0.000009111226882740908
101963.8888888889,0.000012326672676143957
101988.88888888889,-0.000009950189704621692
102013.88888888889,0.000013265388024485958
102038.88888888889,-0.000010985811490504815
102063.88888888889,0.000014433113897371896
102088.88888888889,-0.000012328580189846505
102113.88888888889,0.000015959443339763624
102138.8888888889,-0.000014080804752403253
102163.88888888889,0.00001802942496209603
102188.88888888889,-0.00001652986648514876
102213.88888888889,0.000020977667525068355
102238.88888888889,-0.00002015385935760783
102263.88888888889,0.00002553429759877268
102288.88888888889,-0.000026073935184722785
102313.8888888889,0.00003353915812853714
102338.88888888889,-0.000037502298271929746
102363.88888888889,0.000051399941271457195
102388.88888888889,-0.0000702586172540709
102413.88888888889,0.0001468845123413498
102438.88888888889,-0.00005188273267209276
102463.88888888889,-0.00009765201040790039
102488.8888888889,0.00009435006688707226
102513.88888888889,-0.00009083228533168786
102538.88888888889,0.00008520225952945992
102563.88888888889,-0.00007461647081963285
102588.88888888889,0.0000628511174665114
102613.88888888889,-0.000050830299754833774
102638.88888888889,0.00003889256968059307
102663.88888888889,-0.000027694185079196743
102688.88888888889,0.00001788883704945121
102713.88888888889,-0.000008975417832290944
102738.88888888889,0.0000018946739803737955
102763.88888888889,0.0000039114780849835995
102788.88888888889,-0.00000812095545787983
102813.88888888889,0.000011232524571136437
102838.88888888889,-0.000012867031995211775
102863.88888888889,0.000013707335782209285
102888.88888888889,-0.000013471108762930228
102913.88888888889,0.000012844256253918829
102938.88888888889,-0.000011467021935551713
102963.88888888889,0.000010011772256568463
102988.88888888889,-0.00000820613152807681
103013.88888888889,0.000006609139377111717
103038.88888888889,-0.000004856065169978052
103063.88888888889,0.000003499279476626427
103088.88888888889,-0.00000214575036650011
103113.88888888889,0.0000012820475858710267
103138.88888888889,-0.0000004360866372454808
103163.88888888889,0.00000005904516475752075
103188.88888888889,0.00000028849406819020373
103213.88888888889,-0.000000236586864543753
103238.88888888889,0.0000002606508324731749
103263.88888888889,0.000000058839392469423046
103288.88888888889,-0.00000021566798991123903
103313.88888888889,0.0000006171458035719724
103338.88888888889,-0.0000008154717188180172
103363.88888888889,0.000001172917679204133
103388.88888888889,-0.0000012732614078636573
103413.88888888889,0.0000015481122910276923
103438.88888888889,-0.0000015274158926548154
103463.88888888889,0.0000016478753210869002
103488.88888888889,-0.0000015323787418974888
103513.88888888889,0.0000015701190612116278
103538.88888888889,-0.0000013620845202844123
103563.88888888889,0.00000135756108354812
103588.88888888889,-0.0000011430380992827338
103613.88888888889,0.0000011334801688356322
103638.88888888889,-0.0000009491939205741318
103663.88888888889,0.0000009799225835216419
103688.88888888889,-0.0000008397383048919238
103713.88888888889,0.0000009290186655519506
103738.88888888889,-0.000000842193883077158
103763.88888888889,0.0000009657534481011254
103788.88888888889,-0.0000009179265758607613
103813.88888888889,0.0000010673764843094347
103838.88888888889,-0.0000010284721683184728
103863.88888888889,0.0000011718201089472302
103888.88888888889,-0.000001122909705664199
103913.88888888889,0.0000012488729617121663
103938.88888888889,-0.0000011748362263030998
103963.88888888889,0.000001266574280567312
103988.88888888889,-0.0000011693807833168535
104013.88888888889,0.0000012385793417557522
104038.88888888889,-0.0000011207239793975532
104063.88888888889,0.0000011734530258600273
104088.88888888889,-0.0000010515817909784175
104113.88888888889,0.0000011066107850066231
104138.88888888889,-0.0000009912510747778214
104163.88888888889,0.0000010526767468821419
104188.88888888889,-0.0000009568671526238859
104213.88888888889,0.000001035468758736613
104238.88888888889,-0.0000009531629920900286
104263.8888888889,0.0000010472719964571553
104288.88888888889,-0.000000978749804536605
104313.88888888889,0.000001077708989383197
104338.88888888889,-0.000001018082849357782
104363.88888888889,0.0000011139494062728517
104388.88888888889,-0.000001047004111631722
104413.88888888889,0.0000011410989881888156
104438.8888888889,-0.0000010656461801872297
104463.88888888889,0.0000011408276221480662
104488.88888888889,-0.0000010602985776042573
104513.88888888889,0.0000011280347991249329
104538.88888888889,-0.00000103455410171982
104563.88888888889,0.0000010968035988323521
104588.88888888889,-0.0000010043911435886343
104613.8888888889,0.0000010629341069545717
104638.88888888889,-0.0000009752211345137596
104663.88888888889,0.00000103780381044416
104688.88888888889,-0.0000009555845035258415
104713.88888888889,0.0000010266318335450109
104738.88888888889,-0.0000009532599336559144
104763.88888888889,0.0000010273535102633957
104788.8888888889,-0.00000096173792107912
104813.88888888889,0.0000010401840786489203
104838.88888888889,-0.0000009767904931567983
104863.88888888889,0.0000010531581831063619
104888.88888888889,-0.0000009892609775796757
104913.88888888889,0.0000010625847917111741
104938.88888888889,-0.0000009948323296260497
104963.8888888889,0.0000010600595619081332
104988.88888888889,-0.0000009891122823013632
105013.88888888889,0.0000010494756446099984
105038.88888888889,-0.000000974554331012456
105063.88888888889,0.0000010301784472144249
105088.88888888889,-0.0000009551633752824529
105113.88888888889,0.0000010108406265363357
105138.8888888889,-0.0000009376248915060614
105163.88888888889,0.0000009932099347409462
105188.88888888889,-0.0000009257600246392883
105213.88888888889,0.000000984895077937864
105238.88888888889,-0.0000009207168079061745
105263.88888888889,0.0000009832849272584099
105288.88888888889,-0.0000009233987461332305
105313.8888888889,0.0000009862394267923236
105338.88888888889,-0.0000009300815013713049
105363.88888888889,0.0000009912471916617704
105388.88888888889,-0.0000009332306605269736
105413.88888888889,0.0000009944864320932112
105438.88888888889,-0.0000009348283518395561
105463.88888888889,0.0000009890903509557347
105488.8888888889,-0.0000009294415963534419
105513.88888888889,0.0000009815101407184557
105538.88888888889,-0.0000009177093329704178
105563.88888888889,0.0000009677433723265239
105588.88888888889,-0.0000009052391056751929
105613.88888888889,0.0000009530865392459731
105638.88888888889,-0.0000008926985544110977
105663.8888888889,0.0000009412103332273603
105688.88888888889,-0.0000008827360609142687
105713.88888888889,0.0000009337290836075596
105738.88888888889,-0.0000008786708016739198
105763.88888888889,0.0000009297074163860941
105788.88888888889,-0.0000008779230249444936
105813.88888888889,0.0000009301670937933437
105838.8888888889,-0.0000008795516337478659
105863.88888888889,0.0000009304962442779896
105888.88888888889,-0.0000008803070850049721
105913.88888888889,0.0000009300122720823367
105938.88888888889,-0.000000878948266391788
105963.88888888889,0.0000009250981962694027
105988.88888888889,-0.0000008735608705290332
106013.8888888889,0.0000009177073163613159
106038.88888888889,-0.0000008650313381153296
106063.88888888889,0.0000009068840587378446
106088.88888888889,-0.0000008546435077416703
106113.88888888889,0.0000008962546009794181
106138.88888888889,-0.0000008449874320248796
106163.88888888889,0.0000008859007636363714
106188.8888888889,-0.0000008374251208032035
106213.88888888889,0.0000008794056489680457
106238.88888888889,-0.0000008323184708114439
106263.88888888889,0.0000008753893621094022
106288.88888888889,-0.0000008304027492300747
106313.88888888889,0.0000008731091158953319
106338.88888888889,-0.0000008302372822566184
106363.8888888889,0.0000008718372788152351
106388.88888888889,-0.0000008283194272706851
106413.88888888889,0.0000008700995404176126
106438.88888888889,-0.0000008262519528567935
106463.88888888889,0.0000008643900597515852
106488.88888888889,-0.0000008211995961016072
106513.88888888889,0.0000008583480877177863
106538.88888888889,-0.0000008133196898185702
106563.88888888889,0.0000008493988885582837
106588.88888888889,-0.0000008053957714082571
106613.88888888889,0.0000008400633459970663
106638.88888888889,-0.0000007973188183019175
106663.88888888889,0.0000008320003443973434
106688.88888888889,-0.0000007902227461276112
106713.88888888889,0.0000008258811992067905
106738.88888888889,-0.0000007858999970800085
106763.88888888889,0.0000008211382758194219
106788.88888888889,-0.0000007829672645787156
106813.88888888889,0.0000008186147471000993
106838.88888888889,-0.0000007811794970891128
106863.88888888889,0.0000008159433271259786
106888.88888888889,-0.0000007789868592400495
106913.88888888889,0.0000008130735413836021
106938.88888888889,-0.000000775941379593803
106963.88888888889,0.0000008080411864064274
106988.88888888889,-0.0000007710081617595677
107013.88888888889,0.0000008020406974118544
107038.88888888889,-0.0000007646276158901344
107063.88888888889,0.0000007943097000140398
107088.88888888889,-0.000000757340667734141
107113.88888888889,0.0000007867850417841993
107138.88888888889,-0.0000007504387895540532
107163.88888888889,0.0000007792349685509237
107188.88888888889,-0.0000007445339382794458
107213.88888888889,0.0000007737102361016213
107238.88888888889,-0.0000007397505112916036
107263.88888888889,0.0000007693437991118657
107288.88888888889,-0.0000007366181626888846
107313.88888888889,0.0000007658036518254363
107338.88888888889,-0.0000007344289525423875
107363.88888888889,0.0000007628533946757443
107388.88888888889,-0.0000007311967800127661
107413.88888888889,0.0000007597907987211272
107438.88888888889,-0.0000007281253913138386
107463.88888888889,0.0000007545086768701026
107488.88888888889,-0.0000007234911862941118
107513.88888888889,0.0000007493510321143759
107538.88888888889,-0.0000007173295342166597
107563.88888888889,0.0000007425574950481462
107588.88888888889,-0.0000007112884690130272
107613.88888888889,0.0000007355705076150798
107638.88888888889,-0.0000007051122512535812
107663.88888888889,0.0000007292916417434014
107688.88888888889,-0.0000006993820211853574
107713.88888888889,0.0000007240510306871784
107738.88888888889,-0.0000006952077467037299
107763.88888888889,0.0000007194604030313911
107788.8888888889,-0.0000006917250563454047
107813.88888888889,0.0000007161642188169282
107838.88888888889,-0.0000006888907346791484
107863.88888888889,0.0000007127410777130194
107888.88888888889,-0.0000006858313519320092
107913.88888888889,0.0000007093028278060132
107938.88888888889,-0.0000006823717233483961
107963.8888888889,0.0000007046294316914725
107988.88888888889,-0.000000677874605337081
108013.88888888889,0.0000006995316446101185
108038.88888888889,-0.0000006726004382340278
108063.88888888889,0.0000006934260092794631
108088.88888888889,-0.0000006668157042089007
108113.88888888889,0.0000006875024400887497
108138.8888888889,-0.0000006612676135553386
108163.88888888889,0.0000006814831949863986
108188.88888888889,-0.0000006562716514668665
108213.88888888889,0.0000006766867233221063
108238.88888888889,-0.0000006518657538201467
108263.88888888889,0.0000006725138896879201
108288.88888888889,-0.0000006484384567073675
108313.8888888889,0.0000006687923497228354
108338.88888888889,-0.0000006455881338407465
108363.88888888889,0.0000006654550361862022
108388.88888888889,-0.0000006420472253854115
108413.88888888889,0.0000006621213193280795
108438.88888888889,-0.000000638731695756789
108463.88888888889,0.0000006573907587181793
108488.8888888889,-0.0000006344886414044737
108513.88888888889,0.0000006529009219935489
108538.88888888889,-0.0000006293160053072455
108563.88888888889,0.0000006473802498518921
108588.88888888889,-0.000000624299043128218
108613.88888888889,0.0000006417527118607325
108638.88888888889,-0.0000006191742107919396
108663.8888888889,0.0000006365686258114067
108688.88888888889,-0.0000006142757273952526
108713.88888888889,0.0000006320085748079407
108738.88888888889,-0.0000006103545699964741
108763.88888888889,0.000000627788188545253
108788.88888888889,-0.0000006068185740559784
108813.88888888889,0.0000006244040957614772
108838.8888888889,-0.0000006036916360141475
108863.88888888889,0.0000006209144762792107
108888.88888888889,-0.000000600425832164575
108913.88888888889,0.0000006174690330151833
108938.88888888889,-0.0000005969562781871218
108963.88888888889,0.0000006132410419468215
108988.88888888889,-0.0000005928551420897321
109013.8888888889,0.000000608818531588895
109038.88888888889,-0.0000005882938711732066
109063.88888888889,0.0000006037491551147411
109088.88888888889,-0.0000005834173555374633
109113.88888888889,0.0000005988330498141181
109138.88888888889,-0.0000005787022578918055
109163.88888888889,0.0000005938096627744471
109188.8888888889,-0.0000005743262994073461
109213.88888888889,0.0000005895945818235049
109238.88888888889,-0.0000005702923593364773
109263.88888888889,0.0000005857478002635474
109288.88888888889,-0.0000005668944431658218
109313.88888888889,0.0000005821708943809512
109338.88888888889,-0.0000005638815796515928
109363.8888888889,0.0000005788624908298345
109388.88888888889,-0.0000005603787882613176
109413.88888888889,0.000000575597780105852
109438.88888888889,-0.0000005571000285531369
109463.88888888889,0.0000005713808421958788
109488.88888888889,-0.0000005532219540249628
109513.88888888889,0.0000005674211058792622
109538.8888888889,-0.0000005487302801032712
109563.88888888889,0.0000005627597461366207
109588.88888888889,-0.000000544392004586669
109613.88888888889,0.0000005580355009193738
109638.88888888889,-0.0000005399683939977251
109663.88888888889,0.0000005536122755778194
109688.88888888889,-0.0000005356675667478328
109713.8888888889,0.0000005495964094937023
109738.88888888889,-0.0000005320297946642683
109763.88888888889,0.0000005457699578936825
109788.88888888889,-0.000000528623589568511
109813.88888888889,0.0000005425238784884101
109838.88888888889,-0.000000525495213343774
109863.88888888889,0.000000539190640136411
109888.8888888889,-0.0000005222743182375922
109913.88888888889,0.0000005359201442622918
109938.88888888889,-0.0000005189450804632401
109963.88888888889,0.0000005321170453154167
109988.88888888889,-0.0000005152021353982406
110013.88888888889,0.0000005282280188811939
110038.88888888889,-0.0000005111668168744643
110063.8888888889,0.0000005238947258234816
110088.88888888889,-0.000000506923319099073
110113.88888888889,0.0000005196900316750686
110138.88888888889,-0.0000005027975300553322
110163.88888888889,0.0000005153837598914635
110188.88888888889,-0.0000004988958621776618
110213.88888888889,0.0000005116473482669193
110238.88888888889,-0.0000004952065100205516
110263.88888888889,0.0000005081433096520982
110288.88888888889,-0.0000004919586298335332
110313.88888888889,0.0000005048115736538961
110338.88888888889,-0.0000004889842746269579
110363.88888888889,0.0000005016771560395483
110388.88888888889,-0.0000004856450690482461
110413.88888888889,0.0000004985988670824781
110438.88888888889,-0.0000004825108532724443
110463.88888888889,0.0000004948329912490834
110488.88888888889,-0.0000004789652059411509
110513.88888888889,0.0000004913095368319631
110538.88888888889,-0.0000004749904749523637
110563.88888888889,0.0000004872806105282734
110588.88888888889,-0.0000004711568284410106
110613.88888888889,0.0000004832124882447886
110638.88888888889,-0.00000046725569680106105
110663.88888888889,0.0000004793601473540576
110688.88888888889,-0.0000004634245183154917
110713.88888888889,0.00000047578956308136355
110738.88888888889,-0.00000046006995546576945
110763.88888888889,0.00000047232799338381426
110788.88888888889,-0.0000004568634415225148
110813.88888888889,0.0000004692899169267406
110838.88888888889,-0.000000453857062598928
110863.88888888889,0.0000004661784940296343
110888.88888888889,-0.0000004507864068692413
110913.88888888889,0.0000004631323868853343
110938.88888888889,-0.00000044765857576400947
110963.88888888889,0.00000045970323947486236
110988.88888888889,-0.00000044424544465293536
111013.88888888889,0.0000004562422570852931
111038.88888888889,-0.0000004406373859122681
111063.88888888889,0.00000045245958668616026
111088.88888888889,-0.00000043688553064136215
111113.88888888889,0.0000004487847715672899
111138.88888888889,-0.00000043322438814108466
111163.88888888889,0.0000004450179036386004
111188.88888888889,-0.0000004297203373138103
111213.88888888889,0.00000044167186175059214
111238.88888888889,-0.00000042635555730363706
111263.88888888889,0.0000004384793346190463
111288.88888888889,-0.00000042331310057264204
111313.8888888889,0.00000043540202487868385
111338.88888888889,-0.000000420474552287331
111363.88888888889,0.0000004324750826345536
111388.88888888889,-0.00000041735445899249157
111413.88888888889,0.00000042960585999729517
111438.88888888889,-0.00000041441705822542474
111463.88888888889,0.0000004262182793368652
111488.8888888889,-0.0000004111839508880166
111513.88888888889,0.00000042304994574138277
111538.88888888889,-0.00000040763727970904995
111563.88888888889,0.0000004195016787278405
111588.88888888889,-0.00000040421710756355367
111613.88888888889,0.00000041592816146795997
111638.88888888889,-0.00000040074279494817233
111663.8888888889,0.00000041251613969173206
111688.88888888889,-0.0000003973091906583903
111713.88888888889,0.00000040930822486906493
111738.88888888889,-0.0000003942330735196009
111763.88888888889,0.000000406163969568496
111788.88888888889,-0.00000039125576334342327
111813.88888888889,0.00000040334133299957386
111838.8888888889,-0.0000003884287027577926
111863.88888888889,0.0000004004565943294125
111888.88888888889,-0.0000003855550216869119
111913.88888888889,0.0000003976345184231178
111938.88888888889,-0.0000003826526042693956
111963.88888888889,0.000000394525661473466
111988.88888888889,-0.00000037954493858904925
112013.8888888889,0.00000039141362817574077
112038.88888888889,-0.0000003763019775782084
112063.88888888889,0.0000003880595293992428
112088.88888888889,-0.00000037295569699224984
112113.88888888889,0.00000038479697361815113
112138.88888888889,-0.0000003696816956999527
112163.88888888889,0.0000003814526825518527
112188.8888888889,-0.0000003665225614124523
112213.88888888889,0.00000037843088973588124
112238.88888888889,-0.0000003634585046263794
112263.88888888889,0.00000037551440579264295
112288.88888888889,-0.00000036063887831616626
112313.88888888889,0.00000037267803332241556
112338.88888888889,-0.0000003579768057537791
112363.8888888889,0.0000003699597672657262
112388.88888888889,-0.0000003550912122118888
112413.88888888889,0.0000003672967394674487
112438.88888888889,-0.00000035236711370956186
112463.88888888889,0.0000003642297217165691
112488.88888888889,-0.00000034942272586491185
112513.88888888889,0.0000003613580745742695
112538.8888888889,-0.0000003462412436761042
112563.88888888889,0.000000358191142746378
112588.88888888889,-0.00000034317241404124843
112613.88888888889,0.00000035500742501248794
112638.88888888889,-0.0000003400597334834998
112663.88888888889,0.0000003519484521596894
112688.88888888889,-0.000000336971009096132
112713.8888888889,0.0000003490425577457046
112738.88888888889,-0.0000003341598124873002
112763.88888888889,0.0000003461731505893795
112788.88888888889,-0.0000003314171534984922
112813.88888888889,0.0000003435554221109527
112838.88888888889,-0.00000032879140587915856
112863.88888888889,0.00000034088429301526446
112888.8888888889,-0.00000032613107081580495
112913.88888888889,0.0000003382709694577102
112938.88888888889,-0.00000032345884237727773
112963.88888888889,0.0000003354356201690223
112988.88888888889,-0.0000003206342764627834
113013.88888888889,0.0000003326122188784808
113038.88888888889,-0.00000031771313091510933
113063.8888888889,0.0000003296006785280525
113088.88888888889,-0.0000003147156995009226
113113.88888888889,0.000000326667420891269
113138.88888888889,-0.0000003117776425920482
113163.88888888889,0.00000032366177382670003
113188.88888888889,-0.0000003089266880085262
113213.88888888889,0.0000003209104386669992
113238.8888888889,-0.00000030614290857933213
113263.88888888889,0.0000003182333645490587
113288.88888888889,-0.00000030355027402784174
113313.88888888889,0.0000003156137136084425
113338.88888888889,-0.00000030108292214947596
113363.88888888889,0.0000003130891081948306
113388.88888888889,-0.00000029843399884654787
113413.8888888889,0.00000031061588212644153
113438.88888888889,-0.00000029592764749786227
113463.88888888889,0.00000030781951387837125
113488.88888888889,-0.00000029325220829434784
113513.88888888889,0.00000030519675386919687
113538.88888888889,-0.0000002903922635688616
113563.88888888889,0.0000003023385695133385
113588.8888888889,-0.00000028763228021588816
113613.88888888889,0.00000029946931845437064
113638.88888888889,-0.00000028483603697893045
113663.88888888889,0.00000029669929801912076
113688.88888888889,-0.000000282053349787148
113713.88888888889,0.0000002940478160962101
113738.88888888889,-0.0000002794916598158892
113763.8888888889,0.00000029141646007424526
113788.88888888889,-0.000000276978546986939
113813.88888888889,0.000000288987408669783
113838.88888888889,-0.0000002745585181429533
113863.88888888889,0.00000028651240713273296
113888.88888888889,-0.00000027211182596076355
113913.88888888889,0.0000002840904156364843
113938.8888888889,-0.00000026966292510088863
113963.88888888889,0.0000002814923787397561
113988.88888888889,-0.00000026709751410614047
114013.88888888889,0.0000002789147273141168
114038.88888888889,-0.0000002644611034607891
114063.88888888889,0.0000002761874946521914
114088.88888888889,-0.00000026176661527266276
114113.88888888889,0.0000002735282573773645
114138.88888888889,-0.00000025912158641006044
114163.88888888889,0.00000027080525155653845
114188.88888888889,-0.00000025654416369036426
114213.88888888889,0.00000026828791765964866
114238.88888888889,-0.00000025401519287981955
114263.88888888889,0.00000026582444223599566
114288.88888888889,-0.0000002516391446327759
114313.88888888889,0.00000026340348058262464
114338.88888888889,-0.0000002493647910384311
114363.88888888889,0.00000026106078832022206
114388.88888888889,-0.00000024693994093993865
114413.88888888889,0.0000002587654814867335
114438.88888888889,-0.000000244641104041321
114463.88888888889,0.0000002562062983990643
114488.88888888889,-0.00000024220916228223643
114513.88888888889,0.0000002538016603548243
114538.88888888889,-0.00000023963018458417196
114563.88888888889,0.00000025120536495393253
114588.88888888889,-0.00000023714000385588463
114613.88888888889,0.0000002486019217151636
114638.88888888889,-0.0000002346194047930794
114663.88888888889,0.0000002460792170033699
114688.88888888889,-0.00000023210584898514242
114713.88888888889,0.0000002436506294500873
114738.88888888889,-0.00000022977215152764074
114763.88888888889,0.0000002412318820255166
114788.88888888889,-0.00000022747362926622827
114813.88888888889,0.00000023897915357729005
114838.8888888889,-0.00000022525086862401622
114863.88888888889,0.0000002366865201608448
114888.88888888889,-0.00000022300712410050494
114913.88888888889,0.00000023444219565682545
114938.88888888889,-0.00000022076703465323533
114963.88888888889,0.00000023205525767622248
114988.88888888889,-0.00000021843581787805988
115013.8888888889,0.00000022969304946940383
115038.88888888889,-0.00000021605133260216292
115063.88888888889,0.00000022720942993714743
115088.88888888889,-0.00000021362169144722998
115113.88888888889,0.00000022478541339410185
115138.88888888889,-0.0000002112339461124435
115163.88888888889,0.00000022230507079612494
115188.8888888889,-0.0000002088998498628314
115213.88888888889,0.00000021999441868203462
115238.88888888889,-0.00000020660137756145502
115263.88888888889,0.00000021772366420869105
115288.88888888889,-0.00000020442766501815868
115313.88888888889,0.000000215485241428226
115338.88888888889,-0.00000020233796416135874
115363.8888888889,0.0000002133124916703366
115388.88888888889,-0.00000020012141943581696
115413.88888888889,0.00000021118335413738976
115438.88888888889,-0.0000001980165513781884
115463.88888888889,0.0000002088350901097158
115488.88888888889,-0.00000019580455368206628
115513.88888888889,0.00000020662501998280902
115538.8888888889,-0.00000019347287416593417
115563.88888888889,0.00000020425636870768926
115588.88888888889,-0.00000019122010286309887
115613.88888888889,0.00000020188354632466599
115638.88888888889,-0.00000018894124753643382
115663.88888888889,0.0000001995779226326988
115688.88888888889,-0.00000018666499257413705
115713.8888888889,0.00000019734891631983942
115738.88888888889,-0.0000001845374828501889
115763.88888888889,0.0000001951234931407697
115788.88888888889,-0.00000018243555066632666
115813.88888888889,0.00000019303703724382615
115838.88888888889,-0.00000018039607185826867
115863.88888888889,0.00000019091599434695183
115888.8888888889,-0.00000017833942855816076
115913.88888888889,0.00000018883926844459609
115938.88888888889,-0.00000017628963044913348
115963.88888888889,0.00000018664527856593338
115988.88888888889,-0.00000017416684117144143
116013.88888888889,0.00000018447835947732472
116038.88888888889,-0.00000017200306978715219
116063.8888888889,0.00000018221150077657455
116088.88888888889,-0.0000001698032379149339
116113.88888888889,0.00000017999763279874514
116138.88888888889,-0.0000001676390988247789
116163.88888888889,0.00000017773409588528466
116188.88888888889,-0.0000001655180705828485
116213.88888888889,0.0000001756131731145416
116238.8888888889,-0.00000016342342190611703
116263.88888888889,0.00000017352253456337507
116288.88888888889,-0.00000016143206615915062
116313.88888888889,0.0000001714572406275039
116338.88888888889,-0.00000015951101794975386
116363.88888888889,0.00000016944802827545402
116388.88888888889,-0.0000001574814683102943
116413.8888888889,0.00000016747903219815896
116438.88888888889,-0.0000001555512292306105
116463.88888888889,0.0000001653254859679265
116488.88888888889,-0.00000015353313953525571
116513.88888888889,0.00000016329607555043424
116538.88888888889,-0.00000015141593645573437
116563.88888888889,0.000000161133548504111
116588.8888888889,-0.00000014936911219010085
116613.88888888889,0.0000001589689995196153
116638.88888888889,-0.0000001472996715712327
116663.88888888889,0.00000015686127752267964
116688.88888888889,-0.00000014522994384869037
116713.88888888889,0.00000015481707049680438
116738.88888888889,-0.00000014328513930905729
116763.8888888889,0.00000015277240184019547
116788.88888888889,-0.00000014135914527813043
116813.88888888889,0.0000001508457534438179
116838.88888888889,-0.00000013948546739861456
116863.88888888889,0.00000014888884569685956
116888.88888888889,-0.00000013759756289921654
116913.88888888889,0.0000001469725354752427
116938.8888888889,-0.00000013571841583903677
116963.88888888889,0.0000001449582860413301
116988.88888888889,-0.00000013377987673202085
117013.88888888889,0.00000014297191963663636
117038.88888888889,-0.00000013180937363799217
117063.88888888889,0.0000001409020196074806
117088.88888888889,-0.00000012980966168640862
117113.8888888889,0.0000001388795054513281
117138.88888888889,-0.00000012784078129435272
117163.88888888889,0.00000013681292698741743
117188.88888888889,-0.00000012590713227567107
117213.88888888889,0.00000013486787842076353
117238.88888888889,-0.0000001239932698737789
117263.88888888889,0.00000013294614675807281
117288.8888888889,-0.00000012216617917282235
117313.88888888889,0.00000013104469598346213
117338.88888888889,-0.00000012039872054891987
117363.88888888889,0.00000012919172998060446
117388.88888888889,-0.00000011853738079992127
117413.88888888889,0.00000012737586674305135
117438.88888888889,-0.000000116764765412114
117463.8888888889,0.00000012540264759941522
117488.88888888889,-0.000000114918962124122
117513.88888888889,0.0000001235414555100789
117538.88888888889,-0.0000001129898414831132
117563.88888888889,0.00000012156716899802689
117588.88888888889,-0.00000011112369335819494
117613.88888888889,0.0000001195925045660573
117638.8888888889,-0.00000010923766247117328
117663.88888888889,0.00000011766664975709773
117688.88888888889,-0.00000010734934452472089
117713.88888888889,0.0000001157944071739081
117738.88888888889,-0.0000001055671969840688
117763.88888888889,0.00000011391923204762122
117788.88888888889,-0.00000010379883330635664
117813.88888888889,0.00000011214570827533521
117838.88888888889,-0.00000010207472977974419
117863.88888888889,0.00000011034567148904273
117888.88888888889,-0.00000010033851771673596
117913.88888888889,0.00000010858302945671028
117938.88888888889,-0.00000009861197947103051
117963.88888888889,0.00000010673766559499143
117988.88888888889,-0.00000009683627166801045
118013.88888888889,0.00000010492027868735931
118038.88888888889,-0.0000000950351768391755
118063.88888888889,0.0000001030323113493381
118088.88888888889,-0.00000009320997396145003
118113.88888888889,0.0000001011871031408873
118138.88888888889,-0.00000009141157963910018
118163.88888888889,0.0000000993027069462471
118188.88888888889,-0.00000008964228315200273
118213.88888888889,0.00000009752321838973899
118238.88888888889,-0.00000008788789651603679
118263.88888888889,0.00000009576196879912402
118288.88888888889,-0.00000008620726510422116
118313.88888888889,0.00000009401729639257894
118338.88888888889,-0.00000008457777744830253
118363.8888888889,0.00000009231499076278737
118388.88888888889,-0.00000008286626673736919
118413.88888888889,0.00000009064693795579615
118438.88888888889,-0.00000008123444006358227
118463.88888888889,0.00000008884321278657126
118488.88888888889,-0.00000007954088676598303
118513.88888888889,0.00000008714094335005029
118538.8888888889,-0.0000000777765054582602
118563.88888888889,0.00000008534144413374634
118588.88888888889,-0.00000007606882568289564
118613.88888888889,0.00000008354266145538247
118638.88888888889,-0.00000007434365034697521
118663.88888888889,0.00000008178616051068843
118688.88888888889,-0.00000007261501400179782
118713.8888888889,0.0000000800754027530104
118738.88888888889,-0.00000007097778431663926
118763.88888888889,0.00000007835999338290378
118788.88888888889,-0.00000006935080865133614
118813.88888888889,0.0000000767329384476767
118838.88888888889,-0.00000006776187522206101
118863.88888888889,0.00000007508232635622392
118888.8888888889,-0.00000006616268355408295
118913.88888888889,0.00000007346604236069254
118938.88888888889,-0.00000006457376389157332
118963.88888888889,0.00000007177891903076272
118988.88888888889,-0.00000006294379772953107
119013.88888888889,0.00000007011914582299994
119038.88888888889,-0.00000006129361174167514
119063.8888888889,0.00000006839889987730885
119088.88888888889,-0.00000005962345928089974
119113.88888888889,0.00000006671727725837684
119138.88888888889,-0.00000005797700874943246
119163.88888888889,0.00000006500046256796566
119188.88888888889,-0.00000005635503663725672
119213.8888888889,0.00000006337500790820627
119238.8888888889,-0.000000054744517807847615
119263.88888888892,0.00000006176383315903422
119288.88888888892,-0.00000005319751328336508
119313.88888888892,0.00000006016631659555571
119338.88888888889,-0.00000005169494898815685
119363.88888888889,0.000000058606034247787875
119388.88888888889,-0.000000050120227745864554
119413.8888888889,0.00000005707732286808209
119438.8888888889,-0.000000048617508463522086
119463.8888888889,0.00000005543042869149417
119488.8888888889,-0.00000004706221590211612
119513.8888888889,0.00000005387571766490851
119538.8888888889,-0.00000004544614040646877
119563.8888888889,0.00000005223654486741225
119588.8888888889,-0.000000043881395184186545
119613.88888888892,0.000000050598846446092693
119638.88888888892,-0.00000004230119143855404
119663.88888888892,0.000000048998105350861465
119688.88888888889,-0.00000004071681192208132
119713.88888888889,0.00000004743684511865354
119738.88888888889,-0.000000039211930591420696
119763.8888888889,0.0000000458698405925162
119788.8888888889,-0.000000037714683598366605
119813.8888888889,0.00000004438037137788342
119838.8888888889,-0.00000003625046596233972
119863.8888888889,0.00000004286985544332822
119888.8888888889,-0.000000034777462021295946
119913.8888888889,0.00000004139094667010568
119938.8888888889,-0.000000033314961456198944
119963.88888888892,0.00000003985077667856274
119988.88888888892,-0.00000003181781438321707
120013.88888888892,0.000000038337066854410295
120038.88888888889,-0.000000030304420084448225
120063.88888888889,0.00000003677103888044542
120088.88888888889,-0.000000028774326477076784
120113.8888888889,0.00000003524007841093635
120138.8888888889,-0.00000002726537084996039
120163.8888888889,0.00000003367735779136183
120188.8888888889,-0.000000025777252554703978
120213.8888888889,0.000000032194908516913756
120238.8888888889,-0.000000024298032252900725
120263.8888888889,0.000000030723680932709385
120288.8888888889,-0.000000022874081739843177
120313.88888888892,0.00000002926382625112467
120338.88888888892,-0.000000021489159118814882
120363.88888888892,0.000000027836882576792732
120388.88888888892,-0.000000020040366477402927
120413.88888888889,0.00000002643902297094769
120438.88888888889,-0.00000001865701459990987
120463.8888888889,0.000000024937248710443782
120488.8888888889,-0.000000017228549920034197
120513.8888888889,0.000000023519447278630423
120538.8888888889,-0.000000015747566806112445
120563.8888888889,0.000000022027514257061398
120588.8888888889,-0.000000014313382479258507
120613.8888888889,0.000000020537465506009767
120638.8888888889,-0.000000012865613241430651
120663.88888888892,0.000000019079839930213893
120688.88888888892,-0.000000011413407552396393
120713.88888888892,0.000000017656484052608334
120738.88888888892,-0.00000001003112748421131
120763.88888888889,0.000000016226543442243724
120788.88888888889,-0.0000000086546936284293
120813.8888888889,0.000000014865037645250823
120838.8888888889,-0.0000000073073835871184656
120863.8888888889,0.000000013484439564948048
120888.8888888889,-0.000000005952670800724036
120913.8888888889,0.000000012132837401424013
120938.8888888889,-0.000000004608655679305684
120963.8888888889,0.000000010727600585624941
120988.8888888889,-0.000000003235302470372403
121013.88888888892,0.000000009347606466647562
121038.88888888892,-0.0000000018489867414928085
121063.88888888892,0.000000007921776123964719
121088.88888888892,-0.0000000004487612503822902
121113.88888888889,0.000000006527766549524472
121138.88888888889,0.000000000932304677903062
121163.8888888889,0.000000005104808353806334
121188.8888888889,0.0000000022952999501058002
121213.8888888889,0.000000003752802069101335
121238.8888888889,0.000000003651182911568185
121263.8888888889,0.000000002409512145362669
121288.8888888889,0.000000004958423227563458
121313.8888888889,0.000000001075698419228388
121338.8888888889,0.000000006230991500544292
121363.88888888892,-0.00000000022893642537269443
121388.88888888892,0.000000007560360559821788
121413.88888888892,-0.0000000015068002401363856
121438.88888888892,0.000000008829919684316678
121463.88888888889,-0.0000000028767954685093855
121488.88888888889,0.00000001013845074560038
121513.8888888889,-0.000000004170069178854874
121538.8888888889,0.000000011492665485945963
121563.8888888889,-0.0000000055289552935988695
121588.8888888889,0.000000012804010296463275
121613.8888888889,-0.000000006885698011771524
121638.8888888889,0.000000014127324421409071
121663.8888888889,-0.000000008213804081336207
121688.8888888889,0.000000015455158264288116
121713.88888888892,-0.000000009511895271430149
121738.88888888892,0.000000016720997031427487
121763.88888888892,-0.00000001081707923233921
121788.88888888892,0.000000017982348499145928
121813.88888888889,-0.000000012061395660012408
121838.88888888889,0.000000019217825109052455
121863.88888888889,-0.000000013323091296868483
121888.8888888889,0.000000020459594907151768
121913.8888888889,-0.000000014558074079573657
121938.8888888889,0.000000021690684359754187
121963.8888888889,-0.00000001584036124491206
121988.8888888889,0.00000002294684353643106
122013.8888888889,-0.000000017098614968347192
122038.8888888889,0.000000024213398841510525
122063.88888888892,-0.000000018397313006346394
122088.88888888892,0.000000025491636801433515
122113.88888888892,-0.0000000196669764918056
122138.88888888892,0.000000026752420501097163
122163.88888888889,-0.00000002096310414145819
122188.88888888889,0.000000027997405949165
122213.88888888889,-0.000000022196048776734756
122238.8888888889,0.00000002923664821352645
122263.8888888889,-0.000000023422231709702146
122288.8888888889,0.00000003043275098590925
122313.8888888889,-0.000000024640428808453407
122338.8888888889,0.000000031597819694084706
122363.8888888889,-0.000000025832610717202442
122388.8888888889,0.000000032813677774967687
122413.88888888892,-0.000000027000099489526974
122438.88888888892,0.00000003397463776977361
122463.88888888892,-0.000000028249850014816502
122488.88888888892,0.000000035169480661068064
122513.88888888889,-0.000000029429292558447173
122538.88888888889,0.00000003640429135920442
122563.88888888889,-0.00000003066725873246412
122588.8888888889,0.00000003759963429494917
122613.8888888889,-0.00000003190296271604609
122638.8888888889,0.00000003880549970247671
122663.8888888889,-0.00000003311327789745633
122688.8888888889,0.00000004001578846057896
122713.8888888889,-0.000000034297162887497734
122738.8888888889,0.00000004117064289488326
122763.8888888889,-0.00000003548850391332792
122788.88888888892,0.000000042321959936586495
122813.88888888892,-0.000000036625430244185964
122838.88888888892,0.0000000434500297963325
122863.88888888889,-0.000000037778333128457575
122888.88888888889,0.00000004458338609403256
122913.88888888889,-0.00000003890663768935099
122938.8888888889,0.00000004570610623311211
122963.8888888889,-0.0000000400770470143641
122988.8888888889,0.000000046850315627011696
123013.8888888889,-0.000000041224701874398306
123038.8888888889,0.00000004800279085337422
123063.8888888889,-0.00000004240837125912833
123088.8888888889,0.000000049165053361832634
123113.8888888889,-0.00000004356550631356981
123138.88888888892,0.00000005031125693832905
123163.88888888892,-0.00000004474698189760318
123188.88888888892,0.0000000514434763676519
123213.88888888889,-0.00000004587187807381099
123238.88888888889,0.00000005257095581079341
123263.88888888889,-0.00000004699159883436721
123288.8888888889,0.000000053659876320111266
123313.8888888889,-0.00000004810454168335809
123338.8888888889,0.00000005472081499036108
123363.8888888889,-0.00000004919417850857144
123388.8888888889,0.000000055827394263019414
123413.8888888889,-0.000000050260973383231544
123438.8888888889,0.00000005688341175869027
123463.8888888889,-0.000000051401643386128626
123488.88888888892,0.00000005796910240718489
123513.88888888892,-0.00000005247763557036933
123538.88888888892,0.000000059090007775708386
123563.88888888889,-0.000000053606111105608534
123588.88888888889,0.00000006017450471240693
123613.88888888889,-0.000000054732197884987954
123638.8888888889,0.0000000612683399570102
123663.8888888889,-0.000000055835580825558395
123688.8888888889,0.00000006236651595159515
123713.8888888889,-0.00000005691544258112913
123738.8888888889,0.00000006341488534289397
123763.8888888889,-0.00000005800286539958677
123788.8888888889,0.00000006446052958075654
123813.8888888889,-0.0000000590412581047417
123838.88888888892,0.00000006548524189575744
123863.88888888892,-0.00000006009429509568065
123888.88888888892,0.00000006651450124017799
123913.88888888892,-0.00000006112450678941173
123938.88888888889,0.0000000675333622357499
123963.88888888889,-0.00000006219233350535092
123988.8888888889,0.00000006857085810274555
124013.8888888889,-0.00000006323852397294161
124038.8888888889,0.00000006961500687019395
124063.8888888889,-0.00000006431688448493844
124088.8888888889,0.00000007066748275441626
124113.8888888889,-0.00000006537079677571
124138.8888888889,0.00000007170520821553339
124163.8888888889,-0.00000006644707140068817
124188.88888888892,0.00000007273055513401516
124213.88888888892,-0.00000006747229153170053
124238.88888888892,0.00000007375202226711508
124263.88888888892,-0.0000000684935173023149
124288.88888888889,0.00000007473888907760795
124313.88888888889,-0.00000006950885333978363
124338.8888888889,0.00000007570045013061133
124363.8888888889,-0.00000007050313977075007
124388.8888888889,0.00000007670327928366305
124413.8888888889,-0.00000007147617631098058
124438.8888888889,0.00000007765944043391926
124463.8888888889,-0.00000007251586375822683
124488.8888888889,0.00000007864178974692493
124513.8888888889,-0.00000007349582076265904
124538.88888888892,0.00000007965537296428238
124563.88888888892,-0.0000000745230741561187
124588.88888888892,0.00000008063529155499793
124613.88888888892,-0.00000007554783043595137
124638.88888888889,0.00000008162354170337949
124663.88888888889,-0.00000007655216105462159
124688.8888888889,0.0000000826160146960575
124713.8888888889,-0.00000007753540653965274
124738.8888888889,0.00000008356348457638774
124763.8888888889,-0.00000007852620775850028
124788.8888888889,0.00000008450885524702301
124813.8888888889,-0.00000007947258917617717
124838.8888888889,0.00000008543526108795163
124863.8888888889,-0.00000008043244781319459
124888.88888888892,0.00000008636558335162192
124913.88888888892,-0.00000008137107210259842
124938.88888888892,0.00000008728577860495079
124963.88888888892,-0.00000008234350001856683
124988.88888888889,0.00000008822222019588821
125013.88888888889,-0.00000008329536838047602
125038.8888888889,0.00000008916399929503882
125063.8888888889,-0.00000008427613695793923
125088.8888888889,0.00000009011288937266215
125113.8888888889,-0.00000008523429673168437
125138.8888888889,0.0000000910481692262266
125163.8888888889,-0.00000008621305691569603
125188.8888888889,0.00000009197242967218244
125213.8888888889,-0.00000008714548727084548
125238.88888888892,0.00000009289349711671946
125263.88888888892,-0.00000008807484852546565
125288.88888888892,0.0000000937833670722199
125313.88888888892,-0.00000008899900172387731
125338.88888888889,0.00000009465026340471638
125363.88888888889,-0.00000008990401800801351
125388.88888888889,0.00000009555467572752718
125413.8888888889,-0.00000009078916329841036
125438.8888888889,0.00000009641593323728159
125463.8888888889,-0.00000009173467363510213
125488.8888888889,0.00000009730049344014446
125513.8888888889,-0.00000009262478806171259
125538.8888888889,0.00000009821296820256009
125563.8888888889,-0.00000009355766028562584
125588.88888888892,0.00000009909430587207169
125613.88888888892,-0.00000009448787330335051
125638.88888888892,0.00000009998318595272337
125663.88888888892,-0.00000009539952694481713
125688.88888888889,0.00000010087623891763542
125713.88888888889,-0.00000009629205766081839
125738.88888888889,0.00000010172851960810192
125763.8888888889,-0.00000009719195626090027
125788.8888888889,0.00000010257929550228084
125813.8888888889,-0.0000000980512986359372
125838.8888888889,0.00000010341290646032064
125863.8888888889,-0.0000000989229700376626
125888.8888888889,0.0000001042500141767988
125913.8888888889,-0.0000000997747147124528
125938.88888888892,0.00000010507740655363307
125963.88888888892,-0.00000010065688038629617
125988.88888888892,0.00000010591915144964048
126013.88888888892,-0.00000010151939044966696
126038.88888888889,0.00000010676527106845413
126063.88888888889,-0.00000010240788395066147
126088.88888888889,0.00000010761759172694951
126113.8888888889,-0.00000010327529009757086
126138.8888888889,0.00000010845740461284947
126163.8888888889,-0.00000010416162576909471
126188.8888888889,0.00000010928744820226655
126213.8888888889,-0.00000010500561686832555
126238.8888888889,0.00000011011492850876436
126263.8888888889,-0.0000001058471970072361
126288.88888888892,0.00000011091422003062235
126313.88888888892,-0.00000010668403804814375
126338.88888888892,0.00000011169262892352094
126363.88888888892,-0.00000010750333845344073
126388.88888888889,0.00000011250533926698836
126413.88888888889,-0.0000001083039504745642
126438.88888888889,0.00000011327808158156927
126463.8888888889,-0.0000001091594228341819
126488.8888888889,0.00000011407171185418008
126513.8888888889,-0.00000010996333421608995
126538.8888888889,0.0000001148904413827978
126563.8888888889,-0.00000011080604322977194
126588.8888888889,0.00000011568031710318394
126613.8888888889,-0.00000011164594693191532
126638.8888888889,0.00000011647705733253133
126663.88888888892,-0.00000011246889708438346
126688.88888888892,0.00000011727789517301801
126713.88888888892,-0.00000011327439453090449
126738.88888888889,0.00000011804162092232673
126763.88888888889,-0.00000011408703848303503
126788.88888888889,0.00000011880430617061677
126813.8888888889,-0.0000001148624888536176
126838.8888888889,0.0000001195513694707273
126863.8888888889,-0.00000011564926349905136
126888.8888888889,0.0000001203015547179831
126913.8888888889,-0.00000011641730712774745
126938.8888888889,0.0000001210424127595644
126963.8888888889,-0.00000011721286985455492
126988.8888888889,0.00000012179599950812303
127013.88888888892,-0.00000011798965671161454
127038.88888888892,0.00000012255315162690295
127063.88888888892,-0.0000001187899254517788
127088.88888888889,0.00000012331571896950777
127113.88888888889,-0.00000011957048129396242
127138.88888888889,0.00000012406673022269388
127163.8888888889,-0.00000012036848895391472
127188.8888888889,0.0000001248090273353597
127213.8888888889,-0.0000001211276272616857
127238.8888888889,0.0000001255492541041292
127263.8888888889,-0.00000012188488862641123
127288.8888888889,0.00000012626389245262715
127313.8888888889,-0.00000012263778370602552
127338.8888888889,0.00000012695947093632753
127363.88888888892,-0.00000012337453103583584
127388.88888888892,0.00000012768653312456024
127413.88888888892,-0.00000012409364602561368
127438.88888888892,0.00000012837649387975603
127463.88888888889,-0.00000012486279388213006
127488.88888888889,0.00000012908529245514444
127513.8888888889,-0.00000012558379536287134
127538.8888888889,0.00000012981678576551303
127563.8888888889,-0.00000012634010926326766
127588.8888888889,0.00000013052150737991042
127613.8888888889,-0.00000012709346353112494
127638.8888888889,0.00000013123253461699846
127663.8888888889,-0.00000012783121983162005
127688.8888888889,0.00000013194760839496666
127713.88888888892,-0.00000012855290809632436
127738.88888888892,0.0000001326288066039183
127763.88888888892,-0.0000001292814459930014
127788.88888888892,0.000000133309385974556
127813.88888888889,-0.00000012997567089279016
127838.88888888889,0.00000013397574027962378
127863.8888888889,-0.00000013068026705198577
127888.8888888889,0.0000001346449505224001
127913.8888888889,-0.00000013136715426576018
127938.8888888889,0.00000013530526898897222
127963.8888888889,-0.0000001320789824177382
127988.8888888889,0.00000013597698611533815
128013.8888888889,-0.00000013277280941359493
128038.8888888889,0.0000001366516526601913
128063.88888888892,-0.00000013348789162925812
128088.88888888892,0.00000013733111492442163
128113.88888888892,-0.00000013418444466672952
128138.88888888892,0.00000013799990439267162
128163.88888888889,-0.0000001348970832815155
128188.88888888889,0.0000001386609247422399
128213.8888888889,-0.00000013557385791784782
128238.8888888889,0.00000013932029774288424
128263.8888888889,-0.00000013624915884413724
128288.8888888889,0.00000013995636982677695
128313.8888888889,-0.00000013692037281742842
128338.8888888889,0.00000014057499186925781
128363.8888888889,-0.0000001375766551792168
128388.8888888889,0.00000014122261182691886
128413.88888888892,-0.00000013821626199117532
128438.88888888892,0.00000014183569985171118
128463.88888888892,-0.00000013890166838947948
128488.88888888892,0.00000014246584245647398
128513.88888888889,-0.00000013954202038313213
128538.88888888889,0.00000014311656659771188
128563.8888888889,-0.000000140214654775761
128588.8888888889,0.00000014374236112502103
128613.8888888889,-0.00000014088423694325058
128638.8888888889,0.00000014437392592547837
128663.8888888889,-0.00000014153945149253389
128688.8888888889,0.00000014500941958317526
128713.8888888889,-0.0000001421798432321708
128738.8888888889,0.00000014561381989075528
128763.88888888892,-0.00000014282683569177834
128788.88888888892,0.00000014621788269053582
128813.88888888892,-0.00000014344210463868023
128838.88888888892,0.00000014680887860940572
128863.88888888889,-0.0000001440669570307307
128888.88888888889,0.0000001474024342584812
128913.8888888889,-0.00000014467509301674397
128938.8888888889,0.00000014798744563115918
128963.8888888889,-0.0000001453059850220484
128988.8888888889,0.0000001485826446323557
129013.8888888889,-0.00000014591967567589847
129038.8888888889,0.0000001491802135156206
129063.8888888889,-0.00000014655274260810813
129088.8888888889,0.00000014978198059623082
129113.88888888892,-0.00000014716841101325429
129138.88888888892,0.0000001503737914188008
129163.88888888892,-0.0000001477990003717622
129188.88888888892,0.00000015095858829639042
129213.88888888889,-0.00000014839642914488138
129238.88888888889,0.0000001515420180453475
129263.88888888889,-0.00000014899276479241053
129288.8888888889,0.000000152104095985095
129313.8888888889,-0.00000014958528482544864
129338.8888888889,0.00000015265009101206317
129363.8888888889,-0.00000015016399590450646
129388.8888888889,0.00000015322283175578377
129413.8888888889,-0.00000015072693981821317
129438.8888888889,0.00000015376331830019296
129463.88888888892,-0.00000015133197783789853
129488.88888888892,0.00000015431927846698557
129513.88888888892,-0.0000001518947800871473
129538.88888888892,0.0000001548939456696985
129563.88888888889,-0.0000001524872144109679
129588.88888888889,0.00000015544532705469294
129613.88888888889,-0.0000001530765370016951
129638.8888888889,0.00000015600198666199105
129663.8888888889,-0.00000015365258621002909
129688.8888888889,0.00000015656244101158734
129713.8888888889,-0.00000015421489840683478
129738.8888888889,0.00000015709424650012238
129763.8888888889,-0.00000015478355708253844
129788.8888888889,0.00000015762593630341826
129813.88888888892,-0.0000001553227753081643
129838.88888888892,0.00000015814557907667393
129863.88888888892,-0.00000015587086288348928
129888.88888888892,0.0000001586675264508841
129913.88888888889,-0.00000015640312911457954
129938.88888888889,0.0000001591812681667193
129963.88888888889,-0.0000001569562242398348
129988.8888888889,0.0000001597041547896083
130013.8888888889,-0.0000001574928609748838
130038.8888888889,0.00000016022892834754998
130063.8888888889,-0.00000015804721753553963
130088.8888888889,0.00000016075738562548736
130113.8888888889,-0.00000015858519408773475
130138.8888888889,0.0000001612765223590884
130163.88888888892,-0.00000015913704221048874
130188.88888888892,0.00000016178929462817848
130213.88888888892,-0.00000015965812649731959
130238.88888888892,0.00000016230090826852006
130263.88888888889,-0.00000016017844184368357
130288.88888888889,0.0000001627928680747459
130313.88888888889,-0.00000016069518005146222
130338.8888888889,0.00000016326993135251655
130363.8888888889,-0.00000016119913248680007
130388.8888888889,0.00000016377169975712036
130413.8888888889,-0.00000016168817573714023
130438.8888888889,0.00000016424323678876362
130463.8888888889,-0.00000016221606258248755
130488.8888888889,0.0000001647288223605159
130513.8888888889,-0.0000001627043120233651
130538.88888888892,0.0000001652314161049162
130563.88888888892,-0.00000016321989648737656
130588.88888888892,0.00000016571215688543361
130613.88888888889,-0.00000016373237987643563
130638.88888888889,0.00000016619767295722454
130663.88888888889,-0.00000016423262105824676
130688.8888888889,0.0000001666867797123217
130713.8888888889,-0.00000016472014219282016
130738.8888888889,0.00000016714932904449142
130763.8888888889,-0.00000016521382506518023
130788.8888888889,0.0000001676118628335388
130813.8888888889,-0.00000016568016714124667
130838.8888888889,0.00000016806317293394102
130863.8888888889,-0.00000016615481102100205
130888.88888888892,0.00000016851648410032283
130913.88888888892,-0.00000016661452484356687
130938.88888888892,0.00000016896183319126123
130963.88888888892,-0.00000016709344308196705
130988.88888888889,0.00000016941534153325222
131013.88888888889,-0.0000001675566749792523
131038.8888888889,0.0000001698702525310125
131063.8888888889,-0.0000001680362380351852
131088.8888888889,0.00000017032832499985773
131113.8888888889,-0.0000001685004142881752
131138.8888888889,0.0000001707775723058802
131163.8888888889,-0.0000001689775797064641
131188.8888888889,0.00000017122095474775278
131213.8888888889,-0.0000001694261744233927
131238.8888888889,0.00000017166327648254764
131263.8888888889,-0.00000016987432593928986
131288.8888888889,0.000000172087388117248
131313.8888888889,-0.00000017031914745224697
131338.8888888889,0.00000017249760420057214
131363.8888888889,-0.00000017075214508999181
131388.8888888889,0.00000017293065068813007
131413.8888888889,-0.0000001711710555518664
131438.8888888889,0.00000017333526125540288
131463.8888888889,-0.00000017162594523334462
131488.8888888889,0.00000017375263450247758
131513.8888888889,-0.0000001720435842678114
131538.8888888889,0.00000017418548736714
131563.8888888889,-0.00000017248653461088281
131588.8888888889,0.0000001745977697975576
131613.8888888889,-0.00000017292641230071126
131638.8888888889,0.00000017501436189171216
131663.8888888889,-0.00000017335497370929431
131688.8888888889,0.0000001754343386117796
131713.8888888889,-0.0000001737717107985759
131738.8888888889,0.00000017582961331363833
131763.8888888889,-0.0000001741944182231947
131788.8888888889,0.00000017622494485891593
131813.8888888889,-0.0000001745916482498444
131838.8888888889,0.00000017660978723910148
131863.8888888889,-0.00000017499665561082622
131888.8888888889,0.00000017699636978285582
131913.8888888889,-0.0000001753875320531506
131938.8888888889,0.00000017737523627658902
131963.8888888889,-0.00000017579615807505888
131988.8888888889,0.0000001777614098141811
132013.8888888889,-0.00000017618980141520524
132038.8888888889,0.00000017814858321862914
132063.8888888889,-0.00000017659852913354257
132088.8888888889,0.000000178538471340417
132113.8888888889,-0.0000001769927575612229
132138.8888888889,0.0000001789199881585546
132163.8888888889,-0.00000017739916069459127
132188.8888888889,0.00000017929608353561832
132213.8888888889,-0.00000017777894179005216
132238.8888888889,0.00000017967118837169949
132263.8888888889,-0.00000017815854791436436
132288.8888888889,0.00000018002936452710117
132313.8888888889,-0.00000017853502942699606
132338.8888888889,0.00000018037453375363555
132363.8888888889,-0.0000001789005523722409
132388.8888888889,0.0000001807408369636221
132413.8888888889,-0.00000017925274775620892
132438.8888888889,0.00000018108032473485025
132463.8888888889,-0.00000017963837017909157
132488.8888888889,0.00000018143142010984548
132513.8888888889,-0.00000017998893309112418
132538.8888888889,0.0000001817966130968074
132563.8888888889,-0.0000001803630209629148
132588.8888888889,0.00000018214237762492758
132613.8888888889,-0.00000018073409213670288
132638.8888888889,0.00000018249199973396912
132663.8888888889,-0.0000001810947047875544
132688.8888888889,0.00000018284477332208837
132713.8888888889,-0.00000018144431801481176
132738.8888888889,0.0000001831744627089904
132763.8888888889,-0.00000018179974481391525
132788.8888888889,0.00000018350421737700628
132813.8888888889,-0.00000018213139885148166
132838.8888888889,0.00000018382409483486128
132863.8888888889,-0.00000018247039235141926
132888.8888888889,0.00000018414543756506419
132913.8888888889,-0.0000001827960238731663
132938.8888888889,0.00000018445925853427525
132963.8888888889,-0.00000018313814731385492
132988.8888888889,0.00000018477959518037324
133013.8888888889,-0.00000018346598018581517
133038.8888888889,0.00000018510054777820528
133063.8888888889,-0.00000018380782118576633
133088.8888888889,0.0000001854237854370666
133113.8888888889,-0.0000001841360017795779
133138.8888888889,0.00000018573902704766
133163.8888888889,-0.00000018447564209544964
133188.8888888889,0.00000018604920870579633
133213.8888888889,-0.00000018479042918073674
133238.8888888889,0.00000018635842069514297
133263.8888888889,-0.00000018510528554394057
133288.8888888889,0.00000018665182754951104
133313.8888888889,-0.00000018541720114839677
133338.8888888889,0.00000018693300996019957
133363.8888888889,-0.00000018571894488950136
133388.8888888889,0.0000001872337866970497
133413.8888888889,-0.00000018600805651303176
133438.8888888889,0.00000018750922525789804
133463.8888888889,-0.0000001863282965697266
133488.8888888889,0.0000001877952511275538
133513.8888888889,-0.00000018661546552500852
133538.8888888889,0.00000018809415158749232
133563.8888888889,-0.00000018692453918056628
133588.8888888889,0.00000018837468496180065
133613.8888888889,-0.00000018723062655823242
133638.8888888889,0.00000018865868911532857
133663.8888888889,-0.0000001875269959317194
133688.8888888889,0.0000001889456513470833
133713.8888888889,-0.0000001878130639898501
133738.8888888889,0.00000018921101063718027
133763.8888888889,-0.00000018810474777808395
133788.8888888889,0.00000018947646540645735
133813.8888888889,-0.00000018837414761385674
133838.8888888889,0.00000018973262938537516
133863.8888888889,-0.00000018865044149052324
133888.8888888889,0.00000018999005479969355
133913.8888888889,-0.0000001889140284205837
133938.8888888889,0.00000019024019026758765
133963.8888888889,-0.0000001891929330977149
133988.8888888889,0.00000019049618682487335
134013.8888888889,-0.00000018945814161952512
134038.8888888889,0.00000019075251245226355
134063.8888888889,-0.0000001897363455238832
134088.8888888889,0.00000019101078718719577
134113.8888888889,-0.00000019000160511595254
134138.8888888889,0.00000019126144823466973
134163.8888888889,-0.00000019027762321321973
134188.8888888889,0.00000019150740926399124
134213.8888888889,-0.00000019053033395444174
134238.8888888889,0.00000019175244125868574
134263.8888888889,-0.00000019078328006294498
134288.8888888889,0.00000019198270928555417
134313.8888888889,-0.00000019103340198611818
134338.8888888889,0.00000019220148628207312
134363.8888888889,-0.00000019127402950402939
134388.8888888889,0.00000019243848914385353
134413.8888888889,-0.0000001915026328624947
134438.8888888889,0.0000001926515276196028
134463.8888888889,-0.0000001917602663326079
134488.88888888893,0.00000019287426189507073
134513.8888888889,-0.0000001919866283728311
134538.8888888889,0.0000001931087878492832
134563.8888888889,-0.00000019223341984897502
134588.8888888889,0.00000019332592815501926
134613.8888888889,-0.0000001924772430328403
134638.8888888889,0.00000019354619329448042
134663.8888888889,-0.00000019271200657478005
134688.8888888889,0.00000019376923399150314
134713.8888888889,-0.00000019293708519718678
134738.8888888889,0.0000001939720020160962
134763.8888888889,-0.00000019316758370635512
134788.8888888889,0.00000019417487773232267
134813.8888888889,-0.00000019337713919043154
134838.8888888889,0.0000001943689826866546
134863.8888888889,-0.00000019359318281786386
134888.8888888889,0.00000019456415945029448
134913.8888888889,-0.00000019379712234979252
134938.8888888889,0.00000019475225987442002
134963.8888888889,-0.0000001940153275814538
134988.8888888889,0.00000019494563385791253
135013.8888888889,-0.0000001942203922133956
135038.8888888889,0.0000001951390835586153
135063.8888888889,-0.00000019443754228909427
135088.8888888889,0.00000019533418060824204
135113.8888888889,-0.00000019464240175182113
135138.8888888889,0.00000019552200858363733
135163.8888888889,-0.00000019485737201563325
135188.8888888889,0.0000001957054576173789
135213.8888888889,-0.00000019505042203604717
135238.8888888889,0.0000001958880060382029
135263.8888888889,-0.00000019524383532143474
135288.8888888889,0.00000019605673440281635
135313.8888888889,-0.00000019543450391346084
135338.8888888889,0.0000001962146465306347
135363.8888888889,-0.00000019561627273567694
135388.8888888889,0.00000019638955728318308
135413.8888888889,-0.000000195786552525945
135438.8888888889,0.00000019654178551320456
135463.8888888889,-0.0000001959839333043334
135488.8888888889,0.0000001967029383820318
135513.8888888889,-0.00000019615166069186785
135538.8888888889,0.00000019687493990616645
135563.8888888889,-0.00000019633844616784302
135588.8888888889,0.00000019703049303210207
135613.8888888889,-0.00000019652223937072222
135638.8888888889,0.00000019718889499031889
135663.8888888889,-0.00000019669752138185004
135688.8888888889,0.00000019734994216591417
135713.8888888889,-0.00000019686361918402895
135738.8888888889,0.00000019749196344953646
135763.8888888889,-0.00000019703489240185945
135788.8888888889,0.00000019763414216278363
135813.8888888889,-0.0000001971863794469897
135838.8888888889,0.0000001977680699205564
135863.8888888889,-0.00000019734392542325452
135888.8888888889,0.0000001979029509158181
135913.8888888889,-0.00000019748986268552926
135938.8888888889,0.00000019803101181103955
135963.8888888889,-0.00000019764905845320868
135988.8888888889,0.00000019816387619719933
136013.8888888889,-0.00000019779557391963465
136038.8888888889,0.00000019829664910098188
136063.8888888889,-0.0000001979532968654496
136088.8888888889,0.00000019843085130588634
136113.8888888889,-0.0000001980992729855302
136138.8888888889,0.0000001985581463692654
136163.8888888889,-0.00000019825471131440509
136188.8888888889,0.00000019868139444767507
136213.8888888889,-0.0000001983894348800419
136238.8888888889,0.00000019880379786840763
136263.8888888889,-0.00000019852458188474031
136288.8888888889,0.00000019891327118770619
136313.8888888889,-0.0000001986570050682701
136338.8888888889,0.00000019901257286569773
136363.8888888889,-0.00000019878103141302006
136388.8888888889,0.00000019912778248531993
136413.8888888889,-0.00000019889402880224338
136438.8888888889,0.0000001992215126200847
136463.8888888889,-0.00000019903234727003394
136488.8888888889,0.0000001993234945985023
136513.8888888889,-0.00000019914247717522926
136538.8888888889,0.00000019943548856815596
136563.8888888889,-0.0000001992704030673309
136588.8888888889,0.00000019953190655286335
136613.8888888889,-0.00000019939530249146742
136638.8888888889,0.00000019963092623420664
136663.8888888889,-0.00000019951217788971576
136688.8888888889,0.00000019973246678794965
136713.8888888889,-0.000000199620310947779
136738.8888888889,0.00000019981610810404504
136763.8888888889,-0.00000019973338338807878
136788.8888888889,0.00000019989993793601002
136813.8888888889,-0.00000019982771859439197
136838.8888888889,0.00000019997597822118962
136863.8888888889,-0.00000019992772082311205
136888.8888888889,0.00000020005285472635137
136913.8888888889,-0.00000020001657552448648
136938.8888888889,0.00000020012314139172815
136963.8888888889,-0.0000002001177825672329
136988.8888888889,0.0000002001978001153759
137013.8888888889,-0.00000020020674584841913
137038.8888888889,0.0000002002722121474676
137063.8888888889,-0.00000020030612724042385
137088.8888888889,0.00000020034784786737703
137113.8888888889,-0.0000002003942662920366
137138.8888888889,0.00000020041689596794754
137163.8888888889,-0.00000020049127336108086
137188.8888888889,0.0000002004821866297135
137213.8888888889,-0.00000020056866123496775
137238.8888888889,0.00000020054666727276071
137263.8888888889,-0.00000020064651717888182
137288.8888888889,0.0000002005990191733531
137313.8888888889,-0.00000020072165596296543
137338.8888888889,0.00000020064178452017245
137363.8888888889,-0.0000002007888495469956
137388.8888888889,0.00000020069946260470317
137413.8888888889,-0.00000020084542962095497
137438.8888888889,0.00000020073677431398096
137463.8888888889,-0.0000002009256954149663
137488.8888888889,0.00000020078174123305814
137513.8888888889,-0.00000020097910624627957
137538.8888888889,0.00000020083597518372187
137563.8888888889,-0.00000020104914466578805
137588.8888888889,0.0000002008754527160761
137613.8888888889,-0.00000020111610377071543
137638.8888888889,0.00000020091732388927142
137663.8888888889,-0.00000020117545496134426
137688.8888888889,0.00000020096161734706186
137713.8888888889,-0.00000020122643240583216
137738.8888888889,0.0000002009890573972939
137763.8888888889,-0.00000020128209321512713
137788.8888888889,0.00000020101673214867333
137813.8888888889,-0.00000020131993827554595
137838.8888888889,0.00000020103706122043263
137863.8888888889,-0.00000020136305689533174
137888.8888888889,0.00000020105814724225013
137913.8888888889,-0.00000020139542034058877
137938.8888888889,0.00000020107288722925887
137963.8888888889,-0.000000201439280589355
137988.8888888889,0.00000020109163845205558
138013.88888888893,-0.00000020147127366421103
138038.8888888889,0.0000002011100341814398
138063.8888888889,-0.00000020151293722570074
138088.8888888889,0.0000002011294926163032
138113.8888888889,-0.00000020154379520853638
138138.8888888889,0.0000002011426754044976
138163.8888888889,-0.00000020158294677941058
138188.8888888889,0.00000020115237941986663
138213.8888888889,-0.0000002016034530427646
138238.8888888889,0.0000002011613091656983
138263.8888888889,-0.00000020162444247517897
138288.8888888889,0.0000002011588478012527
138313.8888888889,-0.00000020164269809441748
138338.8888888889,0.00000020114733834120102
138363.88888888893,-0.0000002016534110804713
138388.8888888889,0.00000020114982968166828
138413.8888888889,-0.0000002016538884763719
138438.8888888889,0.00000020113297849455591
138463.8888888889,-0.00000020167655612191027
138488.8888888889,0.00000020112323562138101
138513.8888888889,-0.0000002016736040388878
138538.8888888889,0.00000020112207010924976
138563.8888888889,-0.00000020168622150151805
138588.8888888889,0.00000020110688803143262
138613.8888888889,-0.0000002016957234562966
138638.8888888889,0.00000020109388643163584
138663.8888888889,-0.00000020169801251412878
138688.8888888889,0.0000002010831858800799
138713.8888888889,-0.0000002016922782122066
138738.8888888889,0.00000020105655562652203
138763.8888888889,-0.0000002016910070068434
138788.8888888889,0.00000020103016340478064
138813.8888888889,-0.00000020167278491634022
138838.8888888889,0.00000020099679498564171
138863.8888888889,-0.00000020165950131989518
138888.8888888889,0.00000020096407515879378
138913.8888888889,-0.0000002016358544576491
138938.8888888889,0.00000020092520047754192
138963.8888888889,-0.00000020162295544245978
138988.8888888889,0.0000002008899748773274
139013.8888888889,-0.00000020159857294643757
139038.8888888889,0.00000020085426233329429
139063.8888888889,-0.00000020158321034635662
139088.8888888889,0.0000002008194299740751
139113.8888888889,-0.0000002015574744884674
139138.8888888889,0.00000020077857132427823
139163.8888888889,-0.00000020153952928758656
139188.8888888889,0.0000002007344499510566
139213.8888888889,-0.00000020150385426909168
139238.8888888889,0.0000002006895452044688
139263.8888888889,-0.0000002014686937279464
139288.8888888889,0.00000020063389061242276
139313.8888888889,-0.00000020143079915158069
139338.8888888889,0.0000002005696508877719
139363.8888888889,-0.00000020138574940986587
139388.8888888889,0.00000020051854776603761
139413.8888888889,-0.00000020133083111772976
139438.8888888889,0.0000002004490262663694
139463.8888888889,-0.00000020129674549451693
139488.8888888889,0.00000020038609904737825
139513.8888888889,-0.00000020123819322037662
139538.8888888889,0.00000020033110437189805
139563.8888888889,-0.0000002011942488167051
139588.8888888889,0.00000020026276503770646
139613.8888888889,-0.00000020114716026142787
139638.8888888889,0.00000020019639945800805
139663.8888888889,-0.00000020109322029782106
139688.8888888889,0.00000020013221169179474
139713.8888888889,-0.00000020103157161166507
139738.8888888889,0.00000020005293199787388
139763.8888888889,-0.00000020097417197106893
139788.8888888889,0.00000019997388434056518
139813.8888888889,-0.00000020090060703914503
139838.8888888889,0.00000019988819488503395
139863.8888888889,-0.00000020083166374362804
139888.8888888889,0.0000001998030538796769
139913.8888888889,-0.0000002007527131198117
139938.8888888889,0.00000019971193832013512
139963.8888888889,-0.0000002006838188961524
139988.8888888889,0.0000001996241438817492
140013.8888888889,-0.000000200603794242582
140038.8888888889,0.00000019953574659226092
140063.8888888889,-0.00000020053218841020737
140088.8888888889,0.00000019944806184390984
140113.8888888889,-0.00000020045060522555502
140138.8888888889,0.00000019935457484798746
140163.8888888889,-0.00000020037634351766087
140188.8888888889,0.00000019925801453268832
140213.8888888889,-0.00000020028518887826863
140238.8888888889,0.00000019916064619707186
140263.8888888889,-0.00000020019457425135556
140288.8888888889,0.00000019905310022494405
140313.8888888889,-0.00000020010122425695442
140338.8888888889,0.0000001989373781263737
140363.8888888889,-0.00000020000108436057928
140388.8888888889,0.0000001988339768388414
140413.8888888889,-0.00000019989142829857087
140438.8888888889,0.0000001987129911729113
140463.8888888889,-0.00000019980137389019603
140488.8888888889,0.0000001985981059604569
140513.8888888889,-0.00000019968794062741324
140538.8888888889,0.00000019849053467524413
140563.8888888889,-0.0000001995882563665674
140588.8888888889,0.00000019837020892587987
140613.8888888889,-0.00000019948542751002662
140638.8888888889,0.00000019825162955733333
140663.8888888889,-0.00000019937610673537165
140688.8888888889,0.00000019813507146082543
140713.8888888889,-0.0000001992593929855957
140738.8888888889,0.00000019800414641224506
140763.8888888889,-0.00000019914675841725682
140788.8888888889,0.00000019787339877730403
140813.8888888889,-0.00000019901871262106852
140838.8888888889,0.00000019773626958041746
140863.8888888889,-0.00000019889503111159001
140888.8888888889,0.00000019759955049991618
140913.8888888889,-0.0000001987617099796779
140938.8888888889,0.0000001974569800999859
140963.8888888889,-0.00000019863784972429244
140988.8888888889,0.0000001973173870961631
141013.8888888889,-0.00000019850322652281704
141038.8888888889,0.000000197177043359531
141063.8888888889,-0.0000001983765085533662
141088.8888888889,0.00000019703721521047157
141113.8888888889,-0.00000019824021424419414
141138.8888888889,0.00000019689174712844704
141163.8888888889,-0.00000019811083817877773
141188.8888888889,0.00000019674333562313961
141213.8888888889,-0.00000019796536698812872
141238.8888888889,0.00000019659404726368734
141263.8888888889,-0.00000019782048288341514
141288.8888888889,0.00000019643506887767614
141313.8888888889,-0.00000019767288095273727
141338.8888888889,0.00000019626825609186938
141363.8888888889,-0.00000019751884683394394
141388.8888888889,0.0000001961129807437345
141413.8888888889,-0.00000019735564293910102
141438.8888888889,0.0000001959408686413866
141463.8888888889,-0.00000019721092137103824
141488.8888888889,0.00000019577438425955052
141513.8888888889,-0.00000019704384301988398
141538.88888888893,0.00000019561462694106524
141563.8888888889,-0.00000019688973118547892
141588.8888888889,0.00000019544264784343568
141613.8888888889,-0.0000001967324789742264
141638.8888888889,0.00000019527219241588512
141663.8888888889,-0.00000019656906569132104
141688.8888888889,0.00000019510360016461448
141713.8888888889,-0.0000001963985440944782
141738.8888888889,0.00000019492129954556958
141763.8888888889,-0.00000019623193492357416
141788.8888888889,0.0000001947391170542545
141813.8888888889,-0.00000019605059997651608
141838.8888888889,0.0000001945507881462305
141863.8888888889,-0.00000019587338195847792
141888.88888888893,0.00000019436274167894396
141913.8888888889,-0.0000001956868553865121
141938.8888888889,0.00000019416896113177984
141963.8888888889,-0.00000019550923302524836
141988.8888888889,0.00000019397784623009784
142013.8888888889,-0.0000001953211812288913
142038.8888888889,0.0000001937858498113343
142063.8888888889,-0.00000019514055193958768
142088.8888888889,0.0000001935941897901472
142113.8888888889,-0.0000001949507086873581
142138.8888888889,0.00000019339703882792492
142163.8888888889,-0.0000001947673984314946
142188.8888888889,0.00000019319706079379273
142213.8888888889,-0.00000019456871913625662
142238.8888888889,0.0000001929961335189745
142263.8888888889,-0.00000019437065934546638
142288.8888888889,0.00000019278595786431652
142313.8888888889,-0.00000019416988927822842
142338.8888888889,0.00000019256825467550698
142363.8888888889,-0.0000001939630156488903
142388.8888888889,0.00000019236135306854862
142413.8888888889,-0.00000019374729531840273
142438.8888888889,0.0000001921382986047604
142463.8888888889,-0.0000001935490281379515
142488.8888888889,0.00000019192042399751585
142513.8888888889,-0.00000019332936029847758
142538.8888888889,0.00000019170871934370837
142563.8888888889,-0.00000019312194687870488
142588.8888888889,0.00000019148526941847877
142613.8888888889,-0.00000019291140773702864
142638.8888888889,0.00000019126311379125127
142663.8888888889,-0.00000019269502460339538
142688.8888888889,0.00000019104264792346726
142713.8888888889,-0.00000019247180693682253
142738.8888888889,0.00000019080905211410482
142763.8888888889,-0.00000019225235803332907
142788.8888888889,0.00000019057548827916548
142813.8888888889,-0.00000019201883083574955
142838.8888888889,0.00000019033596521111917
142863.8888888889,-0.00000019178920851459225
142888.8888888889,0.00000019009657736823726
142913.8888888889,-0.00000019155060293485349
142938.8888888889,0.00000018985153849016
142963.8888888889,-0.00000019132040707248166
142988.8888888889,0.00000018960885217467194
143013.8888888889,-0.00000019108011173329942
143038.8888888889,0.0000001893651397910645
143063.8888888889,-0.0000001908468099109939
143088.8888888889,0.0000001891215730687179
143113.8888888889,-0.0000001906046449562382
143138.8888888889,0.00000018887262842604002
143163.8888888889,-0.00000019036866549804188
143188.8888888889,0.0000001886209406443129
143213.8888888889,-0.0000001901179944585607
143238.8888888889,0.00000018836821058521025
143263.8888888889,-0.000000189867976230218
143288.8888888889,0.0000001881066213904603
143313.8888888889,-0.00000018961525327654272
143338.8888888889,0.00000018783777333553076
143363.8888888889,-0.000000189356730961876
143388.8888888889,0.00000018757903386124042
143413.8888888889,-0.00000018908965948583045
143438.8888888889,0.00000018730477124861977
143463.8888888889,-0.00000018883908281530637
143488.8888888889,0.00000018703527415731003
143513.8888888889,-0.00000018856798589261814
143538.8888888889,0.00000018677143365231075
143563.8888888889,-0.00000018830847259287964
143588.8888888889,0.00000018649629485167907
143613.8888888889,-0.00000018804583001852393
143638.8888888889,0.00000018622224406961152
143663.8888888889,-0.00000018777761590094144
143688.8888888889,0.00000018594972850394242
143713.8888888889,-0.0000001875027941800056
143738.8888888889,0.00000018566462722802157
143763.8888888889,-0.00000018723157779731991
143788.8888888889,0.0000001853794890926963
143813.8888888889,-0.00000018694685310904902
143838.8888888889,0.000000185088578907866
143863.8888888889,-0.00000018666580570148028
143888.8888888889,0.0000001847976855984257
143913.8888888889,-0.00000018637604770610494
143938.8888888889,0.0000001845012393975054
143963.8888888889,-0.00000018609421226223333
143988.8888888889,0.00000018420687841746997
144013.8888888889,-0.00000018580255467526285
144038.8888888889,0.0000001839113801249681
144063.8888888889,-0.00000018551746405748304
144088.8888888889,0.00000018361587206250363
144113.8888888889,-0.00000018522380518248838
144138.8888888889,0.000000183315109092419
144163.8888888889,-0.00000018493597653268523
144188.8888888889,0.00000018301169579792997
144213.8888888889,-0.00000018463405271340605
144238.8888888889,0.00000018270716539703358
144263.8888888889,-0.00000018433278214935456
144288.8888888889,0.00000018239414778520313
144313.8888888889,-0.0000001840287815468855
144338.8888888889,0.00000018207413154947005
144363.8888888889,-0.00000018371924026538977
144388.8888888889,0.0000001817635892908953
144413.8888888889,-0.00000018340140717221232
144438.8888888889,0.00000018143811875148685
144463.8888888889,-0.0000001830991616103006
144488.8888888889,0.00000018111703847800698
144513.8888888889,-0.000000182777201596096
144538.8888888889,0.00000018080114227991828
144563.8888888889,-0.00000018246619060136027
144588.8888888889,0.00000018047436634027747
144613.8888888889,-0.0000001821520356770634
144638.8888888889,0.00000018014848368608227
144663.8888888889,-0.0000001818325507940699
144688.8888888889,0.0000001798239861461326
144713.8888888889,-0.00000018150665792582288
144738.8888888889,0.00000017948739960971238
144763.8888888889,-0.00000018118420919144285
144788.8888888889,0.00000017915070094076668
144813.8888888889,-0.00000018084877284607614
144838.8888888889,0.00000017880839386918979
144863.8888888889,-0.0000001805167972879218
144888.8888888889,0.00000017846598510118383
144913.8888888889,-0.00000018017636160827522
144938.8888888889,0.00000017811810715251397
144963.8888888889,-0.0000001798433950650491
144988.8888888889,0.0000001777720595175225
145013.8888888889,-0.000000179500863284332
145038.8888888889,0.00000017742476621229741
145063.88888888893,-0.00000017916449857047212
145088.8888888889,0.00000017707731125859993
145113.8888888889,-0.00000017881983538359236
145138.8888888889,0.00000017672470797869266
145163.8888888889,-0.00000017848066202752477
145188.8888888889,0.00000017636953453248339
145213.8888888889,-0.00000017812793551286177
145238.8888888889,0.0000001760131660422104
145263.8888888889,-0.00000017777584804257174
145288.8888888889,0.00000017564865251173956
145313.8888888889,-0.00000017742098945561224
145338.8888888889,0.00000017527738238598545
145363.8888888889,-0.0000001770608135664986
145388.8888888889,0.00000017491499826327583
145413.88888888893,-0.00000017669256680008516
145438.8888888889,0.000000174538248742806
145463.8888888889,-0.0000001763390438114243
145488.8888888889,0.00000017416555198046524
145513.8888888889,-0.0000001759665346767747
145538.8888888889,0.00000017379761407809724
145563.8888888889,-0.0000001756043588319045
145588.8888888889,0.00000017341920188762572
145613.8888888889,-0.0000001752389948705968
145638.8888888889,0.00000017304151755936914
145663.8888888889,-0.00000017486849301917573
145688.8888888889,0.00000017266509555469156
145713.8888888889,-0.000000174491731064208
145738.8888888889,0.00000017227706350375627
145763.88888888893,-0.00000017411822317292547
145788.8888888889,0.00000017188886913821477
145813.8888888889,-0.0000001737321717598661
145838.8888888889,0.00000017149524023096774
145863.8888888889,-0.00000017334934021562276
145888.8888888889,0.00000017110142302989573
145913.8888888889,-0.00000017295824283891648
145938.8888888889,0.00000017070224145321333
145963.8888888889,-0.00000017257415518834307
145988.8888888889,0.00000017030468058010229
146013.8888888889,-0.00000017218070436086919
146038.8888888889,0.00000016990580009590417
146063.8888888889,-0.00000017179301181613482
146088.8888888889,0.00000016950664116777148
146113.8888888889,-0.00000017139723418324593
146138.8888888889,0.00000016910245514978328
146163.8888888889,-0.00000017100659088775672
146188.8888888889,0.00000016869579266831636
146213.8888888889,-0.00000017060286161552085
146238.8888888889,0.00000016828787763323305
146263.8888888889,-0.00000017019972275988948
146288.8888888889,0.00000016787214995872546
146313.8888888889,-0.00000016979373973491363
146338.8888888889,0.0000001674499043868849
146363.8888888889,-0.00000016938261948595823
146388.8888888889,0.00000016703600791423412
146413.8888888889,-0.00000016896360999218984
146438.8888888889,0.0000001666082818374548
146463.8888888889,-0.0000001685584976041099
146488.8888888889,0.0000001661843034295174
146513.8888888889,-0.00000016813506076296392
146538.8888888889,0.00000016576469241691427
146563.8888888889,-0.00000016772136857134967
146588.8888888889,0.00000016533498770066046
146613.8888888889,-0.00000016730443230805747
146638.8888888889,0.00000016490585474926434
146663.8888888889,-0.00000016688252335583798
146688.8888888889,0.00000016447786310713752
146713.8888888889,-0.000000166454479533229
146738.8888888889,0.0000001640386984025355
146763.8888888889,-0.00000016602950148048023
146788.8888888889,0.00000016359931387377458
146813.8888888889,-0.00000016559238513735863
146838.8888888889,0.00000016315464512750566
146863.8888888889,-0.00000016515825818075314
146888.8888888889,0.00000016270969682707914
146913.8888888889,-0.00000016471604302736864
146938.8888888889,0.00000016225947119252737
146963.8888888889,-0.0000001642804079438065
146988.8888888889,0.000000161810661092332
147013.8888888889,-0.00000016383559731103503
147038.8888888889,0.000000161360451889081
147063.8888888889,-0.00000016339616171201499
147088.8888888889,0.00000016090984455985335
147113.8888888889,-0.00000016294883753431577
147138.8888888889,0.00000016045431072697625
147163.8888888889,-0.00000016250630952008294
147188.8888888889,0.00000015999637592578608
147213.8888888889,-0.00000016205112229883412
147238.8888888889,0.00000015953712084737504
147263.8888888889,-0.0000001615964713153062
147288.8888888889,0.00000015907035355589016
147313.8888888889,-0.00000016113889489410838
147338.8888888889,0.0000001585972830842053
147363.8888888889,-0.0000001606763386785559
147388.8888888889,0.00000015813205478387715
147413.8888888889,-0.00000016020605086985995
147438.8888888889,0.00000015765349581364774
147463.8888888889,-0.00000015974887523917403
147488.8888888889,0.00000015717840162743357
147513.8888888889,-0.00000015927397867265825
147538.8888888889,0.00000015670731157158002
147563.8888888889,-0.00000015880826009784244
147588.8888888889,0.00000015622648752433577
147613.8888888889,-0.00000015833922439867365
147638.8888888889,0.00000015574609335544665
147663.8888888889,-0.00000015786534701689448
147688.8888888889,0.0000001552667310278366
147713.8888888889,-0.00000015738542491483543
147738.8888888889,0.0000001547766084186719
147763.8888888889,-0.00000015690836541182307
147788.8888888889,0.00000015428621757962446
147813.8888888889,-0.00000015641951689460143
147838.8888888889,0.0000001537906904047759
147863.8888888889,-0.00000015593341551323192
147888.8888888889,0.000000153294807070381
147913.8888888889,-0.0000001554393651570507
147938.8888888889,0.00000015279373855037193
147963.8888888889,-0.00000015495146898913958
147988.8888888889,0.00000015229390437632162
148013.8888888889,-0.0000001544545480403059
148038.8888888889,0.00000015179260781650328
148063.8888888889,-0.00000015396262043054776
148088.8888888889,0.00000015129080832565478
148113.8888888889,-0.0000001534629638921814
148138.8888888889,0.000000150784181141006
148163.8888888889,-0.00000015296776267881285
148188.8888888889,0.0000001502752262627638
148213.8888888889,-0.00000015246027817994445
148238.8888888889,0.00000014976488627027607
148263.8888888889,-0.00000015195325819838956
148288.8888888889,0.00000014924731162047067
148313.8888888889,-0.00000015144321729998467
148338.8888888889,0.00000014872363074402983
148363.8888888889,-0.00000015092832938989886
148388.8888888889,0.00000014820731131237608
148413.8888888889,-0.0000001504058468881908
148438.8888888889,0.00000014767812128724245
148463.8888888889,-0.00000014989573515755694
148488.8888888889,0.00000014715212293126
148513.8888888889,-0.00000014936846293167605
148538.8888888889,0.00000014662977632085017
148563.8888888889,-0.00000014884983756680015
148588.88888888893,0.00000014609801701759295
148613.8888888889,-0.00000014832782557760993
148638.8888888889,0.0000001455665352700919
148663.8888888889,-0.00000014780109558465426
148688.8888888889,0.00000014503596013071274
148713.8888888889,-0.00000014726840635859162
148738.8888888889,0.0000001444949844220389
148763.8888888889,-0.00000014673839321410753
148788.8888888889,0.0000001439536676528519
148813.8888888889,-0.00000014619692279005392
148838.8888888889,0.0000001434073246819878
148863.8888888889,-0.0000001456579812320058
148888.8888888889,0.0000001428605258535498
148913.8888888889,-0.00000014511123125338088
148938.88888888893,0.00000014230860001518408
148963.8888888889,-0.0000001445702497715473
148988.8888888889,0.00000014175771134716797
149013.8888888889,-0.00000014402039649752396
149038.8888888889,0.0000001412052734739433
149063.8888888889,-0.00000014347519150526011
149088.8888888889,0.00000014065220566017445
149113.8888888889,-0.000000142922418344682
149138.8888888889,0.0000001400943729912285
149163.8888888889,-0.00000014237378964665481
149188.8888888889,0.00000013953425237467343
149213.8888888889,-0.00000014181323559903092
149238.8888888889,0.000000138972654939451
149263.8888888889,-0.00000014125308500645417
149288.88888888893,0.00000013840405510556764
149313.8888888889,-0.0000001406898264555423
149338.8888888889,0.00000013782950802898597
149363.8888888889,-0.00000014012184923473114
149388.8888888889,0.00000013726184877604908
149413.8888888889,-0.00000013954640887270386
149438.8888888889,0.00000013668173015624063
149463.8888888889,-0.0000001389826458364496
149488.8888888889,0.00000013610453031276393
149513.8888888889,-0.00000013840224810657276
149538.8888888889,0.00000013553063626936535
149563.8888888889,-0.00000013782999785938443
149588.8888888889,0.00000013494761597065974
149613.8888888889,-0.00000013725429015565282
149638.88888888893,0.0000001343647157980854
149663.8888888889,-0.00000013667397213978916
149688.8888888889,0.00000013378259122731606
149713.8888888889,-0.00000013608776439077985
149738.8888888889,0.0000001331903893841968
149763.8888888889,-0.00000013550404553974715
149788.8888888889,0.000000132597766322462
149813.8888888889,-0.00000013490916739300474
149838.8888888889,0.00000013200020920756117
149863.8888888889,-0.0000001343166011746888
149888.8888888889,0.00000013140209365047895
149913.8888888889,-0.00000013371634621783812
149938.8888888889,0.00000013079889837896985
149963.8888888889,-0.00000013312148738897633
149988.8888888889,0.0000001301965482092271
150013.8888888889,-0.0000001325178895505985
150038.8888888889,0.00000012959255979438922
150063.8888888889,-0.00000013191860626093899
150088.8888888889,0.00000012898781331927012
150113.8888888889,-0.0000001313118946910663
150138.8888888889,0.00000012837834906243017
150163.8888888889,-0.00000013070902471490342
150188.8888888889,0.00000012776662083879842
150213.8888888889,-0.00000013009455446244544
150238.8888888889,0.000000127153312545758
150263.8888888889,-0.00000012948042193983156
150288.8888888889,0.00000012653320236033494
150313.8888888889,-0.00000012886309175286215
150338.8888888889,0.00000012590727527239665
150363.8888888889,-0.00000012824115991350027
150388.8888888889,0.00000012528777126874502
150413.8888888889,-0.00000012761188727949957
150438.8888888889,0.00000012465617271750773
150463.8888888889,-0.0000001269936438230701
150488.8888888889,0.0000001240272147207122
150513.8888888889,-0.0000001263592630529331
150538.8888888889,0.00000012340121280374206
150563.8888888889,-0.00000012573256813475098
150588.8888888889,0.00000012276632599395043
150613.8888888889,-0.00000012510235580798224
150638.8888888889,0.00000012213138123051692
150663.8888888889,-0.00000012446764263707166
150688.8888888889,0.00000012149705530539734
150713.8888888889,-0.00000012382711300773508
150738.8888888889,0.00000012085291922758756
150763.8888888889,-0.00000012318890663109983
150788.8888888889,0.00000012020825002068136
150813.8888888889,-0.0000001225398313930981
150838.8888888889,0.0000001195586958324668
150863.8888888889,-0.00000012189287779129643
150888.8888888889,0.00000011890845041939713
150913.8888888889,-0.00000012123836201638483
150938.8888888889,0.00000011825313284141714
150963.8888888889,-0.00000012058890908051012
150988.8888888889,0.00000011759844520398133
151013.8888888889,-0.0000001199308572452651
151038.8888888889,0.00000011694200030554214
151063.8888888889,-0.00000011927682197487854
151088.8888888889,0.00000011628464058333066
151113.8888888889,-0.00000011861550319736125
151138.8888888889,0.00000011562257129504872
151163.8888888889,-0.0000001179577526766451
151188.8888888889,0.00000011495822560547708
151213.8888888889,-0.0000001172887149625268
151238.8888888889,0.00000011429216706382306
151263.8888888889,-0.00000011661996190959201
151288.8888888889,0.00000011361946183896521
151313.8888888889,-0.00000011594793081215471
151338.8888888889,0.00000011294103186010318
151363.8888888889,-0.0000001152714130814303
151388.8888888889,0.0000001122685600041251
151413.8888888889,-0.0000001145876733499307
151438.8888888889,0.00000011158431201252483
151463.8888888889,-0.00000011391435572605246
151488.8888888889,0.00000011090242213462886
151513.8888888889,-0.00000011322536819236007
151538.8888888889,0.00000011022313883835011
151563.8888888889,-0.00000011254363085910768
151588.8888888889,0.00000010953517914913391
151613.8888888889,-0.00000011185831372273469
151638.8888888889,0.00000010884697654311992
151663.8888888889,-0.00000011116858988913236
151688.8888888889,0.00000010815922868445682
151713.8888888889,-0.0000001104731073287013
151738.8888888889,0.00000010746190581834014
151763.8888888889,-0.00000010977977971116104
151788.8888888889,0.0000001067639305851742
151813.8888888889,-0.00000010907584058195141
151838.8888888889,0.00000010606110389943524
151863.8888888889,-0.00000010837383057626937
151888.8888888889,0.00000010535745076367675
151913.8888888889,-0.00000010766436253639711
151938.8888888889,0.00000010464872368665112
151963.8888888889,-0.00000010695963048590329
151988.8888888889,0.00000010394041560779499
152013.8888888889,-0.00000010624641610945673
152038.8888888889,0.00000010323023058589342
152063.8888888889,-0.00000010553692364467793
152088.8888888889,0.0000001025189744208177
152113.88888888893,-0.00000010482026868707806
152138.8888888889,0.00000010180300558104705
152163.8888888889,-0.00000010410690864937067
152188.8888888889,0.00000010108473680325858
152213.8888888889,-0.0000001033825398621957
152238.8888888889,0.00000010036461550733122
152263.8888888889,-0.00000010265839112122421
152288.8888888889,0.00000009963797853451695
152313.8888888889,-0.00000010193087418564062
152338.8888888889,0.00000009890568830606128
152363.8888888889,-0.00000010119896831639608
152388.8888888889,0.00000009817890145313868
152413.8888888889,-0.00000010045994280893922
152438.8888888889,0.00000009744062134942055
152463.88888888893,-0.0000000997307612049525
152488.8888888889,0.00000009670441558640164
152513.8888888889,-0.00000009898634423244346
152538.8888888889,0.000000095970467350881
152563.8888888889,-0.00000009824876423536466
152588.8888888889,0.00000009522801724948238
152613.8888888889,-0.00000009750754204063128
152638.8888888889,0.00000009448512550136456
152663.8888888889,-0.00000009676199885788606
152688.8888888889,0.00000009374250775628923
152713.8888888889,-0.00000009601074757448202
152738.8888888889,0.00000009299050729438818
152763.8888888889,-0.00000009526149113980864
152788.8888888889,0.00000009223771368915834
152813.88888888893,-0.00000009450186411186223
152838.8888888889,0.00000009148007062975694
152863.8888888889,-0.00000009374398568517961
152888.8888888889,0.00000009072144568911256
152913.8888888889,-0.00000009297874803415596
152938.8888888889,0.00000008995771705322397
152963.8888888889,-0.00000009221794083913437
152988.8888888889,0.00000008919418226227549
153013.8888888889,-0.0000000914487621184179
153038.8888888889,0.00000008842863152835889
153063.8888888889,-0.00000009068302864179145
153088.8888888889,0.00000008766183556829787
153113.8888888889,-0.00000008991024547100324
153138.8888888889,0.00000008689029740160947
153163.88888888893,-0.00000008914049631769672
153188.8888888889,0.00000008611641244549162
153213.8888888889,-0.0000000883599944323521
153238.8888888889,0.00000008534051709752077
153263.8888888889,-0.00000008757964553574027
153288.8888888889,0.00000008455820710295825
153313.8888888889,-0.00000008679583296533622
153338.8888888889,0.00000008377029092621058
153363.8888888889,-0.00000008600771339573043
153388.8888888889,0.00000008298743203738468
153413.8888888889,-0.00000008521255923099602
153438.8888888889,0.00000008219333125225603
153463.8888888889,-0.00000008442669119368418
153488.8888888889,0.00000008140102614184741
153513.88888888893,-0.00000008362598191702375
153538.8888888889,0.00000008061063927478074
153563.8888888889,-0.00000008283170305212195
153588.8888888889,0.00000007981190619510414
153613.8888888889,-0.00000008203370183146319
153638.8888888889,0.00000007901253673558983
153663.8888888889,-0.00000008123143713234526
153688.8888888889,0.00000007821326475365709
153713.8888888889,-0.00000008042348609293981
153738.8888888889,0.00000007740478547013652
153763.8888888889,-0.00000007961735182249186
153788.8888888889,0.00000007659537670789973
153813.8888888889,-0.00000007880104413438005
153838.8888888889,0.00000007578111871353599
153863.8888888889,-0.0000000779862856514768
153888.8888888889,0.0000000749657314003116
153913.8888888889,-0.00000007716423122694493
153938.8888888889,0.00000007414521352444581
153963.8888888889,-0.0000000763462904007639
153988.8888888889,0.00000007332467877319004
154013.8888888889,-0.00000007552005243383064
154038.8888888889,0.00000007250199951513991
154063.8888888889,-0.00000007469696905459955
154088.8888888889,0.00000007167791160611614
154113.8888888889,-0.00000007386691192046158
154138.8888888889,0.00000007084905306875555
154163.8888888889,-0.00000007303961102600454
154188.8888888889,0.00000007001780266691071
154213.8888888889,-0.00000007220176745370566
154238.8888888889,0.0000000691843895506139
154263.8888888889,-0.00000007136398405549471
154288.8888888889,0.00000006834465260396883
154313.8888888889,-0.00000007052261663531567
154338.8888888889,0.00000006749934944316749
154363.8888888889,-0.00000006967699328619403
154388.8888888889,0.00000006665867613442344
154413.8888888889,-0.00000006882439040900579
154438.8888888889,0.00000006580699207781038
154463.8888888889,-0.00000006798052432088753
154488.8888888889,0.00000006495683368967775
154513.8888888889,-0.00000006712216671367344
154538.8888888889,0.00000006410826380864876
154563.8888888889,-0.00000006626983650726004
154588.8888888889,0.00000006325148360630806
154613.8888888889,-0.00000006541368802182035
154638.8888888889,0.00000006239386984852047
154663.8888888889,-0.00000006455331136301368
154688.8888888889,0.0000000615361714917384
154713.8888888889,-0.00000006368724969618711
154738.8888888889,0.00000006066941371507539
154763.8888888889,-0.00000006282281872493911
154788.8888888889,0.00000005980157968821231
154813.8888888889,-0.0000000619483826458378
154838.8888888889,0.00000005892887799952007
154863.8888888889,-0.00000006107529237908693
154888.8888888889,0.00000005805489000643149
154913.8888888889,-0.00000006019495035758382
154938.8888888889,0.00000005717572815200356
154963.8888888889,-0.000000059318409295627816
154988.8888888889,0.00000005629633359482966
155013.8888888889,-0.000000058433625937936995
155038.8888888889,0.000000055414655975027927
155063.8888888889,-0.00000005755170850996194
155088.8888888889,0.00000005453139806377294
155113.8888888889,-0.00000005666287217209742
155138.8888888889,0.000000053643325115260154
155163.8888888889,-0.000000055776511853622424
155188.8888888889,0.000000052752802126576626
155213.8888888889,-0.00000005487978627094492
155238.8888888889,0.00000005185995433087953
155263.8888888889,-0.00000005398301317072196
155288.8888888889,0.00000005096085464728617
155313.8888888889,-0.000000053082518380875854
155338.8888888889,0.00000005005621339648769
155363.8888888889,-0.0000000521777925310829
155388.8888888889,0.00000004915578766251372
155413.8888888889,-0.00000005126611468675435
155438.8888888889,0.000000048244561012822373
155463.8888888889,-0.0000000503626287340353
155488.8888888889,0.00000004733459912920068
155513.8888888889,-0.00000004944495390901693
155538.8888888889,0.000000046425909117076
155563.8888888889,-0.00000004853289725659238
155588.8888888889,0.00000004550913357270758
155613.8888888889,-0.0000000476168990903858
155638.88888888893,0.00000004459133573497809
155663.8888888889,-0.00000004669667230672303
155688.8888888889,0.000000043673278771194646
155713.8888888889,-0.00000004577072520994818
155738.8888888889,0.000000042746300499274525
155763.8888888889,-0.0000000448461967561542
155788.8888888889,0.000000041818107643365465
155813.8888888889,-0.000000043911782876548955
155838.8888888889,0.000000040885030250237264
155863.8888888889,-0.00000004297848499312806
155888.8888888889,0.00000003995052044736269
155913.8888888889,-0.00000004203793824153479
155938.8888888889,0.000000039010798591476714
155963.8888888889,-0.00000004110086004871505
155988.88888888893,0.00000003807064374861113
156013.8888888889,-0.00000004015555310488139
156038.8888888889,0.000000037128077945425275
156063.8888888889,-0.00000003921280122831661
156088.8888888889,0.000000036183771756626015
156113.8888888889,-0.000000038263145096806284
156138.8888888889,0.000000035234609008227835
156163.8888888889,-0.00000003731566167175515
156188.8888888889,0.00000003428294026441847
156213.8888888889,-0.00000003635794310064
156238.8888888889,0.00000003332879061623828
156263.8888888889,-0.000000035400039566368946
156288.8888888889,0.00000003236845258491883
156313.8888888889,-0.000000034438247586976445
156338.88888888893,0.000000031402592082230285
156363.8888888889,-0.00000003347221610994211
156388.8888888889,0.000000030440548082211194
156413.8888888889,-0.000000032499227531346264
156438.8888888889,0.00000002946789412483497
156463.8888888889,-0.000000031533887501211666
156488.8888888889,0.000000028496250026321945
156513.8888888889,-0.00000003055461728074249
156538.8888888889,0.00000002752556715890364
156563.8888888889,-0.000000029580553118080388
156588.8888888889,0.00000002654690400838433
156613.8888888889,-0.00000002860240622126753
156638.8888888889,0.000000025567024053430032
156663.8888888889,-0.00000002762000694822575
156688.88888888893,0.000000024586703117890352
156713.8888888889,-0.000000026631830740697637
156738.8888888889,0.000000023597571008338036
156763.8888888889,-0.00000002564485046541165
156788.8888888889,0.000000022607072658331617
156813.8888888889,-0.00000002464807713487005
156838.8888888889,0.00000002161165202352322
156863.8888888889,-0.000000023652183323008558
156888.8888888889,0.000000020614639550942115
156913.8888888889,-0.000000022649025099852338
156938.8888888889,0.0000000196123561835293
156963.8888888889,-0.00000002164900436696371
156988.8888888889,0.000000018609428442672993
157013.8888888889,-0.00000002064074977603525
157038.88888888893,0.000000017603947188860047
157063.8888888889,-0.000000019634739389928768
157088.8888888889,0.000000016596550800329624
157113.8888888889,-0.000000018621820530029254
157138.8888888889,0.000000015584235013577086
157163.8888888889,-0.000000017610767955034135
157188.8888888889,0.0000000145693381803369
157213.8888888889,-0.00000001658958193040405
157238.8888888889,0.000000013551788802246278
157263.8888888889,-0.000000015568060174331322
157288.8888888889,0.000000012528089454733049
157313.8888888889,-0.000000014542468562694921
157338.8888888889,0.00000001149886497131547
157363.8888888889,-0.000000013512606589216603
157388.8888888889,0.000000010473059752769132
157413.8888888889,-0.000000012475758870422737
157438.8888888889,0.00000000943680822373949
157463.8888888889,-0.000000011446020575789362
157488.8888888889,0.00000000840131009205436
157513.8888888889,-0.000000010402570582712656
157538.8888888889,0.0000000073664636612846834
157563.8888888889,-0.000000009363910313808788
157588.8888888889,0.000000006323722656631503
157613.8888888889,-0.000000008321003663880333
157638.8888888889,0.000000005279567449889555
157663.8888888889,-0.000000007273791124973172
157688.8888888889,0.000000004234785633272509
157713.8888888889,-0.000000006220715276228361
157738.8888888889,0.0000000031812839029754514
157763.8888888889,-0.000000005168591998838679
157788.8888888889,0.000000002126260501000843
157813.8888888889,-0.0000000041067282907647495
157838.8888888889,0.0000000010662675187234072
157863.8888888889,-0.0000000030454869737184254
157888.8888888889,0.000000000004520606111668712
157913.8888888889,-0.0000000019769321735196854
157938.8888888889,-0.0000000010625622604010232
157963.8888888889,-0.000000000911168696049458
157988.8888888889,-0.0000000021304997765980715
158013.8888888889,0.00000000016286660908804151
158038.8888888889,-0.0000000032011364670125886
158063.8888888889,0.0000000012349841149728036
158088.8888888889,-0.000000004273865705783919
158113.8888888889,0.000000002314046509965806
158138.8888888889,-0.000000005351586951363174
158163.8888888889,0.0000000033915654729099742
158188.8888888889,-0.000000006431974286513764
158213.8888888889,0.000000004479153492553678
158238.8888888889,-0.000000007515194688778593
158263.8888888889,0.00000000556724910616424
158288.8888888889,-0.00000000860454663076382
158313.8888888889,0.00000000665961730206277
158338.8888888889,-0.000000009699445024935471
158363.8888888889,0.000000007756310704820635
158388.8888888889,-0.000000010791321392034092
158413.8888888889,0.000000008860041811331598
158438.8888888889,-0.000000011893511286942271
158463.8888888889,0.000000009957197510956917
158488.8888888889,-0.000000012995213571898034
158513.8888888889,0.000000011067878835646638
158538.8888888889,-0.00000001409658323403562
158563.8888888889,0.000000012174183883217893
158588.8888888889,-0.000000015205793513217714
158613.8888888889,0.000000013284909838873205
158638.8888888889,-0.000000016316635376156796
158663.8888888889,0.00000001440000918506712
158688.8888888889,-0.000000017428311682721187
158713.8888888889,0.00000001552107131708169
158738.8888888889,-0.00000001854865572248343
158763.8888888889,0.000000016641426681118787
158788.8888888889,-0.00000001967070373254387
158813.8888888889,0.000000017771488058926366
158838.8888888889,-0.000000020797802369187934
158863.8888888889,0.000000018901183729269633
158888.8888888889,-0.000000021926844562258907
158913.8888888889,0.00000002003825172458562
158938.8888888889,-0.000000023061321963169235
158963.8888888889,0.00000002117286723724021
158988.8888888889,-0.00000002419689026922356
159013.8888888889,0.00000002231580253919674
159038.8888888889,-0.000000025335332720644033
159063.8888888889,0.00000002345714067431004
159088.8888888889,-0.00000002647607377781469
159113.8888888889,0.00000002460547054994322
159138.8888888889,-0.00000002762191453342666
159163.88888888893,0.00000002575257629366945
159188.8888888889,-0.000000028770539506339787
159213.8888888889,0.0000000269097053529066
159238.8888888889,-0.000000029922207822608016
159263.8888888889,0.000000028067519419749942
159288.8888888889,-0.00000003108002721852188
159313.8888888889,0.000000029229815456943697
159338.8888888889,-0.00000003224344924390721
159363.8888888889,0.00000003039650575686892
159388.8888888889,-0.000000033404261579050853
159413.8888888889,0.00000003157030081801793
159438.8888888889,-0.00000003457529418326999
159463.8888888889,0.00000003273804538572733
159488.8888888889,-0.00000003574612317258641
159513.88888888893,0.000000033919159259099274
159538.8888888889,-0.00000003691695327212585
159563.8888888889,0.000000035096310080362514
159588.8888888889,-0.000000038095603338561546
159613.8888888889,0.000000036278070547624
159638.8888888889,-0.00000003927612080012466
159663.8888888889,0.000000037464293667355264
159688.8888888889,-0.00000004045769852467629
159713.8888888889,0.00000003865660014312766
159738.8888888889,-0.000000041647924220455934
159763.8888888889,0.00000003984845986515495
159788.8888888889,-0.00000004284005483690123
159813.8888888889,0.00000004105002204823904
159838.8888888889,-0.00000004403734044089447
159863.88888888893,0.00000004225148897418762
159888.8888888889,-0.000000045236776546886404
159913.8888888889,0.00000004346041326819261
159938.8888888889,-0.000000046441767764804354
159963.8888888889,0.00000004466723368956593
159988.8888888889,-0.00000004764810013213605
160013.8888888889,0.00000004588244784109463
160038.8888888889,-0.00000004885749849137255
160063.8888888889,0.00000004709639633837526
160088.8888888889,-0.0000000500694190552764
160113.8888888889,0.00000004831740874067236
160138.8888888889,-0.00000005128656965780465
160163.8888888889,0.000000049537527857523855
160188.8888888889,-0.000000052506645698002785
160213.88888888893,0.00000005076765496880853
160238.8888888889,-0.00000005372999667407896
160263.8888888889,0.00000005199866071059489
160288.8888888889,-0.0000000549595495780153
160313.8888888889,0.00000005323437402005027
160338.8888888889,-0.000000056194791264729815
160363.8888888889,0.00000005447457018803448
160388.8888888889,-0.0000000574278493647995
160413.8888888889,0.00000005572195682645997
160438.8888888889,-0.000000058671075109373305
160463.8888888889,0.00000005696381211173218
160488.8888888889,-0.00000005991440277242077
160513.8888888889,0.000000058218908138840675
160538.8888888889,-0.00000006115808703910375
160563.88888888893,0.00000005947045034204734
160588.8888888889,-0.00000006240961147874202
160613.8888888889,0.00000006072679981095064
160638.8888888889,-0.0000000636632686568106
160663.8888888889,0.00000006198771274057435
160688.8888888889,-0.00000006491824477983243
160713.8888888889,0.00000006325484047664531
160738.8888888889,-0.00000006618189529739027
160763.8888888889,0.00000006452178369364958
160788.8888888889,-0.00000006744768765720721
160813.8888888889,0.00000006579844114007471
160838.8888888889,-0.00000006871878088787753
160863.8888888889,0.00000006707527422378234
160888.8888888889,-0.00000006999226753734433
160913.88888888893,0.00000006835965860041426
160938.8888888889,-0.00000007127147094720954
160963.8888888889,0.00000006964228282946294
160988.8888888889,-0.0000000725522999456274
161013.8888888889,0.00000007093338494357226
161038.8888888889,-0.00000007383642386393774
161063.8888888889,0.00000007222354958535959
161088.8888888889,-0.00000007512332977910319
161113.8888888889,0.00000007352086073275643
161138.8888888889,-0.00000007641563759541725
161163.8888888889,0.0000000748176096632136
161188.8888888889,-0.0000000777110509275758
161213.8888888889,0.00000007612436947468382
161238.8888888889,-0.00000007901000742549513
161263.8888888889,0.00000007743220953315699
161288.8888888889,-0.0000000803152593320533
161313.8888888889,0.00000007874499274862501
161338.8888888889,-0.00000008162632636476985
161363.8888888889,0.00000008006236296154157
161388.8888888889,-0.00000008293565856298812
161413.8888888889,0.00000008138702733972991
161438.8888888889,-0.00000008425514952392632
161463.8888888889,0.00000008270667639642681
161488.8888888889,-0.0000000855750723616211
161513.8888888889,0.00000008403946893942305
161538.8888888889,-0.00000008689572905673515
161563.8888888889,0.00000008536912243783945
161588.8888888889,-0.00000008822428276822336
161613.8888888889,0.00000008670379969544229
161638.8888888889,-0.00000008955525920839591
161663.8888888889,0.00000008804316631305653
161688.8888888889,-0.00000009088783636812536
161713.8888888889,0.0000000893889047226537
161738.8888888889,-0.00000009222914987283559
161763.8888888889,0.00000009073474083187705
161788.8888888889,-0.00000009357286478994808
161813.8888888889,0.00000009209033713375447
161838.8888888889,-0.00000009492205332861658
161863.8888888889,0.00000009344640083952527
161888.8888888889,-0.00000009627389996325064
161913.8888888889,0.00000009481014129342213
161938.8888888889,-0.00000009763164943166203
161963.8888888889,0.00000009617248242221876
161988.8888888889,-0.00000009899132669133337
162013.8888888889,0.00000009754341800949362
162038.8888888889,-0.00000010035454867107774
162063.8888888889,0.0000000989137638462978
162088.8888888889,-0.00000010172083242387941
162113.8888888889,0.00000010029137098577223
162138.8888888889,-0.00000010309271525343888
162163.8888888889,0.0000001016687674049166
162188.8888888889,-0.00000010446790876805778
162213.8888888889,0.00000010305621445105828
162238.8888888889,-0.00000010584693677095913
162263.8888888889,0.00000010444496845174456
162288.8888888889,-0.0000001072323856377011
162313.8888888889,0.00000010583892695592567
162338.8888888889,-0.00000010862380595000332
162363.8888888889,0.00000010723760524022907
162388.8888888889,-0.00000011001395705534378
162413.8888888889,0.00000010864370891816577
162438.8888888889,-0.00000011141429667738123
162463.8888888889,0.00000011004532085578944
162488.8888888889,-0.00000011281542100505249
162513.8888888889,0.00000011146001521744608
162538.8888888889,-0.0000001142176797586103
162563.8888888889,0.00000011287199463971831
162588.8888888889,-0.000000115627931229767
162613.8888888889,0.00000011428923474277042
162638.8888888889,-0.00000011704092472974992
162663.8888888889,0.00000011571131341980845
162688.88888888893,-0.00000011845583203218268
162713.8888888889,0.00000011713994352291479
162738.8888888889,-0.00000011987958115078357
162763.8888888889,0.00000011856896775519488
162788.8888888889,-0.00000012130602544679903
162813.8888888889,0.0000001200078263430271
162838.8888888889,-0.0000001227381556390128
162863.8888888889,0.00000012144745742403984
162888.8888888889,-0.00000012417324235514116
162913.8888888889,0.00000012289491313488554
162938.8888888889,-0.00000012561445661418702
162963.8888888889,0.00000012434134033512123
162988.8888888889,-0.00000012705793350775707
163013.8888888889,0.00000012579650165989165
163038.88888888893,-0.00000012850523956053905
163063.8888888889,0.00000012725143294645136
163088.8888888889,-0.0000001299559211354051
163113.8888888889,0.00000012871376520173783
163138.8888888889,-0.00000013141243671022096
163163.8888888889,0.00000013017625266620314
163188.8888888889,-0.0000001328725038884926
163213.8888888889,0.00000013164886247807317
163238.8888888889,-0.00000013433673062834828
163263.8888888889,0.00000013312302837853451
163288.8888888889,-0.00000013580754232300762
163313.8888888889,0.00000013460268455389723
163338.8888888889,-0.0000001372845184199889
163363.8888888889,0.00000013608722304603305
163388.88888888893,-0.0000001387607113656486
163413.8888888889,0.0000001375793510227652
163438.8888888889,-0.00000014024716277205584
163463.8888888889,0.00000013906752505121744
163488.8888888889,-0.00000014173477369539
163513.8888888889,0.0000001405687646283127
163538.8888888889,-0.00000014322393937504785
163563.8888888889,0.00000014206773579772403
163588.8888888889,-0.00000014472122655817543
163613.8888888889,0.00000014357223832028865
163638.8888888889,-0.0000001462215972747316
163663.8888888889,0.00000014508176837679798
163688.8888888889,-0.00000014772421619291265
163713.8888888889,0.0000001465980696835345
163738.88888888893,-0.00000014923581326264923
163763.8888888889,0.00000014811509774226295
163788.8888888889,-0.00000015075042014700557
163813.8888888889,0.00000014964208205903162
163838.8888888889,-0.00000015227094896097526
163863.8888888889,0.00000015117018103971702
163888.8888888889,-0.00000015379475204468918
163913.8888888889,0.00000015270629849517547
163938.8888888889,-0.00000015532492958492128
163963.8888888889,0.0000001542417926714279
163988.8888888889,-0.00000015685772081219795
164013.8888888889,0.000000155786208155817
164038.8888888889,-0.0000001583946445116169
164063.8888888889,0.0000001573307892854814
164088.88888888893,-0.00000015993527546775965
164113.8888888889,0.00000015888295812338527
164138.8888888889,-0.00000016148199866172774
164163.8888888889,0.00000016043568584755974
164188.8888888889,-0.00000016303253702609766
164213.8888888889,0.00000016199865959798387
164238.8888888889,-0.0000001645875806755015
164263.8888888889,0.00000016356347942725336
164288.8888888889,-0.00000016614940245851528
164313.8888888889,0.00000016513411726926108
164338.8888888889,-0.0000001677176093561883
164363.8888888889,0.0000001667098443736137
164388.8888888889,-0.00000016928553514539146
164413.8888888889,0.00000016829336879631285
164438.88888888893,-0.0000001708638246444849
164463.8888888889,0.0000001698735025978948
164488.8888888889,-0.00000017244367067625888
164513.8888888889,0.00000017146673680912272
164538.8888888889,-0.00000017402551333312033
164563.8888888889,0.00000017305817623380904
164588.8888888889,-0.0000001756156433607714
164613.8888888889,0.00000017465545520956027
164638.8888888889,-0.00000017720922573793985
164663.8888888889,0.00000017625798998111009
164688.8888888889,-0.00000017880542046988523
164713.8888888889,0.00000017786755490689643
164738.8888888889,-0.0000001804107707670255
164763.8888888889,0.00000017947821051578217
164788.88888888893,-0.00000018201947793450302
164813.8888888889,0.0000001810989878059388
164838.8888888889,-0.00000018363438036850255
164863.8888888889,0.00000018272125279494844
164888.8888888889,-0.0000001852529083468113
164913.8888888889,0.00000018435176807329867
164938.8888888889,-0.00000018687809499873254
164963.8888888889,0.00000018598209305942248
164988.8888888889,-0.00000018850627836464184
165013.8888888889,0.00000018762156539509078
165038.8888888889,-0.0000001901389317104929
165063.8888888889,0.00000018926162814736358
165088.8888888889,-0.0000001917756584646213
165113.8888888889,0.0000001909095055374621
165138.8888888889,-0.00000019341877255385498
165163.8888888889,0.00000019255837657716768
165188.8888888889,-0.0000001950660009075733
165213.8888888889,0.00000019421766328520107
165238.8888888889,-0.00000019671811513077841
165263.8888888889,0.0000001958791244760505
165288.8888888889,-0.0000001983772390801164
165313.8888888889,0.0000001975467707193701
165338.8888888889,-0.00000020004300593789992
165363.8888888889,0.00000019921975757952737
165388.8888888889,-0.00000020170901726679347
165413.8888888889,0.00000020090079599910382
165438.8888888889,-0.00000020338553796683811
165463.8888888889,0.00000020257903798892585
165488.8888888889,-0.00000020506403752840185
165513.8888888889,0.00000020427047187077108
165538.8888888889,-0.0000002067449993425896
165563.8888888889,0.00000020596062211275523
165588.8888888889,-0.00000020843444903384523
165613.8888888889,0.0000002076569680653506
165638.8888888889,-0.00000021012774631401498
165663.8888888889,0.00000020935885025608059
165688.8888888889,-0.0000002118240447490649
165713.8888888889,0.000000211068074573717
165738.8888888889,-0.0000002135297105798628
165763.8888888889,0.00000021277880235537339
165788.8888888889,-0.00000021523910587184503
165813.8888888889,0.00000021449987719357466
165838.8888888889,-0.00000021695499885510117
165863.8888888889,0.0000002162228620594675
165888.8888888889,-0.00000021867489263804885
165913.8888888889,0.00000021795438764904418
165938.8888888889,-0.00000022040175684523433
165963.8888888889,0.00000021968620256274107
165988.8888888889,-0.0000002221320241080349
166013.8888888889,0.000000221427450597389
166038.8888888889,-0.00000022386712417166166
166063.8888888889,0.0000002231697620036499
166088.8888888889,-0.00000022560668888615965
166113.8888888889,0.00000022492017337505388
166138.8888888889,-0.00000022735296600906452
166163.8888888889,0.00000022667206334148204
166188.8888888889,-0.00000022910368624451394
166213.88888888893,0.00000022843460012467176
166238.8888888889,-0.000000230859701577657
166263.8888888889,0.00000023019969197513035
166288.8888888889,-0.0000002326229942006819
166313.8888888889,0.00000023197138943054085
166338.8888888889,-0.0000002343932228310308
166363.8888888889,0.0000002337487337022992
166388.8888888889,-0.00000023616424704719918
166413.8888888889,0.0000002355344383975222
166438.8888888889,-0.00000023794596981652205
166463.8888888889,0.00000023731797904602558
166488.8888888889,-0.0000002397301250844919
166513.8888888889,0.00000023911486390915115
166538.8888888889,-0.00000024151724042908995
166563.88888888893,0.00000024091101580303587
166588.8888888889,-0.00000024331308923208894
166613.8888888889,0.00000024271376686257895
166638.8888888889,-0.0000002451132190550709
166663.8888888889,0.00000024452238456262876
166688.8888888889,-0.0000002469167792451543
166713.8888888889,0.000000246338705212068
166738.8888888889,-0.00000024872996884361953
166763.8888888889,0.00000024815698473901193
166788.8888888889,-0.0000002505473037928141
166813.8888888889,0.0000002499858884341677
166838.8888888889,-0.00000025237148615353533
166863.8888888889,0.0000002518171662302393
166888.8888888889,-0.00000025420009031051904
166913.88888888893,0.00000025365732247983885
166938.8888888889,-0.00000025603602527013436
166963.8888888889,0.0000002554982860836219
166988.8888888889,-0.00000025787581403591275
167013.8888888889,0.0000002573490158752634
167038.8888888889,-0.00000025972084527481343
167063.8888888889,0.0000002592013217395106
167088.8888888889,-0.00000026157077925859085
167113.8888888889,0.0000002610620615239867
167138.8888888889,-0.00000026342780090615747
167163.8888888889,0.00000026292480459488843
167188.8888888889,-0.00000026528964403027544
167213.8888888889,0.00000026479848025395825
167238.8888888889,-0.0000002671572389978394
167263.88888888893,0.000000266675137527983
167288.8888888889,-0.00000026903243166565005
167313.8888888889,0.00000026855886847698685
167338.8888888889,-0.0000002709149040658332
167363.8888888889,0.0000002704486046223309
167388.8888888889,-0.0000002727987633566187
167413.8888888889,0.0000002723470631238456
167438.8888888889,-0.0000002746935647834903
167463.8888888889,0.0000002742440299297044
167488.8888888889,-0.0000002765912940905224
167513.8888888889,0.000000276154555889363
167538.8888888889,-0.00000027849252193234975
167563.8888888889,0.00000027806494484750033
167588.8888888889,-0.0000002804027801062148
167613.88888888893,0.0000002799823912713606
167638.8888888889,-0.0000002823177951416511
167663.8888888889,0.0000002819060931358308
167688.8888888889,-0.000000284236712611019
167713.8888888889,0.0000002838379176139938
167738.8888888889,-0.00000028616557257166164
167763.8888888889,0.00000028577221167225275
167788.8888888889,-0.0000002880990372933212
167813.8888888889,0.00000028771747251354896
167838.8888888889,-0.00000029003974622021644
167863.8888888889,0.00000028966562726218115
167888.8888888889,-0.00000029198534057250924
167913.8888888889,0.00000029162306147689776
167938.8888888889,-0.00000029393867273519447
167963.88888888893,0.00000029358187481065556
167988.8888888889,-0.00000029589635230919953
168013.8888888889,0.0000002955508522362038
168038.8888888889,-0.00000029785972843754394
168063.8888888889,0.0000002975219735024126
168088.8888888889,-0.0000002998284911459592
168113.8888888889,0.0000002995019257046039
168138.8888888889,-0.0000003018047658454037
168163.8888888889,0.0000003014844629500857
168188.8888888889,-0.00000030378628945726405
168213.8888888889,0.0000003034782845023898
168238.8888888889,-0.0000003057740716183588
168263.8888888889,0.0000003054755728371106
168288.8888888889,-0.0000003077698271791718
168313.88888888893,0.00000030748046198070256
168338.8888888889,-0.0000003097732621526461
168363.8888888889,0.00000030949177531880423
168388.8888888889,-0.00000031177872261700657
168413.8888888889,0.00000031151223334191513
168438.8888888889,-0.0000003137954314169633
168463.8888888889,0.0000003135319179836671
168488.8888888889,-0.0000003158156174354332
168513.8888888889,0.000000315565442665644
168538.8888888889,-0.0000003178398941816596
168563.8888888889,0.00000031759947360932017
168588.8888888889,-0.00000031987356363671893
168613.8888888889,0.00000031964107449766743
168638.8888888889,-0.00000032191252619107047
168663.88888888893,0.0000003216893758040129
168688.8888888889,-0.0000003239559249745838
168713.8888888889,0.0000003237462751215503
168738.8888888889,-0.000000326009650608583
168763.8888888889,0.0000003258062044597665
168788.8888888889,-0.00000032806850547295596
168813.8888888889,0.0000003278775015935764
168838.8888888889,-0.00000033013507083623495
168863.8888888889,0.00000032995226129095556
168888.8888888889,-0.00000033220705275560647
168913.8888888889,0.00000033203675653403764
168938.8888888889,-0.0000003342872505474048
168963.8888888889,0.0000003341232492903856
168988.8888888889,-0.00000033637235596906123
169013.8888888889,0.0000003362203591095181
169038.8888888889,-0.0000003384636824144138
169063.8888888889,0.00000033832022783286675
169088.8888888889,-0.00000034056094833090356
169113.8888888889,0.00000034042938112932575
169138.8888888889,-0.00000034266622406242675
169163.8888888889,0.00000034254175007575327
169188.8888888889,-0.00000034477724830672685
169213.8888888889,0.00000034466581610992364
169238.8888888889,-0.00000034689510841623417
169263.8888888889,0.00000034679388827285607
169288.8888888889,-0.00000034902139334214155
169313.8888888889,0.00000034893014499992603
169338.8888888889,-0.00000035115583107980797
169363.8888888889,0.0000003510733042055847
169388.8888888889,-0.0000003532929970795351
169413.8888888889,0.0000003532260921534913
169438.8888888889,-0.00000035544179599611425
169463.8888888889,0.00000035537887499437204
169488.8888888889,-0.00000035759468697271757
169513.8888888889,0.0000003575458489279981
169538.8888888889,-0.0000003597523265952418
169563.8888888889,0.0000003597140270095167
169588.8888888889,-0.0000003619197959103815
169613.8888888889,0.0000003618903516855454
169638.8888888889,-0.00000036409316184204954
169663.8888888889,0.00000036407388881443126
169688.8888888889,-0.00000036627156529966953
169713.8888888889,0.0000003662665672976573
169738.88888888893,-0.00000036846075435192915
169763.8888888889,0.00000036846290107916957
169788.8888888889,-0.0000003706556654936577
169813.8888888889,0.00000037067107760968554
169838.8888888889,-0.00000037285882426019157
169863.8888888889,0.0000003728833519733854
169888.8888888889,-0.0000003750679988812067
169913.8888888889,0.00000037510589079303713
169938.8888888889,-0.0000003772859384909566
169963.8888888889,0.0000003773311103572041
169988.8888888889,-0.0000003795094138947519
170013.8888888889,0.0000003795674747841815
170038.8888888889,-0.00000038173970406951696
170063.8888888889,0.0000003818072800143568
170088.88888888893,-0.0000003839765572166698
170113.8888888889,0.0000003840568980617576
170138.8888888889,-0.00000038622199149962455
170163.8888888889,0.00000038631043008940935
170188.8888888889,-0.00000038847374761452613
170213.8888888889,0.00000038857615036747006
170238.8888888889,-0.000000390732991517595
170263.8888888889,0.00000039084648717491177
170288.8888888889,-0.0000003930011909236697
170313.8888888889,0.00000039312566380012015
170338.8888888889,-0.0000003952780966987035
170363.8888888889,0.00000039541229468476047
170388.8888888889,-0.0000003975585056714692
170413.8888888889,0.00000039770911253178554
170438.88888888893,-0.0000003998510187397386
170463.8888888889,0.0000004000067546083841
170488.8888888889,-0.00000040214831709128873
170513.8888888889,0.00000040231901810017234
170538.8888888889,-0.0000004044511003886697
170563.8888888889,0.0000004046332471308034
170588.8888888889,-0.0000004067642398464244
170613.8888888889,0.0000004069562689057449
170638.8888888889,-0.00000040908396359284893
170663.8888888889,0.0000004092870868888099
170688.8888888889,-0.00000041140941231532224
170713.8888888889,0.0000004116276615118153
170738.8888888889,-0.00000041374619996759066
170763.8888888889,0.0000004139725833240959
170788.88888888893,-0.0000004160893911642205
170813.8888888889,0.00000041632989855600044
170838.8888888889,-0.0000004184414608143783
170863.8888888889,0.0000004186920132820404
170888.8888888889,-0.000000420800236655694
170913.8888888889,0.0000004210649946490008
170938.8888888889,-0.000000423168420748965
170963.8888888889,0.0000004234414052728397
170988.8888888889,-0.00000042554286050489054
171013.8888888889,0.0000004258295627224129
171038.8888888889,-0.0000004279248024818827
171063.8888888889,0.00000042822191015368105
171088.8888888889,-0.0000004303140241912473
171113.8888888889,0.00000043062467436350005
171138.88888888893,-0.0000004327124953906747
171163.8888888889,0.0000004330321208279031
171188.8888888889,-0.0000004351179572203989
171213.8888888889,0.0000004354523275296174
171238.8888888889,-0.000000437531654018386
171263.8888888889,0.00000043787783576831885
171288.8888888889,-0.0000004399549353717447
171313.8888888889,0.00000044031291723811705
171338.8888888889,-0.0000004423875743508887
171363.8888888889,0.00000044275608601651584
171388.8888888889,-0.000000444824580725367
171413.8888888889,0.0000004452100828000738
171438.8888888889,-0.0000004472742634042959
171463.8888888889,0.00000044766580642452425
171488.88888888893,-0.00000044972951496191627
171513.8888888889,0.0000004501366741571644
171538.8888888889,-0.00000045219107813743165
171563.8888888889,0.0000004526103474233878
171588.8888888889,-0.000000454663622306839
171613.8888888889,0.00000045509354684725167
171638.8888888889,-0.00000045714353036352406
171663.8888888889,0.00000045758521727279344
171688.8888888889,-0.000000459629942328732
171713.8888888889,0.0000004600873513282977
171738.8888888889,-0.0000004621283449246505
171763.8888888889,0.0000004625946141700865
171788.8888888889,-0.0000004646339255565124
171813.8888888889,0.0000004651149192458348
171838.88888888893,-0.0000004671491100616265
171863.8888888889,0.00000046764081762518117
171888.8888888889,-0.00000046967178390922015
171913.8888888889,0.0000004701782831961765
171938.8888888889,-0.00000047220460475116965
171963.8888888889,0.0000004727200182408353
171988.8888888889,-0.0000004747444932728939
172013.8888888889,0.0000004752742031044477
172038.8888888889,-0.0000004772926653906495
172063.8888888889,0.0000004778334219412983
172088.8888888889,-0.0000004798489292578978
172113.8888888889,0.000000480403762770365
172138.8888888889,-0.0000004824152084470512
172163.8888888889,0.0000004829796513838858
172188.88888888893,-0.0000004849892456526561
172213.8888888889,0.0000004855689774707628
172238.8888888889,-0.0000004875723631503348
172263.8888888889,0.0000004881643904663946
172288.8888888889,-0.000000490165798172626
172313.8888888889,0.0000004907702111367485
172338.8888888889,-0.0000004927693455503146
172363.8888888889,0.0000004933848556376574
172388.8888888889,-0.000000495378222220566
172413.8888888889,0.0000004960110735474643
172438.8888888889,-0.0000004980004573162944
172463.8888888889,0.0000004986400143902614
172488.8888888889,-0.0000005006291479148217
172513.8888888889,0.0000005012847319463276
172538.8888888889,-0.0000005032650804981387
172563.8888888889,0.0000005039331909539868
172588.8888888889,-0.0000005059127314854805
172613.8888888889,0.0000005065920125613133
172638.8888888889,-0.0000005085686352046537
172663.8888888889,0.0000005092600841027917
172688.8888888889,-0.0000005112319321209924
172713.8888888889,0.0000005119394315133974
172738.8888888889,-0.0000005139079899407761
172763.8888888889,0.0000005146247907816814
172788.8888888889,-0.000000516592113974923
172813.8888888889,0.0000005173239501221616
172838.8888888889,-0.000000519286684985687
172863.8888888889,0.0000005200295989382653
172888.8888888889,-0.000000521989644841625
172913.8888888889,0.0000005227476234104245
172938.8888888889,-0.0000005247036094502278
172963.8888888889,0.0000005254708601576397
172988.8888888889,-0.0000005274255709952769
173013.8888888889,0.0000005282073600731962
173038.8888888889,-0.0000005301567165272303
173063.8888888889,0.0000005309498423144987
173088.8888888889,-0.0000005328968850637494
173113.8888888889,0.0000005337042645603418
173138.8888888889,-0.000000535647957322638
173163.8888888889,0.0000005364652078121424
173188.8888888889,-0.0000005384076764425316
173213.8888888889,0.0000005392403843451632
173238.8888888889,-0.0000005411774428587535
173263.88888888893,0.0000005420225468455442
173288.8888888889,-0.0000005439583845578966
173313.8888888889,0.0000005448160680376901
173338.8888888889,-0.0000005467503174649835
173363.8888888889,0.0000005476192694864324
173388.8888888889,-0.0000005495486588014131
173413.8888888889,0.0000005504349118723439
173438.8888888889,-0.0000005523611685820384
173463.8888888889,0.0000005532543878583596
173488.8888888889,-0.0000005551811395054784
173513.8888888889,0.0000005560904041690407
173538.8888888889,-0.0000005580094015744663
173563.8888888889,0.000000558931218419545
173588.8888888889,-0.0000005608502460230369
173613.88888888893,0.0000005617833591653465
173638.8888888889,-0.0000005637003528402573
173663.8888888889,0.000000564645660894314
173688.8888888889,-0.000000566558863601685
173713.8888888889,0.0000005675201841803812
173738.8888888889,-0.0000005694310325488061
173763.8888888889,0.0000005704017338459266
173788.8888888889,-0.000000572312278457332
173813.8888888889,0.0000005732979817540951
173838.8888888889,-0.0000005752049401230863
173863.8888888889,0.0000005762017498689431
173888.8888888889,-0.0000005781070129273758
173913.8888888889,0.0000005791188433246219
173938.8888888889,-0.0000005810210745860189
173963.88888888893,0.0000005820422270819137
173988.8888888889,-0.0000005839441863386696
174013.8888888889,0.0000005849798316859278
174038.8888888889,-0.0000005868775083683886
174063.8888888889,0.0000005879245061901628
174088.8888888889,-0.0000005898209116672604
174113.8888888889,0.000000590882084816613
174138.8888888889,-0.0000005927762369850598
174163.8888888889,0.0000005938472991129373
174188.8888888889,-0.0000005957412290147346
174213.8888888889,0.0000005968276932666328
174238.8888888889,-0.0000005987173665733536
174263.8888888889,0.0000005998161176634653
174288.8888888889,-0.0000006017056737306348
174313.88888888893,0.000000602816999428768
174338.8888888889,-0.0000006047059881719719
174363.8888888889,0.0000006058285670906827
174388.8888888889,-0.0000006077139225180161
174413.8888888889,0.0000006088535944304141
174438.8888888889,-0.0000006107369789898343
174463.8888888889,0.0000006118837074797767
174488.8888888889,-0.0000006137686401341824
174513.8888888889,0.0000006149312812286922
174538.8888888889,-0.0000006168097810288486
174563.8888888889,0.0000006179848541787436
174588.8888888889,-0.0000006198645163824068
174613.8888888889,0.0000006210508691761873
174638.8888888889,-0.000000622929668958605
174663.88888888893,0.0000006241281089724993
174688.8888888889,-0.0000006260043832195805
174713.8888888889,0.000000627218670112839
174738.8888888889,-0.0000006290938077135877
174763.8888888889,0.0000006303174235888775
174788.8888888889,-0.0000006321934715725064
174813.8888888889,0.0000006334319317957693
174838.8888888889,-0.000000635305674956399
174863.8888888889,0.0000006365551443732187
174888.8888888889,-0.0000006384284667593221
174913.8888888889,0.0000006396927907381667
174938.8888888889,-0.0000006415643900581358
174963.8888888889,0.0000006428379593081957
174988.8888888889,-0.0000006447105731499647
175013.88888888893,0.0000006459984676077113
175038.8888888889,-0.0000006478681522370522
175063.8888888889,0.0000006491672908115476
175088.8888888889,-0.0000006510370313961289
175113.8888888889,0.0000006523501463462367
175138.8888888889,-0.0000006542190147396099
175163.8888888889,0.0000006555419136411444
175188.8888888889,-0.0000006574118476265767
175213.8888888889,0.0000006587499776777861
175238.8888888889,-0.0000006606170896983343
175263.8888888889,0.0000006619672832108847
175288.8888888889,-0.0000006638356633281717
175313.8888888889,0.000000665198314875326
175338.8888888889,-0.000000667067428405943
175363.88888888893,0.0000006684412119373206
175388.8888888889,-0.0000006703081876224815
175413.8888888889,0.0000006716987632771065
175438.8888888889,-0.0000006735651960632083
175463.8888888889,0.0000006749628223001736
175488.8888888889,-0.0000006768321183514558
175513.8888888889,0.0000006782454480269706
175538.8888888889,-0.0000006801098755282453
175563.8888888889,0.0000006815354498534987
175588.8888888889,-0.0000006834024133262062
175613.8888888889,0.0000006848391926883579
175638.8888888889,-0.0000006867066928428756
175663.8888888889,0.0000006881554115434341
175688.8888888889,-0.0000006900218632033273
175713.88888888893,0.0000006914862411555589
175738.8888888889,-0.0000006933529730357435
175763.8888888889,0.0000006948266169093387
175788.8888888889,-0.0000006966956580534145
175813.8888888889,0.0000006981840006137219
175838.8888888889,-0.0000007000521831113105
175863.8888888889,0.0000007015514649211241
175888.8888888889,-0.0000007034206503941931
175913.8888888889,0.0000007049346697485248
175938.8888888889,-0.0000007068035710044995
175963.8888888889,0.000000708326822973504
175988.8888888889,-0.0000007101981391866019
176013.8888888889,0.0000007117356379815476
176038.8888888889,-0.0000007136054700485062
176063.88888888893,0.0000007151542102956654
176088.8888888889,-0.0000007170255023059013
176113.8888888889,0.0000007185881485405332
176138.8888888889,-0.0000007204600074306455
176163.8888888889,0.0000007220324762524655
176188.8888888889,-0.000000723906733224311
176213.8888888889,0.0000007254944278667352
176238.8888888889,-0.0000007273673205965281
176263.8888888889,0.0000007289670382881752
176288.8888888889,-0.0000007308425964414056
176313.8888888889,0.0000007324548525478036
176338.8888888889,-0.0000007343324446296151
176363.8888888889,0.0000007359559224262568
176388.8888888889,-0.0000007378328537033241
176413.8888888889,0.0000007394730543452965
176438.8888888889,-0.000000741350843158628
176463.8888888889,0.000000742998320646393
176488.8888888889,-0.0000007448802559206769
176513.8888888889,0.000000746543479257511
176538.8888888889,-0.000000748422060770082
176563.8888888889,0.0000007500976000329729
176588.8888888889,-0.0000007519800433453128
176613.8888888889,0.0000007536669761609716
176638.8888888889,-0.0000007555513017454274
176663.8888888889,0.000000757250297578338
176688.8888888889,-0.0000007591349915347934
176713.8888888889,0.0000007608497381017543
176738.8888888889,-0.0000007627360705253494
176763.8888888889,0.0000007644602963985392
176788.88888888893,-0.0000007663502783472609
176813.8888888889,0.0000007680893405748179
176838.8888888889,-0.0000007699798498794763
176863.8888888889,0.0000007717300616327805
176888.8888888889,-0.0000007736229397092842
176913.8888888889,0.0000007753880564287385
176938.8888888889,-0.0000007772820327378582
176963.8888888889,0.0000007790566480814221
176988.8888888889,-0.0000007809543882686398
177013.8888888889,0.0000007827434531648692
177038.8888888889,-0.0000007846411036460665
177063.8888888889,0.0000007864416853298195
177088.8888888889,-0.0000007883421542231872
177113.8888888889,0.000000790156850838386
177138.88888888893,-0.0000007920592832721951
177163.8888888889,0.000000793884115557475
177188.8888888889,-0.0000007957902412591977
177213.8888888889,0.000000797630572479946
177238.8888888889,-0.0000007995367530266861
177263.8888888889,0.0000008013893439962061
177288.8888888889,-0.0000008032995544304811
177313.8888888889,0.0000008051650397522536
177338.8888888889,-0.0000008070785537661607
177363.8888888889,0.0000008089556273738197
177388.8888888889,-0.0000008108699223186022
177413.8888888889,0.0000008127639348209925
177438.8888888889,-0.0000008146804544306718
177463.8888888889,0.0000008165822480421525
177488.88888888893,-0.0000008185041655561776
177513.8888888889,0.0000008204220383056793
177538.8888888889,-0.0000008223420742137222
177563.8888888889,0.0000008242726288187896
177588.8888888889,-0.0000008261978139412207
177613.8888888889,0.0000008281402490428746
177638.8888888889,-0.0000008300686171747174
177663.8888888889,0.0000008320235478365134
177688.8888888889,-0.0000008339536485824084
177713.8888888889,0.0000008359247412048632
177738.8888888889,-0.0000008378577807111043
177763.8888888889,0.0000008398388906538656
177788.8888888889,-0.0000008417768564417116
177813.8888888889,0.000000843773279468607
177838.88888888893,-0.0000008457130840078264
177863.8888888889,0.0000008477212136703827
177888.8888888889,-0.0000008496646717315315
177913.8888888889,0.0000008516882343823085
177938.8888888889,-0.0000008536340814213617
177963.8888888889,0.0000008556677759674614
177988.8888888889,-0.0000008576186385500506
178013.8888888889,0.000000859667368180439
178038.8888888889,-0.0000008616194258070919
178063.8888888889,0.0000008636803390249526
178088.8888888889,-0.0000008656364585135634
178113.8888888889,0.0000008677121003941579
178138.8888888889,-0.0000008696714555167517
178163.8888888889,0.0000008717579578210177
178188.88888888893,-0.0000008737221735000134
178213.8888888889,0.0000008758248719598072
178238.8888888889,-0.000000877790423459146
178263.8888888889,0.0000008799060504660616
178288.8888888889,-0.0000008818768559848422
178313.8888888889,0.0000008840061704873392
178338.8888888889,-0.0000008859814071282557
178363.8888888889,0.0000008881231190471794
178388.8888888889,-0.0000008901004291406167
178413.8888888889,0.0000008922597476423988
178438.8888888889,-0.0000008942405025358369
178463.8888888889,0.00000089640855160944
178488.8888888889,-0.0000008983958128538916
178513.8888888889,0.000000900580728879774
178538.88888888893,-0.0000009025674319040888
178563.8888888889,0.0000009047658477978615
178588.8888888889,-0.000000906758850227618
178613.8888888889,0.0000009089700812037194
178638.8888888889,-0.0000009109674345975094
178663.8888888889,0.0000009131920399862992
178688.8888888889,-0.0000009151923623385017
178713.8888888889,0.0000009174339858919467
178738.8888888889,-0.000000919438430280195
178763.8888888889,0.0000009216910417109148
178788.8888888889,-0.0000009237015827778805
178813.8888888889,0.0000009259704143449454
178838.8888888889,-0.0000009279840083031843
178863.8888888889,0.0000009302655226139933
178888.88888888893,-0.0000009322839700232066
178913.8888888889,0.0000009345818574590936
178938.8888888889,-0.0000009366039126490477
178963.8888888889,0.0000009389129638215366
178988.8888888889,-0.0000009409412282668228
179013.8888888889,0.0000009432662924080404
179038.8888888889,-0.0000009452969900181074
179063.8888888889,0.0000009476352842430202
179088.8888888889,-0.0000009496712565226773
179113.8888888889,0.0000009520252639561022
179138.8888888889,-0.000000954065727531983
179163.8888888889,0.0000009564316778565285
179188.8888888889,-0.0000009584781679450316
179213.8888888889,0.000000960861363141774
179238.88888888893,-0.000000962910479129775
179263.8888888889,0.0000009653076118443238
179288.8888888889,-0.0000009673632308526692
179313.8888888889,0.0000009697751746085004
179338.8888888889,-0.0000009718363898070237
179363.8888888889,0.0000009742618625185884
179388.8888888889,-0.0000009763264883222433
179413.8888888889,0.0000009787705557151583
179438.8888888889,-0.0000009808399028532477
179463.8888888889,0.0000009832939547038677
179488.8888888889,-0.0000009853709868057337
179513.8888888889,0.000000987843000954669
179538.8888888889,-0.0000009899208686103833
179563.8888888889,0.0000009924075019540624
179588.88888888893,-0.0000009944929038052663
179613.8888888889,0.0000009969935832465637
179638.8888888889,-0.000000999084593500399
179663.8888888889,0.0000010015998233026124
179688.8888888889,-0.0000010036951314518205
179713.8888888889,0.0000010062285336065457
179738.8888888889,-0.0000010083292460993931
179763.8888888889,0.000001010874900675418
179788.8888888889,-0.000001012982983938926
179813.8888888889,0.0000010155460643535008
179838.8888888889,-0.000001017658518343012
179863.8888888889,0.000001020235555593274
179888.8888888889,-0.000001022354170210349
179913.8888888889,0.0000010249488238134319
179938.88888888893,-0.0000010270723724836728
179963.8888888889,0.0000010296795229791655
179988.8888888889,-0.000001031810586304971
180013.8888888889,0.0000010344350349633658
180038.8888888889,-0.0000010365698803749268
180063.8888888889,0.0000010392089131450177
180088.8888888889,-0.0000010413503603867724
180113.8888888889,0.0000010440064042160913
180138.8888888889,-0.0000010461537141015498
180163.8888888889,0.0000010488230948180188
180188.8888888889,-0.0000010509777177425406
180213.8888888889,0.000001053665709349616
180238.8888888889,-0.0000010558243679348323
180263.8888888889,0.0000010585276239982733
180288.8888888889,-0.0000010606941616142507
180313.88888888893,0.0000010634136680121031
180338.8888888889,-0.0000010655871005571527
180363.8888888889,0.0000010683215818652059
180388.8888888889,-0.000001070499896504984
180413.8888888889,0.0000010732542785607535
180438.8888888889,-0.0000010754387360645268
180463.8888888889,0.0000010782046626633957
180488.8888888889,-0.0000010803981389528872
180513.8888888889,0.000001083183432060153
180538.8888888889,-0.0000010853792959952813
180563.8888888889,0.0000010881806296048069
180588.8888888889,-0.0000010903854383848
180613.8888888889,0.0000010932023419840675
180638.8888888889,-0.0000010954142035668468
180663.88888888893,0.0000010982471210230216
180688.8888888889,-0.0000011004648072798773
180713.8888888889,0.00000110331733238489
180738.8888888889,-0.000001105541919566022
180763.8888888889,0.0000011084082285339747
180788.8888888889,-0.000001110641691282055
180813.8888888889,0.0000011135268920270391
180838.8888888889,-0.000001115766287806963
180863.8888888889,0.0000011186669655049997
180888.8888888889,-0.0000011209140924339778
180913.8888888889,0.0000011238338664121272
180938.8888888889,-0.0000011260875329988096
180963.8888888889,0.0000011290213577375141
180988.8888888889,-0.0000011312841432520315
181013.88888888893,0.0000011342367636224537
181038.8888888889,-0.0000011365049938927285
181063.8888888889,0.0000011394737506886798
181088.8888888889,-0.0000011417502439048377
181113.8888888889,0.000001144737497682513
181138.8888888889,-0.0000011470215752762414
181163.8888888889,0.000001150023734020067
181188.8888888889,-0.0000011523167808835666
181213.8888888889,0.0000011553390832919064
181238.8888888889,-0.0000011576379586042407
181263.8888888889,0.00000116067700695055
181288.8888888889,-0.0000011629855392047972
181313.8888888889,0.0000011660424219517296
181338.8888888889,-0.000001168359564873711
181363.88888888893,0.0000011714330045986543
181388.8888888889,-0.0000011737569289849148
181413.8888888889,0.0000011768517089727482
181438.8888888889,-0.000001179183639843373
181463.8888888889,0.0000011822916428094743
181488.8888888889,-0.0000011846343834776007
181513.8888888889,0.000001187763278842624
181538.8888888889,-0.0000011901104195466417
181563.8888888889,0.0000011932568930728138
181588.8888888889,-0.000001195614864890615
181613.8888888889,0.0000011987785446532229
181638.8888888889,-0.0000012011454963989365
181663.8888888889,0.0000012043267665351465
181688.8888888889,-0.0000012067015573435924
181713.88888888893,0.000001209903986998384
181738.8888888889,-0.000001212287670249168
181763.8888888889,0.000001215505528673333
181788.8888888889,-0.000001217900092775892
181813.8888888889,0.0000012211384292637462
181838.8888888889,-0.0000012235409909688855
181863.8888888889,0.0000012267964459855563
181888.8888888889,-0.0000012292088147347613
181913.8888888889,0.000001232484974522663
181938.8888888889,-0.0000012349059961280773
181963.8888888889,0.0000012381978906628177
181988.8888888889,-0.0000012406301463929736
182013.8888888889,0.0000012439424728061255
182038.8888888889,-0.0000012463823457764533
182063.88888888893,0.0000012497125041477375
182088.8888888889,-0.0000012521628141026753
182113.8888888889,0.0000012555131068126002
182138.8888888889,-0.0000012579732369122354
182163.8888888889,0.0000012613401572103555
182188.8888888889,-0.0000012638114306184889
182213.8888888889,0.0000012672001910019048
182238.8888888889,-0.0000012696796019007195
182263.8888888889,0.0000012730867591237427
182288.8888888889,-0.0000012755781260143095
182313.8888888889,0.0000012790048746769145
182338.8888888889,-0.000001281507092887324
182363.8888888889,0.0000012849521577873446
182388.8888888889,-0.0000012874635819670743
182413.88888888893,0.0000012909316122744485
182438.8888888889,-0.0000012934534376896067
182463.8888888889,0.0000012969365512649489
182488.8888888889,-0.0000012994715175018712
182513.8888888889,0.000001302977238992753
182538.8888888889,-0.0000013055191572242109
182563.8888888889,0.0000013090441846053125
182588.8888888889,-0.0000013115993735546283
182613.8888888889,0.0000013151434321567734
182638.8888888889,-0.000001317710088377666
182663.8888888889,0.000001321273504606424
182688.8888888889,-0.000001323850582268804
182713.8888888889,0.0000013274369017324261
182738.8888888889,-0.0000013300254428916247
182763.88888888893,0.0000013336290218823876
182788.8888888889,-0.0000013362310404829714
182813.8888888889,0.000001339856872117906
182838.8888888889,-0.0000013424695533004183
182863.8888888889,0.000001346114328226733
182888.8888888889,-0.0000013487395060796104
182913.8888888889,0.0000013524067770109838
182938.8888888889,-0.0000013550433455300492
182963.8888888889,0.0000013587282119420507
182988.8888888889,-0.0000013613787686050927
183013.8888888889,0.0000013650858798897048
183038.8888888889,-0.0000013677468750916688
183063.8888888889,0.0000013714736863956745
183088.8888888889,-0.0000013741479560902548
183113.88888888893,0.0000013778967109523421
183138.8888888889,-0.0000013805837113523012
183163.8888888889,0.00000138435098429035
183188.8888888889,-0.0000013870519892655864
183213.8888888889,0.0000013908429696840585
183238.8888888889,-0.00000139355511685757
183263.8888888889,0.000001397366313549142
183288.8888888889,-0.0000014000934247526686
183313.8888888889,0.0000014039261384546364
183338.8888888889,-0.0000014066670601664555
183363.8888888889,0.0000014105200198955004
183388.8888888889,-0.0000014132732955030036
183413.8888888889,0.0000014171510234195495
183438.8888888889,-0.0000014199178279827862
183463.88888888893,0.0000014238126735399703
183488.8888888889,-0.000001426595690467991
183513.8888888889,0.0000014305150461968452
183538.8888888889,-0.0000014333083071527142
183563.8888888889,0.0000014372488883473977
183588.8888888889,-0.0000014400586090257406
183613.8888888889,0.0000014440202447119077
183638.8888888889,-0.0000014468446709603455
183663.8888888889,0.000001450827641136243
183688.8888888889,-0.0000014536658214936438
183713.8888888889,0.000001457673661775516
183738.8888888889,-0.0000014605266294154262
183763.8888888889,0.0000014645537911306405
183788.8888888889,-0.0000014674235859768459
183813.88888888893,0.0000014714750222744044
183838.88888888893,-0.0000014743588945265174
183863.8888888889,0.000001478431358670207
183888.8888888889,-0.000001481331165509303
183913.8888888889,0.000001485428193559457
183938.8888888889,-0.0000014883428740564142
183963.8888888889,0.0000014924596474230611
183988.8888888889,-0.0000014953918137106115
184013.8888888889,0.0000014995329540301583
184038.8888888889,-0.0000015024791173434693
184063.8888888889,0.0000015066421497067495
184088.8888888889,-0.0000015096051604324146
184113.8888888889,0.0000015137922884100874
184138.8888888889,-0.0000015167716720387858
184163.8888888889,0.000001520979566294045
184188.88888888893,-0.0000015239765458474608
184213.8888888889,0.0000015282103917879652
184238.8888888889,-0.0000015312222430008404
184263.8888888889,0.0000015354785176668884
184288.8888888889,-0.0000015385090650354982
184313.8888888889,0.0000015427891915109626
184338.8888888889,-0.0000015458372311094593
184363.8888888889,0.0000015501399579509467
184388.8888888889,-0.0000015532042176857885
184413.8888888889,0.0000015575339595841342
184438.8888888889,-0.000001560615595641579
184463.8888888889,0.000001564964940525826
184488.8888888889,-0.0000015680665845785313
184513.8888888889,0.0000015724428130692303
184538.88888888893,-0.000001575558711719438
184563.8888888889,0.000001579958567976547
184588.8888888889,-0.000001583094842994015
184613.8888888889,0.0000015875182701741153
184638.8888888889,-0.0000015906732189208128
184663.8888888889,0.0000015951204646036388
184688.8888888889,-0.0000015982932330960153
184713.8888888889,0.0000016027678351182573
184738.8888888889,-0.0000016059594545314582
184763.8888888889,0.0000016104559663610019
184788.8888888889,-0.0000016136685101475479
184813.8888888889,0.000001618191857621909
184838.8888888889,-0.000001621422646591597
184863.8888888889,0.0000016259696520304345
184888.88888888893,-0.0000016292205753387634
184913.8888888889,0.0000016337947708056078
184938.8888888889,-0.0000016370648199259819
184963.8888888889,0.000001641661472540079
184988.8888888889,-0.0000016449532846962711
185013.8888888889,0.000001649577000994995
185038.8888888889,-0.000001652887155589866
185063.8888888889,0.000001657535537269439
185088.8888888889,-0.0000016608669097806228
185113.8888888889,0.0000016655421313238605
185138.8888888889,-0.0000016688943254017374
185163.8888888889,0.0000016735931600564413
185188.8888888889,-0.0000016769673585326217
185213.8888888889,0.0000016816950014764132
185238.88888888893,-0.000001685088623526454
185263.8888888889,0.0000016898415295951708
185288.8888888889,-0.000001693258413926202
185313.8888888889,0.000001698038138320257
185338.8888888889,-0.0000017014770390400002
185363.8888888889,0.0000017062823620683787
185388.8888888889,-0.0000017097421958212067
185413.8888888889,0.0000017145774411364556
185438.8888888889,-0.0000017180593532284405
185463.8888888889,0.0000017229173556732036
185488.8888888889,-0.0000017264239335901266
185513.8888888889,0.0000017313118823025775
185538.8888888889,-0.000001734837587585858
185563.8888888889,0.000001739752270912831
185588.88888888893,-0.0000017433031400670984
185613.8888888889,0.000001748244631505358
185638.8888888889,-0.0000017518190162935099
185663.8888888889,0.0000017567875505442032
185688.8888888889,-0.000001760384696014583
185713.8888888889,0.000001765383835339307
185738.8888888889,-0.0000017690047739993275
185763.8888888889,0.0000017740291902157423
185788.8888888889,-0.0000017776760310450612
185813.8888888889,0.0000017827306488804595
185838.8888888889,-0.000001786400782188835
185863.8888888889,0.000001791482513668896
185888.8888888889,-0.0000017951778619185177
185913.8888888889,0.0000018002902590907865
185938.88888888893,-0.0000018040098659355408
185963.8888888889,0.0000018091483038329415
185988.8888888889,-0.0000018128948333639983
186013.8888888889,0.0000018180639294040901
186038.8888888889,-0.000001821834026527469
186063.8888888889,0.0000018270314827706358
186088.8888888889,-0.0000018308280509415908
186113.8888888889,0.000001836056038762024
186138.8888888889,-0.000001839878759346547
186163.8888888889,0.000001845134177225205
186188.8888888889,-0.0000018489841955293684
186213.8888888889,0.0000018542722766135
186238.8888888889,-0.0000018581471545875416
186263.8888888889,0.000001863464354157074
186288.88888888893,-0.0000018673679498260043
186313.8888888889,0.0000018727159785125735
186338.8888888889,-0.000001876647008014487
186363.8888888889,0.0000018820247011941404
186388.8888888889,-0.0000018859822712435914
186413.8888888889,0.0000018913938881759407
186438.8888888889,-0.0000018953791407483322
186463.8888888889,0.0000019008177780666102
186488.8888888889,-0.0000019048332653426314
186513.8888888889,0.0000019103060486802548
186538.8888888889,-0.000001914346450249127
186563.8888888889,0.000001919850229903375
186588.8888888889,-0.000001923921511659543
186613.8888888889,0.0000019294565103411543
186638.88888888893,-0.000001933557087774318
186663.8888888889,0.00000193912354840009
186688.8888888889,-0.0000019432527755824935
186713.8888888889,0.0000019488543046009
186738.8888888889,-0.0000019530132304712566
186763.8888888889,0.000001958644632482631
186788.8888888889,-0.000001962835417090858
186813.8888888889,0.0000019685016352521956
186838.8888888889,-0.0000019727217517306883
186863.8888888889,0.000001978419802206588
186888.8888888889,-0.00000198267122430984
186913.8888888889,0.000001988404697783608
186938.8888888889,-0.0000019926865377772884
186963.8888888889,0.0000019984509296300246
186988.88888888893,-0.000002002765898012626
187013.8888888889,0.000002008565854749733
187038.8888888889,-0.000002012910679249913
187063.8888888889,0.0000020187440179508798
187088.8888888889,-0.0000020231216499855265
187113.8888888889,0.000002028990556457444
187138.8888888889,-0.000002033400775536265
187163.8888888889,0.0000020393022874820588
187188.8888888889,-0.0000020437462224798253
187213.8888888889,0.0000020496856298901633
187238.8888888889,-0.000002054161003739452
187263.8888888889,0.0000020601347785476065
187288.8888888889,-0.0000020646454910178136
187313.8888888889,0.0000020706555170502128
187338.88888888893,-0.000002075200266071775
187363.88888888893,0.0000020812454515350964
187388.8888888889,-0.000002085823552544497
187413.8888888889,0.000002091908115176011
187438.8888888889,-0.0000020965207276901765
187463.8888888889,0.000002102638040346605
187488.8888888889,-0.000002107287702779459
187513.8888888889,0.0000021134448540127693
187538.8888888889,-0.0000021181264784342346
187563.8888888889,0.000002124320402252522
187588.8888888889,-0.000002129039907261543
187613.8888888889,0.0000021352709975719364
187638.8888888889,-0.000002140026880370627
187663.8888888889,0.0000021462954138407042
187688.8888888889,-0.0000021510871548446886
187713.88888888893,0.0000021573968103094643
187738.8888888889,-0.000002162225493540504
187763.8888888889,0.0000021685712319197137
187788.8888888889,-0.000002173439087149731
187813.8888888889,0.0000021798259006722276
187838.8888888889,-0.000002184730500509602
187863.8888888889,0.0000021911555359022117
187888.8888888889,-0.000002196098923823442
187913.8888888889,0.0000022025658419355665
187938.8888888889,-0.000002207547216359629
187963.8888888889,0.0000022140516600099858
187988.8888888889,-0.000002219073796938531
188013.8888888889,0.0000022256204759152354
188038.8888888889,-0.000002230680202330859
188063.88888888893,0.000002237267078042393
188088.8888888889,-0.0000022423674144178563
188113.8888888889,0.0000022489967195227223
188138.8888888889,-0.000002254137562829328
188163.8888888889,0.0000022608065044504855
188188.8888888889,-0.0000022659889886700313
188213.8888888889,0.000002272702948724614
188238.8888888889,-0.0000022779249773119403
188263.8888888889,0.000002284680474362588
188288.8888888889,-0.0000022899460137004723
188313.8888888889,0.0000022967451360766944
188338.8888888889,-0.0000023020528900907777
188363.8888888889,0.0000023088946505822605
188388.8888888889,-0.0000023142441654133705
188413.88888888893,0.000002321132774207868
188438.8888888889,-0.0000023265252555582094
188463.8888888889,0.000002333454386826972
188488.8888888889,-0.00000233889238909768
188513.8888888889,0.0000023458691300604073
188538.8888888889,-0.0000023513478220049677
188563.8888888889,0.0000023583692185802363
188588.8888888889,-0.000002363894507917408
188613.8888888889,0.0000023709611536304465
188638.8888888889,-0.000002376531651027136
188663.8888888889,0.0000023836438864943688
188688.8888888889,-0.000002389259231350138
188713.8888888889,0.000002396420838879365
188738.8888888889,-0.0000024020821882686505
188763.88888888893,0.0000024092883090798267
188788.8888888889,-0.000002414998000466184
188813.8888888889,0.0000024222537082785323
188838.8888888889,-0.000002428009450605728
188863.8888888889,0.0000024353120486875213
188888.8888888889,-0.0000024411159962323126
188913.8888888889,0.000002448469245575069
188938.8888888889,-0.000002454320723765946
188963.8888888889,0.0000024617204399390857
188988.8888888889,-0.000002467622334911823
189013.8888888889,0.000002475073322294463
189038.8888888889,-0.000002481022601363847
189063.8888888889,0.000002488522993004949
189088.8888888889,-0.0000024945227927730684
189113.88888888893,0.000002502074899490836
189138.8888888889,-0.0000025081252792436004
189163.8888888889,0.0000025157265048925126
189188.8888888889,-0.0000025218286514583355
189213.8888888889,0.0000025294845045209513
189238.8888888889,-0.0000025356365462858577
189263.8888888889,0.0000025433436223742945
189288.8888888889,-0.0000025495496425165243
189313.8888888889,0.000002557310267325974
189338.8888888889,-0.000002563569023283918
189363.8888888889,0.0000025713823481599007
189388.8888888889,-0.0000025776936631860536
189413.8888888889,0.000002585563929402568
189438.8888888889,-0.000002591929104900359
189463.88888888893,0.000002599850319473518
189488.8888888889,-0.0000026062719771235976
189513.8888888889,0.0000026142512692395314
189538.8888888889,-0.00000262072487888787
189563.8888888889,0.0000026287594452334417
189588.8888888889,-0.000002635290957231362
189613.8888888889,0.000002643381631584063
189638.8888888889,-0.0000026499698182469444
189663.8888888889,0.0000026581170504691443
189688.8888888889,-0.0000026647617590302985
189713.8888888889,0.0000026729694808658166
189738.8888888889,-0.0000026796719923005696
189763.8888888889,0.0000026879355696785012
189788.8888888889,-0.0000026946983808784353
189813.88888888893,0.000002703023019634543
189838.8888888889,-0.0000027098440245065802
189863.8888888889,0.0000027182272328563073
189888.8888888889,-0.0000027251087488799897
189913.8888888889,0.000002733554441469721
189938.8888888889,-0.0000027404959721533118
189963.8888888889,0.000002749000187485251
189988.8888888889,-0.000002756004783499577
190013.8888888889,0.0000027645724769431723
190038.8888888889,-0.0000027716372978936477
190063.8888888889,0.000002780266828761313
190088.8888888889,-0.0000027873951826684618
190113.8888888889,0.0000027960889978917436
190138.8888888889,-0.000002803281162755411
190163.88888888893,0.000002812036919985772
190188.8888888889,-0.00000281929419299054
190213.8888888889,0.000002828117587894141
190238.8888888889,-0.0000028354383798667726
190263.8888888889,0.0000028443261441690737
190288.8888888889,-0.00000285171471725576
190313.8888888889,0.0000028606694744137684
190338.8888888889,-0.0000028681247017381395
190363.8888888889,0.0000028771458029375196
190388.8888888889,-0.000002884667847258271
190413.8888888889,0.00000289375963014038
190438.8888888889,-0.0000029013499551755473
190463.8888888889,0.000002910506817555003
190488.8888888889,-0.000002918168181764713
190513.88888888893,0.0000029273973631838146
190538.8888888889,-0.0000029351256043419482
190563.8888888889,0.000002944424515094468
190588.8888888889,-0.0000029522257023462117
190613.8888888889,0.0000029615954808548395
190638.8888888889,-0.0000029694686225489875
190663.8888888889,0.0000029789098945354198
190688.8888888889,-0.0000029868551212342
190713.8888888889,0.000002996372037156192
190738.8888888889,-0.0000030043908341159664
190763.8888888889,0.0000030139790487826446
190788.8888888889,-0.000003022074154479526
190813.8888888889,0.0000030317390773415553
190838.8888888889,-0.0000030399086539123488
190863.88888888893,0.000003049648066300037
190888.88888888893,-0.000003057894681246509
190913.8888888889,0.0000030677127240696933
190938.8888888889,-0.0000030760361462434105
190963.8888888889,0.000003085929150881128
190988.8888888889,-0.0000030943326876364807
191013.8888888889,0.0000031043058370539
191038.8888888889,-0.0000031127869302149946
191063.8888888889,0.0000031228388845949695
191088.8888888889,-0.0000031314011108563022
191113.8888888889,0.000003141534531847512
191138.8888888889,-0.000003150178483402044
191163.8888888889,0.0000031603913599465017
191188.8888888889,-0.0000031691185440330116
191213.88888888893,0.0000031794168442456083
191238.88888888893,-0.000003188226052053267
191263.8888888889,0.0000031986067259293094
191288.8888888889,-0.000003207502502933224
191313.8888888889,0.0000032179685593991536
191338.8888888889,-0.000003226949997214845
191363.8888888889,0.000003237501075670224
191388.8888888889,-0.0000032465687802574195
191413.8888888889,0.000003257209409968098
191438.8888888889,-0.0000032663651154951623
191463.8888888889,0.000003277090175890507
191488.8888888889,-0.000003286336887731167
191513.8888888889,0.0000032971538312942528
191538.8888888889,-0.0000033064878606214876
191563.8888888889,0.0000033173944116171583
191588.88888888893,-0.0000033268220627213907
191613.8888888889,0.0000033378197683564537
191638.8888888889,-0.000003347340397530374
191663.8888888889,0.0000033584301686317986
191688.8888888889,-0.0000033680443047856556
191713.8888888889,0.0000033792306242119707
191738.8888888889,-0.0000033889400747888487
191763.8888888889,0.000003400218998361737
191788.8888888889,-0.0000034100268637704545
191813.8888888889,0.000003421404126457972
191838.8888888889,-0.0000034313089558590804
191863.8888888889,0.00000344278273223253
191888.8888888889,-0.000003452787467939089
191913.8888888889,0.0000034643622537355867
191938.88888888893,-0.000003474467055619712
191963.8888888889,0.0000034861396014385093
191988.8888888889,-0.00000349634816254607
192013.8888888889,0.0000035081240148393533
192038.8888888889,-0.000003518434189109243
192063.8888888889,0.0000035303124443775147
192088.8888888889,-0.000003540728212181321
192113.8888888889,0.000003552711888010762
192138.8888888889,-0.0000035632342934022176
192163.8888888889,0.000003575321852133939
192188.8888888889,-0.0000035859527534043423
192213.8888888889,0.0000035981505852600293
192238.8888888889,-0.0000036088892971797293
192263.8888888889,0.0000036211947203046435
192288.88888888893,-0.0000036320462213357274
192313.8888888889,0.000003644462783114477
192338.8888888889,-0.000003655426535464912
192363.8888888889,0.0000036679543222728483
192388.8888888889,-0.000003679031529202348
192413.8888888889,0.0000036916754249105566
192438.8888888889,-0.0000037028682533524204
192463.8888888889,0.0000037156237784330415
192488.8888888889,-0.0000037269356472080517
192513.8888888889,0.000003739810640501773
192538.8888888889,-0.0000037512384998272807
192563.8888888889,0.0000037642311703223186
192588.8888888889,-0.0000037757817381578462
192613.8888888889,0.000003788894216372185
192638.88888888893,-0.0000038005673763663594
192663.8888888889,0.000003813801039864728
192688.8888888889,-0.0000038255979024626185
192713.8888888889,0.0000038389577514674755
192738.8888888889,-0.000003850880637923382
192763.8888888889,0.000003864363314232122
192788.8888888889,-0.0000038764158831749995
192813.8888888889,0.000003890027642672322
192838.8888888889,-0.000003902209030126613
192863.8888888889,0.000003915948636468158
192888.8888888889,-0.000003928262366281743
192913.8888888889,0.000003942134872980674
192938.8888888889,-0.00000395458170787677
192963.8888888889,0.000003968584490143812
192988.88888888893,-0.000003981168728239837
193013.8888888889,0.000003995307910065193
193038.8888888889,-0.000004008028039237388
193063.8888888889,0.00000402230337037679
193088.8888888889,-0.0000040351640056002225
193113.8888888889,0.000004049579084952626
193138.8888888889,-0.000004062581957731126
193163.8888888889,0.00000407713594863246
193188.8888888889,-0.000004090283510560511
193213.8888888889,0.000004104983465591516
193238.8888888889,-0.0000041182758003799336
193263.8888888889,0.000004133119646310135
193288.8888888889,-0.0000041465624216474595
193313.8888888889,0.000004161554496118214
193338.88888888893,-0.000004175147804375001
193363.8888888889,0.000004190288896754879
193388.8888888889,-0.000004204034804056178
193413.8888888889,0.000004219330421273426
193438.8888888889,-0.00000423323180065438
193463.8888888889,0.00000424867837267584
193488.8888888889,-0.0000042627393377348
193513.8888888889,0.000004278345375752224
193538.8888888889,-0.000004292563799301874
193563.8888888889,0.000004308328284574614
193588.8888888889,-0.000004322711596005391
193613.8888888889,0.000004338637541234647
193638.8888888889,-0.0000043531864513113305
193663.8888888889,0.000004369276008553413
193688.88888888893,-0.00000438399251767585
193713.8888888889,0.0000044002515233732
193738.8888888889,-0.0000044151387843527345
193763.8888888889,0.000004431564790685627
193788.8888888889,-0.000004446627345888743
193813.8888888889,0.000004463227468054498
193838.8888888889,-0.0000044784653723262124
193863.8888888889,0.000004495239308122123
193888.8888888889,-0.000004510657010570185
193913.8888888889,0.000004527610729665454
193938.8888888889,-0.000004543209947138749
193963.8888888889,0.000004560341813508728
193988.8888888889,-0.000004576127812017106
194013.8888888889,0.000004593444907996513
194038.88888888893,-0.0000046094171786137395
194063.8888888889,0.000004626920296013637
194088.8888888889,-0.000004643084472233383
194113.8888888889,0.0000046607781913898805
194138.8888888889,-0.000004677137085185024
194163.8888888889,0.000004695021682099565
194188.8888888889,-0.000004711578743377132
194213.8888888889,0.000004729662358649023
194238.8888888889,-0.000004746418855949841
194263.8888888889,0.000004764700459958249
194288.8888888889,-0.00000478166318162998
194313.8888888889,0.000004800148350136979
194338.8888888889,-0.000004817318460359488
194363.8888888889,0.000004836009147579645
194388.88888888893,-0.000004853390029646576
194413.88888888893,0.000004872292841406889
194438.8888888889,-0.000004889888546522059
194463.8888888889,0.000004909001306563354
194488.8888888889,-0.000004926817128492189
194513.8888888889,0.000004946149525730803
194538.8888888889,-0.000004964184756817147
194563.8888888889,0.000004983737059927051
194588.8888888889,-0.000005002000359688452
194613.8888888889,0.000005021776994240668
194638.8888888889,-0.000005040270432798977
194663.8888888889,0.000005060274872459303
194688.8888888889,-0.000005079001887953183
194713.8888888889,0.000005099241370487562
194738.88888888893,-0.0000051182065143873245
194763.88888888893,0.000005138680078120572
194788.8888888889,-0.000005157889362505941
194813.8888888889,0.0000051786055810243425
194838.8888888889,-0.0000051980605815238334
194863.8888888889,0.000005219020699609445
194888.8888888889,-0.000005238727413425792
194913.8888888889,0.000005259938952395515
194938.8888888889,-0.000005279900691768091
194963.8888888889,0.000005301363654064417
194988.8888888889,-0.0000053215873179190964
195013.8888888889,0.000005343310419458902
195038.8888888889,-0.0000053637971837439125
195063.8888888889,0.000005385782950284579
195088.88888888893,-0.0000054065401746683506
195113.88888888893,0.000005428794884965171
195138.8888888889,-0.000005449827190417977
195163.8888888889,0.000005472352970103955
195188.8888888889,-0.000005493665556910443
195213.8888888889,0.0000055164723993250675
195238.8888888889,-0.000005538068495347659
195263.8888888889,0.000005561157199407418
195288.8888888889,-0.000005583045515900054
195313.8888888889,0.000005606423709059172
195338.8888888889,-0.000005628607308461042
195363.8888888889,0.000005652278948220513
195388.8888888889,-0.0000056747633832010536
195413.8888888889,0.000005698737043813296
195438.8888888889,-0.000005721528424151856
195463.88888888893,0.00000574580421508486
195488.8888888889,-0.000005768909926429089
195513.8888888889,0.0000057934996446906695
195538.8888888889,-0.000005816921333279268
195563.8888888889,0.00000584182749130413
195588.8888888889,-0.000005865576021113483
195613.8888888889,0.000005890805446107095
195638.8888888889,-0.0000059148852464829815
195663.8888888889,0.000005940443759566705
195688.8888888889,-0.00000596486074044833
195713.8888888889,0.000005990758040086419
195738.8888888889,-0.0000060155192225241905
195763.8888888889,0.000006041756926089548
195788.8888888889,-0.000006066870897658561
195813.88888888893,0.00000609346017332868
195838.8888888889,-0.000006118931171528175
195863.8888888889,0.000006145875981466986
195888.8888888889,-0.000006171712734870383
195913.8888888889,0.000006199023365960343
195938.8888888889,-0.000006225232004331005
195963.8888888889,0.000006252911351145585
195988.8888888889,-0.000006279501671979659
196013.8888888889,0.000006307561384977234
196038.8888888889,-0.000006334537556496045
196063.8888888889,0.000006362983240082443
196088.8888888889,-0.000006390355704155581
196113.8888888889,0.000006419196728169041
196138.8888888889,-0.00000644697331808608
196163.88888888893,0.000006476215097528382
196188.8888888889,-0.000006504404217899662
196213.8888888889,0.000006534060094098848
196238.8888888889,-0.00000656266843579445
196263.8888888889,0.000006592742580524558
196288.8888888889,-0.0000066217823404546294
196313.8888888889,0.000006652286033581589
196338.8888888889,-0.0000066817637878191505
196363.8888888889,0.00000671270464880358
196388.8888888889,-0.000006742629795386534
196413.8888888889,0.000006774020086641741
196438.8888888889,-0.000006804402533644449
196463.8888888889,0.000006836246427610604
196488.8888888889,-0.00000686709745556513
196513.88888888893,0.000006899410706528997
196538.8888888889,-0.000006930736184296293
196563.8888888889,0.000006963525460257358
196588.8888888889,-0.0000069953403991629415
196613.8888888889,0.0000070286169131517084
196638.8888888889,-0.000007060930115931896
196663.8888888889,0.000007094704094212645
196688.8888888889,-0.0000071275260333791834
196713.8888888889,0.000007161811771405624
196738.8888888889,-0.000007195154108741164
196763.8888888889,0.0000072299580158308174
196788.8888888889,-0.000007263834169490835
196813.8888888889,0.000007299172309682689
196838.8888888889,-0.000007333591519831373
196863.88888888893,0.000007369472957652334
196888.8888888889,-0.000007404449116954481
196913.8888888889,0.0000074408893857569325
196938.8888888889,-0.000007476433968145457
196963.8888888889,0.000007513441427020595
196988.8888888889,-0.000007549569756015728
197013.8888888889,0.000007587161667155229
197038.8888888889,-0.00000762388363195754
197063.8888888889,0.00000766207145685982
197088.8888888889,-0.000007699403421268514
197113.8888888889,0.000007738202512541648
197138.8888888889,-0.00000777615847336044
197163.8888888889,0.000007815580538972355
197188.8888888889,-0.000007854175174459854
197213.88888888893,0.000007894240033001765
197238.8888888889,-0.000007933486689593039
197263.8888888889,0.000007974205135097279
197288.8888888889,-0.000008014122819588465
197313.8888888889,0.000008055513170512896
197338.8888888889,-0.00000809611542984534
197363.8888888889,0.000008138192490569907
197388.8888888889,-0.00000817949616616076
197413.8888888889,0.000008222279558767198
197438.8888888889,-0.000008264302105542853
197463.8888888889,0.000008307803882390274
197488.8888888889,-0.000008350564380865677
197513.8888888889,0.000008394808238998408
197538.8888888889,-0.000008438320843406899
197563.88888888893,0.000008483321753516293
197588.8888888889,-0.000008527609863362429
197613.8888888889,0.000008573387748844752
197638.8888888889,-0.000008618468956278491
197663.8888888889,0.000008665042958044822
197688.8888888889,-0.000008710936901357158
197713.8888888889,0.000008758330618086063
197738.8888888889,-0.000008805058402838739
197763.8888888889,0.00000885328793831519
197788.8888888889,-0.000008900872824124662
197813.8888888889,0.000008949964260596133
197838.8888888889,-0.000008998425715667224
197863.8888888889,0.00000904839856374906
197888.8888888889,-0.00000909776110247229
197913.88888888893,0.000009148641722633855
197938.88888888893,-0.000009198927860110118
197963.8888888889,0.000009250735900856455
197988.8888888889,-0.000009301972438313655
198013.8888888889,0.000009354736864253255
198038.8888888889,-0.00000940694562645561
198063.8888888889,0.00000946069011731332
198088.8888888889,-0.000009513899889457278
198113.8888888889,0.00000956865243018079
198138.8888888889,-0.000009622890165150721
198163.8888888889,0.000009678675709112738
198188.8888888889,-0.000009733969462688563
198213.8888888889,0.000009790821580368814
198238.8888888889,-0.000009847198784829203
198263.88888888893,0.000009905142499322395
198288.88888888893,-0.000009962636750238119
198313.8888888889,0.00001002170538177971
198338.8888888889,-0.000010080345336893615
198363.8888888889,0.000010140569210337347
198388.8888888889,-0.000010200387679182299
198413.8888888889,0.000010261802507072204
198438.8888888889,-0.000010322833422504729
198463.8888888889,0.00001038546828002751
198488.8888888889,-0.000010447747880837355
198513.8888888889,0.000010511643994570719
198538.8888888889,-0.000010575204526741544
198563.8888888889,0.000010640395215810727
198588.8888888889,-0.000010705278756795167
198613.88888888893,0.000010771803190534612
198638.88888888893,-0.000010838046910155441
198663.8888888889,0.000010905944197503459
198688.8888888889,-0.000010973588222995545
198713.8888888889,0.00001104290286546572
198738.8888888889,-0.00001111198963266169
198763.8888888889,0.000011182759604322356
198788.8888888889,-0.000011253334696315065
198813.8888888889,0.000011325608889167782
198838.8888888889,-0.000011397715113492524
198863.8888888889,0.000011471536917939673
198888.8888888889,-0.000011545223191022913
198913.8888888889,0.000011620643920240425
198938.8888888889,-0.000011695958284541064
198963.88888888893,0.000011773023722794207
198988.88888888893,-0.000011850019695502922
199013.8888888889,0.000011928786131543134
199038.8888888889,-0.00001200751350172169
199063.8888888889,0.000012088033270352128
199088.8888888889,-0.000012168550118651922
199113.8888888889,0.000012250881143316406
199138.8888888889,-0.000012333245146489702
199163.8888888889,0.000012417443849388476
199188.8888888889,-0.000012501715157764437
199213.8888888889,0.000012587848068124075
199238.8888888889,-0.000012674087924047228
199263.8888888889,0.00001276221453494486
199288.8888888889,-0.000012850491921456708
199313.8888888889,0.000012940681904494156
199338.88888888893,-0.000013031062525481474
199363.8888888889,0.000013123384249524861
199388.8888888889,-0.000013215940031452433
199413.8888888889,0.000013310469076710518
199438.8888888889,-0.000013405274870370576
199463.8888888889,0.000013502082438332508
199488.8888888889,-0.000013599217456139456
199513.8888888889,0.000013698388833693897
199538.8888888889,-0.00001379793069000712
199563.8888888889,0.000013899545583173634
199588.8888888889,-0.000014001583876543933
199613.8888888889,0.00001410573035443008
199638.8888888889,-0.000014210352339061316
199663.8888888889,0.00001431712085619985
199688.88888888893,-0.000014424419432668145
199713.8888888889,0.000014533908610614432
199738.8888888889,-0.000014643981731454758
199763.8888888889,0.000014756286591754986
199788.8888888889,-0.000014869238380788019
199813.8888888889,0.0000149844679084854
199838.8888888889,-0.000015100402897871845
199863.8888888889,0.000015218663890648187
199888.8888888889,-0.00001533769611072877
199913.8888888889,0.00001545910676781226
199938.8888888889,-0.00001558135298607155
199963.8888888889,0.000015706029734996463
199988.8888888889,-0.000015831616049899466
200013.8888888889,0.00001595968977508022
200038.88888888893,-0.000016088742660125277
200063.8888888889,0.000016220344580819557
200088.8888888889,-0.000016353003201796668
200113.8888888889,0.000016488274586778928
200138.8888888889,-0.000016624682424914994
200163.8888888889,0.000016763767984429023
200188.8888888889,-0.000016904075900381343
200213.8888888889,0.000017047135610237518
200238.8888888889,-0.000017191501073821058
200263.8888888889,0.00001733869332420923
200288.8888888889,-0.00001748728721651105
200313.8888888889,0.000017638786703910725
200338.8888888889,-0.000017791782686016333
200363.8888888889,0.00001794776906649531
200388.88888888893,-0.000018105353838171467
200413.8888888889,0.00001826602073018435
200438.8888888889,-0.000018428390834213104
200463.8888888889,0.00001859393504610729
200488.8888888889,-0.000018761298963054784
200513.8888888889,0.00001893193906488122
200538.8888888889,-0.000019104512031908882
200563.8888888889,0.000019280469531812727
200588.8888888889,-0.00001945848737294753
200613.8888888889,0.00001964000135856736
200638.8888888889,-0.000019823707084754005
200663.8888888889,0.000020011028726507618
200688.8888888889,-0.000020200681231541395
200713.8888888889,0.000020394080499253064
200738.88888888893,-0.000020589954652816544
200763.8888888889,0.00002078970935515123
200788.8888888889,-0.00002099209809292013
200813.8888888889,0.000021198512292874838
200838.8888888889,-0.00002140772177106065
200863.8888888889,0.000021621110690706047
200888.8888888889,-0.00002183747041906159
200913.8888888889,0.000022058175074501918
200938.8888888889,-0.000022282032290377174
200963.8888888889,0.00002251040755196776
200988.8888888889,-0.000022742135070918934
201013.8888888889,0.000022978567154829932
201038.8888888889,-0.000023218555771586935
201063.8888888889,0.000023463449614569143
201088.88888888893,-0.000023712121949515108
201113.8888888889,0.000023965912391732402
201138.8888888889,-0.000024223716184046395
201163.8888888889,0.000024486863264172598
201188.8888888889,-0.00002475427612491643
201213.8888888889,0.000025027278704126132
201238.8888888889,-0.0000253048096168218
201263.8888888889,0.00002558819056042161
201288.8888888889,-0.000025876388681123075
201313.8888888889,0.000026170715374806974
201338.8888888889,-0.00002647016182910633
201363.8888888889,0.00002677603712042398
201388.8888888889,-0.0000270873582970399
201413.8888888889,0.000027405432386995443
201438.88888888893,-0.000027729299374890104
201463.88888888893,0.000028060262529994162
201488.8888888889,-0.000028397396693247146
201513.8888888889,0.000028742000917736377
201538.8888888889,-0.00002909317264099265
201563.8888888889,0.000029452217017222893
201588.8888888889,-0.00002981826331605042
201613.8888888889,0.00003019261307768417
201638.8888888889,-0.0000305744290656218
201663.8888888889,0.00003096501476296254
201688.8888888889,-0.00003136356748578706
201713.8888888889,0.000031771397328572704
201738.8888888889,-0.00003218773152080523
201763.8888888889,0.0000326138864985559
201788.88888888893,-0.00003304913324342351
201813.88888888893,0.000033494792347266156
201838.8888888889,-0.00003395017146212709
201863.8888888889,0.000034416604345999247
201888.8888888889,-0.00003489344269480554
201913.8888888889,0.00003538203295083697
201938.8888888889,-0.000035881768023715566
201963.8888888889,0.00003639401106125817
201988.8888888889,-0.00003691820923790168
202013.8888888889,0.00003745574079982994
202038.8888888889,-0.00003800610149973238
202063.8888888889,0.00003857069762069898
202088.8888888889,-0.000039149080524492064
202113.8888888889,0.000039742682825361086
202138.88888888893,-0.000040351116340042736
202163.88888888893,0.0000409758436601404
202188.8888888889,-0.000041616546801570564
202213.8888888889,0.00004227472715578884
202238.8888888889,-0.00004295013101685008
202263.8888888889,0.00004364430775716244
202288.8888888889,-0.000044357086635082865
202313.8888888889,0.000045090063406805214
202338.8888888889,-0.000045843152426394695
202363.8888888889,0.00004661801152772149
202388.8888888889,-0.000047414649992028046
202413.8888888889,0.000048234796216073406
202438.8888888889,-0.000049078560946380634
202463.8888888889,0.000049947751447732
202488.88888888893,-0.0000508426021299524
202513.88888888893,0.00005176501034531711
202538.8888888889,-0.00005271533443673704
202563.8888888889,0.00005369558519796591
202588.8888888889,-0.00005470626863535166
202613.8888888889,0.000055749515015524054
202638.8888888889,-0.00005682599627498952
202663.8888888889,0.00005793798596309685
202688.8888888889,-0.000059086342858005736
202713.8888888889,0.00006027350973081269
202738.8888888889,-0.00006150055077047689
202763.8888888889,0.00006277010298383345
202788.8888888889,-0.00006408347715303186
202813.8888888889,0.00006544353215010013
202838.8888888889,-0.00006685185076427125
202863.88888888893,0.00006831155815123502
202888.8888888889,-0.00006982455511184149
202913.8888888889,0.00007139427481761551
202938.8888888889,-0.0000730229794363435
202963.8888888889,0.00007471446474127674
202988.8888888889,-0.00007647142271971497
203013.8888888889,0.00007829807094594798
203038.8888888889,-0.00008019759236255197
203063.8888888889,0.00008217471282656597
203088.8888888889,-0.00008423319416528408
203113.8888888889,0.0000863783580513644
203138.8888888889,-0.00008861464876619429
203163.8888888889,0.00009094809638376944
203188.8888888889,-0.00009338395797198196
203213.88888888893,0.00009592911490141631
203238.8888888889,-0.00009858977970611527
203263.8888888889,0.00010137385934938514
203288.8888888889,-0.0001042887249551594
203313.8888888889,0.00010734351296237676
203338.8888888889,-0.00011054698457635403
203363.8888888889,0.00011390977878678044
203388.8888888889,-0.0001174423450966966
203413.8888888889,0.00012115715712934794
203438.8888888889,-0.00012506672415302234
203463.8888888889,0.0001291857741156921
203488.8888888889,-0.00013352936268185012
203513.8888888889,0.0001381150099062367
203538.8888888889,-0.0001429609156646805
203563.88888888893,0.0001480880946618246
203588.8888888889,-0.0001535186895100793
203613.8888888889,0.00015927810111637797
203638.8888888889,-0.00016539344721766547
203663.8888888889,0.00017189570391118458
203688.8888888889,-0.0001788183270674537
203713.8888888889,0.00018619944377462616
203738.8888888889,-0.0001940806620799318
203763.8888888889,0.00020250937133314828
203788.8888888889,-0.00021153780456195648
203813.8888888889,0.00022122548480862925
203838.8888888889,-0.0002316386328360398
203863.8888888889,0.00024285288053449428
203888.8888888889,-0.0002549531296656138
203913.88888888893,0.0002680366790688282
203938.8888888889,-0.0002822137303131189
203963.8888888889,0.0002976111761991973
203988.8888888889,-0.00031437405545564623
204013.8888888889,0.00033267035894013475
204038.8888888889,-0.00035269392834735847
204063.8888888889,0.0003746709245138202
204088.8888888889,-0.0003988649486326157
204113.8888888889,0.00042558621617949655
204138.8888888889,-0.000455200289253721
204163.8888888889,0.000488141765222494
204188.8888888889,-0.0005249290556745834
204213.8888888889,0.0005661858582846069
204238.8888888889,-0.0006126664300578621
204263.88888888893,0.0006652910224602682
204288.8888888889,-0.0007251902215845707
204313.8888888889,0.0007937664329311644
204338.8888888889,-0.0008727746740659903
204363.8888888889,0.000964435377938333
204388.8888888889,-0.001071588977815674
204413.8888888889,0.0011979163173825302
204438.8888888889,-0.0013482535468127832
204463.8888888889,0.0015290561371448241
204488.8888888889,-0.001749093261367296
204513.8888888889,0.0020205186070882952
204538.8888888889,-0.0023605655887444232
204563.8888888889,0.002794327145737574
204588.8888888889,-0.0033594904043248164
204613.88888888893,0.004114785833545298
204638.8888888889,-0.005155917336627347
204663.8888888889,0.006647709168612348
204688.8888888889,-0.00889475331393208
204713.8888888889,0.012514942749140445
204738.8888888889,-0.018935822199490415
204763.8888888889,0.03217167607536098
204788.8888888889,-0.06811080674907699
